{"type":"FeatureCollection","features":[{"type":"Feature","geometry":{"type":"Polygon","coordinates":[[[-123.36971834971632,46.094803107796913],[-123.3700542378859,46.095072119067403],[-123.37009300917356,46.095132893950954],[-123.3703183587491,46.095486146324134],[-123.37080376880276,46.095907310607714],[-123.37131773180775,46.096000109233003],[-123.3716817902463,46.095664605293273],[-123.37186441774357,46.095381967487292],[-123.37198160207407,46.095200610273977],[-123.37212436952552,46.094893659426809],[-123.3725231164088,46.094437006936772],[-123.37277874370099,46.094230496535445],[-123.37329127389307,46.093816439293761],[-123.37342005188064,46.093546656272373],[-123.37355087712871,46.093377988495121],[-123.37384165819292,46.09300309114785],[-123.37452267280645,46.092392255751996],[-123.37455020078004,46.09237085266755],[-123.3750284764137,46.091999004832843],[-123.37540112184809,46.091570903625929],[-123.37594835755283,46.091130927330383],[-123.37684573319918,46.09090334541203],[-123.37726076743687,46.090230411940631],[-123.37734175774624,46.089664666745925],[-123.37775811160907,46.08923549078645],[-123.37840506031037,46.089060188399834],[-123.37874950313642,46.089043039853209],[-123.37900648508807,46.088990691428457],[-123.37909214573862,46.088890754294937],[-123.37884943981345,46.088733710307139],[-123.3784436636131,46.088573978153079],[-123.37826809597566,46.088491668716145],[-123.37748954498352,46.088251635322536],[-123.37670696325071,46.088148828432168],[-123.37564081841701,46.088068165647549],[-123.37500653865615,46.088083627337276],[-123.37431681218099,46.088085200483157],[-123.37339726431682,46.087871431668361],[-123.37263223296974,46.087760246162496],[-123.37239766667938,46.087774143506316],[-123.37221303144744,46.087785082693394],[-123.37164797496406,46.087696447677345],[-123.37138621756839,46.087507786901014],[-123.3712845740923,46.087392143463688],[-123.37112607714019,46.087211817271466],[-123.37108422732604,46.087076311965738],[-123.37107125116175,46.086818207925788],[-123.37107207312023,46.086804902854567],[-123.37109057482185,46.086505684007754],[-123.37119769891947,46.086127635287781],[-123.37131353487872,46.085783505542032],[-123.37188007987056,46.085623437117391],[-123.3722246242062,46.085507778514625],[-123.37266763827002,46.085399472381823],[-123.37290300226437,46.085343757849799],[-123.37310389700292,46.085296205342246],[-123.37338950826266,46.085123468041715],[-123.37376204050932,46.085007122398551],[-123.37395395389167,46.084652105670834],[-123.3739864055313,46.084592083741612],[-123.37420730844617,46.084386790093802],[-123.37469317125075,46.084155534752071],[-123.37475798649513,46.084140810302316],[-123.37510191189156,46.084062682550488],[-123.37518237219491,46.083573133411726],[-123.37520523701384,46.083192259473684],[-123.37518537885617,46.082797797102131],[-123.37546816132109,46.082430088729971],[-123.37551360349806,46.082219318761453],[-123.37546205187884,46.082030416807726],[-123.37533169105974,46.081667904341401],[-123.37514840150415,46.081506592724871],[-123.37496479035165,46.081359412637582],[-123.37487094964213,46.081284190846645],[-123.37466901016289,46.081030691889588],[-123.37444253499827,46.08056812842235],[-123.3747493572785,46.080399744975949],[-123.37565015820103,46.080060851083736],[-123.37601848453551,46.079861710095003],[-123.37639074908419,46.079462561063238],[-123.37670640449861,46.079191563145621],[-123.37704193963026,46.079037101837699],[-123.37733720418608,46.078917752950488],[-123.37735630506396,46.078910681029654],[-123.37761920870996,46.078813354631649],[-123.37803109794582,46.078783799436557],[-123.37819969824993,46.078753950729791],[-123.3786699860641,46.078670688823181],[-123.37906063283843,46.07891469835937],[-123.37949609207072,46.079074723313177],[-123.37986084041543,46.079221845312858],[-123.38012553350548,46.079468927535409],[-123.38023701173729,46.079734378301985],[-123.38033212985115,46.079850515103281],[-123.38055806333161,46.080126359511581],[-123.38089433687846,46.080264423580722],[-123.38114847206893,46.080235410651284],[-123.38143772240393,46.080202388571486],[-123.38179265216257,46.080154709501187],[-123.3824052780335,46.080076351158688],[-123.38284210001009,46.080124184829927],[-123.38306336045446,46.080141140490255],[-123.38351734654117,46.080175938491287],[-123.38432150760373,46.080283047903052],[-123.38489597034648,46.080420148867987],[-123.38547141854106,46.080576728003486],[-123.38594299184439,46.080618823622451],[-123.38646193510932,46.080489102688915],[-123.38695900349873,46.080203885298687],[-123.38713722116627,46.079848456934371],[-123.38717061603694,46.079488967243513],[-123.38757927493104,46.079500805996716],[-123.38795604453088,46.079591439454134],[-123.38829126076062,46.079760727648086],[-123.38829195515832,46.079761113360632],[-123.38829243755363,46.079761395634925],[-123.38836405484136,46.0798088152034],[-123.38851466907684,46.079908538859158],[-123.38864505145548,46.080092580900889],[-123.38869253460479,46.080148770566858],[-123.38883107099127,46.080312706978553],[-123.38926200181622,46.080498746621039],[-123.38957820071138,46.080600531532468],[-123.38964874630898,46.080620335916187],[-123.38981935075448,46.080668227688356],[-123.38997401549355,46.080703919521852],[-123.39014355184217,46.080706894255663],[-123.39031308819082,46.080656330613053],[-123.39062188945962,46.080521594327578],[-123.39086610724939,46.080386106859507],[-123.39099264034704,46.080315908547583],[-123.39133465862012,46.080251353713066],[-123.39173874778437,46.080172792994674],[-123.39201500488707,46.080137933302971],[-123.39250929748228,46.080069640795116],[-123.39272641309994,46.080084390633054],[-123.3927792798527,46.080087983533716],[-123.39312755399339,46.080235468601145],[-123.39335332398052,46.080354754195923],[-123.39361825692072,46.080273359691972],[-123.39401154564032,46.080070233380887],[-123.39459009392095,46.07980638752192],[-123.39485955526852,46.079637503252023],[-123.39506046977,46.079584813153325],[-123.39550566763829,46.079457675759592],[-123.39597680076716,46.079372015254954],[-123.39646148138881,46.079304832834943],[-123.39668946931636,46.079202495310874],[-123.39695869350869,46.079030375769506],[-123.39695968075719,46.0790297426691],[-123.39715687174183,46.078869592335252],[-123.39729149057536,46.078694652696804],[-123.39782885469349,46.07823832471739],[-123.39792879945537,46.077998703471756],[-123.39800445197534,46.077722231512979],[-123.39792182763046,46.077331066998156],[-123.39798741722262,46.077032997581973],[-123.39802629361314,46.076738706621335],[-123.39804330051813,46.076366937236834],[-123.39801873878162,46.075971223358806],[-123.39796957218948,46.075532426307177],[-123.39775292010253,46.075150795167445],[-123.39756461345604,46.074709176692195],[-123.39735460710556,46.074458447483728],[-123.39706188747695,46.074256558598272],[-123.3967851336059,46.074104205424234],[-123.3966410662922,46.073848889913535],[-123.39670769074357,46.073506247167451],[-123.39687901204466,46.073258783646907],[-123.39690756589431,46.07287806909082],[-123.39674576224363,46.072640123418651],[-123.39659347714172,46.072326034707324],[-123.39628890603959,46.072088089147975],[-123.39610806618974,46.071850141939535],[-123.39710058420445,46.071306631615876],[-123.39710621843791,46.070975708343795],[-123.39702650912612,46.070818514887733],[-123.39701876295341,46.070665796361226],[-123.39726257200972,46.070522498103095],[-123.39748751914006,46.070360939512476],[-123.39760852400545,46.070183212612896],[-123.39780402166579,46.070059824109073],[-123.39805304184904,46.070019376985634],[-123.39846643037313,46.070037302383618],[-123.39903415844618,46.069739368700247],[-123.39904510172296,46.069570138261561],[-123.39906442717968,46.069362415423264],[-123.39906740150158,46.069299954949464],[-123.39900494074158,46.06919882790266],[-123.39888001922152,46.069076880005191],[-123.39875509680319,46.069002522113344],[-123.39875212337958,46.06883595939896],[-123.39883243007104,46.068740781013602],[-123.39906740150158,46.068624782251362],[-123.39973664728657,46.068651721508544],[-123.40011130854043,46.068701798800376],[-123.40020246777883,46.068705797552695],[-123.40043033802706,46.068715795678628],[-123.40070847979523,46.068630937446471],[-123.40086534001686,46.068364945884476],[-123.40087584940736,46.068330166611773],[-123.40096129715721,46.068047401828657],[-123.40098282887624,46.067853393630749],[-123.40100499121264,46.067671853040203],[-123.40112923719958,46.067381697362514],[-123.40121024278032,46.067211190106946],[-123.40120443157876,46.067008492511469],[-123.40127325510591,46.066840092618719],[-123.40128817342784,46.066803591541252],[-123.40143586724032,46.066622081154712],[-123.40142894661939,46.066397566223202],[-123.40123139810525,46.066053866261868],[-123.40122732155049,46.066046775864002],[-123.4010739557753,46.065763450897471],[-123.40116637984164,46.065464717534063],[-123.4013895096801,46.065356245530289],[-123.40165325235256,46.065253015147896],[-123.40194270660511,46.065214684922239],[-123.4022535524395,46.065244480493554],[-123.40250766157885,46.065216380884301],[-123.4028596403718,46.065173389071539],[-123.40324101922737,46.065179601370588],[-123.40371353037187,46.065214774052201],[-123.40415006398922,46.065247711608045],[-123.40447335328695,46.06534584914008],[-123.40469191698882,46.065412239531639],[-123.40485963963891,46.065504140824629],[-123.40505162308985,46.065609339061567],[-123.40546042481607,46.065802106717371],[-123.40585916541116,46.065973275883373],[-123.40610297446746,46.066095213809163],[-123.40644303531153,46.066258466480285],[-123.40694666858904,46.066464495103588],[-123.40732932484893,46.066495626918503],[-123.40779213688332,46.066428043639583],[-123.40802072308884,46.066250770909036],[-123.40807212289276,46.066202647854318],[-123.40838017586492,46.0659142371128],[-123.40857614514077,46.065712801884573],[-123.4085613876173,46.065422946928017],[-123.40856977698373,46.065235500811653],[-123.40882430114475,46.064951485439792],[-123.4088736554848,46.064688131995801],[-123.40898883118231,46.064572947464626],[-123.40941996772146,46.064499896786849],[-123.40972284460098,46.064461216369892],[-123.41027054922633,46.064388404889755],[-123.41076788980527,46.064294990244846],[-123.41098670862868,46.064102349465657],[-123.41116316469996,46.063870185103447],[-123.41139051841691,46.063493212937672],[-123.41154922108321,46.063264607597745],[-123.4117048443247,46.063151541219085],[-123.41194521912168,46.063030140941621],[-123.41220858450174,46.063008031473174],[-123.41252774424409,46.063025112691662],[-123.41291453994081,46.063049884936937],[-123.41330870002625,46.063043264752913],[-123.4135667940922,46.063005680343139],[-123.41375727825495,46.062873026457503],[-123.41413641491555,46.062835569711119],[-123.4142446870601,46.062841734278152],[-123.41428927943083,46.062844274279037],[-123.4145533877176,46.063012501237885],[-123.4149144098505,46.063147125070294],[-123.41527082003275,46.063191364456131],[-123.41558711864091,46.063152335315557],[-123.41587525506495,46.063176416876964],[-123.4161187568974,46.063292099851843],[-123.41652344254301,46.063403794667721],[-123.41657742230844,46.0634086926121],[-123.41707833728391,46.063357099621463],[-123.41729941267533,46.063298146562701],[-123.41736387308516,46.063280956973095],[-123.41795992683578,46.062788407945547],[-123.41829543142472,46.062670625836837],[-123.41890219399178,46.062667056111451],[-123.41940544997691,46.062795546757073],[-123.41994439782486,46.062959729817763],[-123.42046906874799,46.06304182116498],[-123.42088666498088,46.063038251463588],[-123.42119004581525,46.062984714018242],[-123.42135779810974,46.062956160111064],[-123.42154339633564,46.063106065777383],[-123.42162905698621,46.063541507893326],[-123.42163262689114,46.063951965316484],[-123.4215897952184,46.064390975360958],[-123.42161478006139,46.064533742908601],[-123.42168259478048,46.064762171588043],[-123.42190745387587,46.064997737849048],[-123.42216800483416,46.065208320545224],[-123.42237501889645,46.065436748303256],[-123.42255704721741,46.065572377811222],[-123.42265341578614,46.065658037922148],[-123.42269941851183,46.065782722092322],[-123.42274224928626,46.065830310739422],[-123.42279175723822,46.065889402578414],[-123.42281601175087,46.065918351373554],[-123.42285884162699,46.065989734776693],[-123.42297543576434,46.066244338091266],[-123.42321433373101,46.066398050506272],[-123.42347131568263,46.066466578702574],[-123.42370164731474,46.066504650647722],[-123.42411472232681,46.066557950329624],[-123.42444023315819,46.066597925057273],[-123.42467627448227,46.066613153428314],[-123.42491612466311,46.066620767923865],[-123.42517501014486,46.066573178088412],[-123.4252669302563,46.066548044056987],[-123.4254186673859,46.066506553496396],[-123.42586695725538,46.06638996042264],[-123.42593890781806,46.066420579326156],[-123.42634652376813,46.066483890708135],[-123.42668263741486,46.06641089927686],[-123.42694247421245,46.066411851014443],[-123.42720326322427,46.066392815636412],[-123.42736887393511,46.066362358145341],[-123.42759349497696,46.066284311176204],[-123.42768581753366,46.066284311176204],[-123.42774197301867,46.066290022861104],[-123.42790187313925,46.066281455956826],[-123.42794660654546,46.066270035077771],[-123.42800656909068,46.066265275754205],[-123.42804749543673,46.066266228117577],[-123.42807890503062,46.06627669788076],[-123.42815028875637,46.066287167642017],[-123.428219768952,46.066295733298837],[-123.428255936922,46.066300492619774],[-123.42828068371142,46.066299540257042],[-123.42830638091844,46.066296685038402],[-123.42833513419406,46.066292711042578],[-123.42835173146725,46.066299800785607],[-123.42822283939367,46.066394269732349],[-123.42815502467455,46.066444238753022],[-123.42815145656623,46.066608421558229],[-123.42816411382856,46.066812450677304],[-123.4283693734811,46.067068733013933],[-123.42880857778981,46.067309245617359],[-123.42904854834494,46.067534103996756],[-123.42916501581983,46.067643237361629],[-123.42913181678189,46.068063096617195],[-123.42914313196121,46.068283760558465],[-123.42938089445734,46.06843784872342],[-123.42970728384108,46.068612590276196],[-123.42991013600866,46.068739859232011],[-123.4299628473529,46.06885992380397],[-123.43001721159726,46.068983753130524],[-123.43008417830676,46.069043544612043],[-123.43010049261061,46.069058111047646],[-123.43028393308322,46.069184908428909],[-123.43044049147093,46.069462913322845],[-123.43027866805733,46.069591734047677],[-123.4301144784813,46.069722436642834],[-123.42993995199126,46.069947718961906],[-123.42992979563866,46.07017653407744],[-123.43000006904668,46.070479539714476],[-123.430207379553,46.070659957368036],[-123.43029796925954,46.070738795877098],[-123.43072979211153,46.071048051821819],[-123.43121745424163,46.071378775854029],[-123.43148764232627,46.071524434497384],[-123.43211430976342,46.071790748614724],[-123.43273395776495,46.072133421331117],[-123.43306702163125,46.072437509326249],[-123.4335004273148,46.072563865194603],[-123.43416693862808,46.072752989011505],[-123.43502439224486,46.073036401495763],[-123.43580806093914,46.073374976454765],[-123.43627950847835,46.073732128507686],[-123.43641175036966,46.073832309972239],[-123.43684717366934,46.074423351734872],[-123.43719474892076,46.075008961176728],[-123.43740487384885,46.075476092350002],[-123.43783389665214,46.075760089713803],[-123.43792619405602,46.075821188112776],[-123.4383772516349,46.07628993387624],[-123.43866627289945,46.076800808463481],[-123.43886626483118,46.077283427197798],[-123.4392080055248,46.077754894276339],[-123.43955629583517,46.078178968178257],[-123.43969854675537,46.078352170273597],[-123.44016876450095,46.078767099466909],[-123.44092244922771,46.078946393940257],[-123.44157470787066,46.079112268741227],[-123.44193192653665,46.07920311033859],[-123.44242325199646,46.079602266855353],[-123.44276464414379,46.080066113943843],[-123.44318297070696,46.080535657373808],[-123.44374653958025,46.080849199003595],[-123.44500328805262,46.081229237332046],[-123.44640802767985,46.081506519821914],[-123.44773899316438,46.081838961995373],[-123.44886378900298,46.08220702012477],[-123.44892557243328,46.082232257936219],[-123.44947406488113,46.082456306562534],[-123.44984802544909,46.082609059132409],[-123.4504207652231,46.083310898147623],[-123.45043806228389,46.083645693407334],[-123.45046923382425,46.083904799242319],[-123.45047644280439,46.083964722227407],[-123.45053288125875,46.084067118210463],[-123.45076639652021,46.084490782841492],[-123.45100711267702,46.084911413013181],[-123.45163488144873,46.085406162159273],[-123.45214859112878,46.085812337983612],[-123.45221467389604,46.086031628781903],[-123.4521962530428,46.086257046392767],[-123.45218784750668,46.086359906652753],[-123.45237185840948,46.086530533564463],[-123.452477628746,46.086581297428289],[-123.45261071954522,46.086619829635161],[-123.45262163138098,46.086622989094252],[-123.45275488028371,46.086670578463782],[-123.45289288935911,46.086708649556016],[-123.45298330928405,46.086708649556016],[-123.45312131746114,46.086703890748787],[-123.45323077268694,46.086680096083526],[-123.45334974556314,46.086637266158654],[-123.45348775374026,46.086589676137329],[-123.45360196824043,46.086546846142198],[-123.45371142346622,46.086518293209011],[-123.45383515651515,46.086518293209011],[-123.45403502986923,46.0865658814228],[-123.4541825574934,46.086646783784147],[-123.45429677199357,46.086694373133149],[-123.45442050324583,46.086741961818035],[-123.4546013430957,46.086822863921149],[-123.45474411054715,46.086879971326553],[-123.45492019112262,46.086946595000548],[-123.45508199387498,46.086975148958139],[-123.4551724137999,46.087008461682281],[-123.45527710975132,46.087017979243726],[-123.45529432416711,46.087015631628553],[-123.45530065998481,46.086989972337818],[-123.45532541036752,46.086889721927754],[-123.45548790302598,46.086231546872732],[-123.4554989810501,46.086159534823778],[-123.45570911136807,46.084793670010548],[-123.45641891429152,46.083488301138992],[-123.45658429413534,46.083096574978491],[-123.45697481604384,46.082171547969907],[-123.45726625377654,46.081754034214192],[-123.45747409428888,46.081456279056347],[-123.45754739591773,46.081351263059609],[-123.45784149535861,46.080825454777376],[-123.45797236552245,46.080480432682265],[-123.45822220856255,46.080218692427486],[-123.45888373781924,46.079921826276944],[-123.45888772094921,46.079908113890994],[-123.45905098076894,46.079346217190398],[-123.45830895617459,46.07918198192101],[-123.45765056473319,46.07915278273002],[-123.45682541094074,46.07907442981903],[-123.45551051182507,46.078840731962998],[-123.45457830220698,46.07859743185071],[-123.45360944941011,46.078492182344625],[-123.45306732062771,46.078170530239781],[-123.4527441840436,46.077637684368717],[-123.45269674760671,46.077143648857287],[-123.45252875366543,46.076783403104564],[-123.45240134920196,46.076510196640363],[-123.45228230356219,46.076375867747728],[-123.452125501731,46.076205035566609],[-123.45203024258169,46.076134392605454],[-123.45186904798878,46.07601485298315],[-123.4514821849184,46.075643814684007],[-123.45129513501499,46.075408202872566],[-123.45131601455716,46.075204836178202],[-123.45136788417997,46.075122580951557],[-123.45154395307733,46.074843373789243],[-123.45169882173398,46.074543033150896],[-123.4518523689689,46.074130379851013],[-123.45203529470682,46.073592165431577],[-123.45210220572076,46.073325231826416],[-123.45206261427126,46.07307968943541],[-123.45195915260501,46.072889600778588],[-123.45194866657073,46.072870335180831],[-123.45161565390838,46.072760085403168],[-123.45154832966939,46.072711944964908],[-123.45139217462524,46.072600283316191],[-123.45128096948129,46.072443912131675],[-123.45121451301489,46.072199041376422],[-123.45150677270604,46.071954554055495],[-123.45190285967774,46.07181044959119],[-123.452175140837,46.071613270619153],[-123.45268400590274,46.071135547542077],[-123.45287455294752,46.070918568271701],[-123.45306748322278,46.070660960760009],[-123.45345571891892,46.070105116201702],[-123.45352826057304,46.069990948247352],[-123.45367131818037,46.069765801346662],[-123.45383164230573,46.069571422130075],[-123.4542171049026,46.069308988815365],[-123.45458162507521,46.069075164841209],[-123.45494262744518,46.068637831812651],[-123.45500775260832,46.068558933587006],[-123.45518638889077,46.068198695988755],[-123.45539487708844,46.067722245343063],[-123.45548213224863,46.067588988880175],[-123.45557708417414,46.067424018072742],[-123.45562610883246,46.067338843730482],[-123.45579916927196,46.067044280437528],[-123.45611187282233,46.066849199186265],[-123.45618694592896,46.066653832411156],[-123.45626819315655,46.066317880093578],[-123.45641796836553,46.066179934456009],[-123.45659569824785,46.065975752165883],[-123.45667508506446,46.065777157448998],[-123.45674103847429,46.065578899213385],[-123.4569649507454,46.065314264795028],[-123.45714856638946,46.065050640704783],[-123.45748453001754,46.064698935519615],[-123.45762437614771,46.064542512654619],[-123.45787800738333,46.064245923683067],[-123.45802982985286,46.064061113242865],[-123.45837965718071,46.063631039381562],[-123.45865102834657,46.063330882063802],[-123.4590227143802,46.062917886882005],[-123.45907917439413,46.06285514984468],[-123.4591548790164,46.062672248325896],[-123.45915459784369,46.06261246427929],[-123.45915398519267,46.062481906911202],[-123.45930543306474,46.062203481646179],[-123.45943917693918,46.062016002782009],[-123.45976656435123,46.06184550700268],[-123.46006789523013,46.061691267044004],[-123.46033788478707,46.061537813917482],[-123.46062377272794,46.061518152284059],[-123.46092309138061,46.061498151553103],[-123.46107445930261,46.061391365965015],[-123.46134827478437,46.061225331309515],[-123.46146765459741,46.061106865810217],[-123.4615630332227,46.060957794970321],[-123.46170765928851,46.060807488899165],[-123.46199522438398,46.060647348017866],[-123.46213959173498,46.06040301585513],[-123.462201456912,46.060222176333937],[-123.46225380443855,46.060065132400361],[-123.4622109745624,46.05993188238746],[-123.462149943022,46.059654191034973],[-123.46233917133998,46.059499640759356],[-123.46273352905476,46.059324332406028],[-123.46312728489832,46.059223934485452],[-123.46302611034281,46.05900178440168],[-123.46293993316097,46.058723085385878],[-123.46298116044264,46.058394371923185],[-123.46310178981223,46.057954437738822],[-123.46322747759521,46.057698498956782],[-123.46346130367377,46.057539704271122],[-123.46388589868101,46.057429166418331],[-123.46410936179444,46.057329924530023],[-123.46440305789176,46.057029191239266],[-123.46491400525234,46.056682421391315],[-123.46508337002273,46.056490917285835],[-123.46533592148342,46.056311531781063],[-123.46552865682423,46.056197317220274],[-123.46569997812534,46.055961750812713],[-123.46587843743968,46.05576901425372],[-123.46597837501503,46.055597693134374],[-123.4660783125904,46.055462064057465],[-123.4660783125904,46.05528360469755],[-123.46601323054637,46.055147450569834],[-123.4661520049864,46.054884938085415],[-123.46633759243252,46.054574433922305],[-123.46656131156583,46.054394042244745],[-123.46696942967414,46.054311992899748],[-123.46726838361081,46.054285744240339],[-123.4675389157502,46.054316382948628],[-123.46775777948939,46.054301510892941],[-123.46793198258592,46.054203501477126],[-123.46811368122516,46.054077218287475],[-123.46845427566849,46.054162262848294],[-123.46864280509719,46.054175497240948],[-123.46881417670396,46.054187527200746],[-123.46884750150605,46.05405249625332],[-123.46888043464267,46.053988560917134],[-123.46903479485287,46.053688891680267],[-123.46910743711834,46.053534145787182],[-123.46909756193841,46.053344098918728],[-123.46906364424824,46.05325422095931],[-123.46903508950031,46.052929424962187],[-123.46910647412435,46.052811641771719],[-123.4692706565139,46.052772380236824],[-123.46956684184285,46.052834975368079],[-123.46981221756103,46.052835681086407],[-123.47004830739408,46.052836359373927],[-123.47016024646165,46.052744049845963],[-123.47038390720446,46.052559612368512],[-123.4704738096998,46.052485474742873],[-123.47057901409764,46.05226749138015],[-123.47060018020237,46.052137898940273],[-123.47062661402792,46.0519760621073],[-123.47076266567433,46.051747937133577],[-123.47094029943693,46.051543733264246],[-123.47124602217924,46.0513893510618],[-123.47147018957189,46.051411677153105],[-123.47185478439616,46.05136455051754],[-123.47200164996197,46.051155858296951],[-123.47201572207088,46.050954471467335],[-123.47211090037187,46.050787909162651],[-123.47240833346076,46.050645142230984],[-123.47284799501196,46.050536317539539],[-123.47325795646323,46.050400592489403],[-123.47387303653151,46.050063645360893],[-123.47441733294869,46.049680864280369],[-123.47487705208354,46.048922859973018],[-123.47498368659936,46.048822300366204],[-123.47532292099335,46.048781780323097],[-123.47567268184585,46.048713323073272],[-123.47566932394331,46.048719775390914],[-123.47588852904232,46.04879389812033],[-123.47592886789015,46.048807539055908],[-123.47631486408626,46.048875463744928],[-123.47643476043062,46.049188674000526],[-123.47646712762861,46.049504095152741],[-123.47671360468131,46.049952809493149],[-123.47697818727858,46.050290105185631],[-123.47728821025618,46.050581868796385],[-123.47768519194992,46.050860338948212],[-123.47786212053501,46.051044500926132],[-123.47789975006394,46.051063250446759],[-123.47814528208899,46.051100404080032],[-123.4783701420827,46.051054004117127],[-123.47863783105421,46.051086127172532],[-123.47875561456101,46.051157511673189],[-123.47899118157459,46.051192608499257],[-123.47911491372518,46.051244956002073],[-123.4791720196278,46.051287786590393],[-123.47942424320337,46.051354411468296],[-123.47959556450446,46.051359170830359],[-123.4798573057305,46.051311580931696],[-123.4799001356066,46.051254474121301],[-123.48014284063343,46.051164054104781],[-123.4804140995099,46.051159295972759],[-123.48053074934279,46.051188988156255],[-123.4806758398376,46.051225920382251],[-123.4806913079285,46.051235899853374],[-123.48085667878912,46.051284217375979],[-123.48101372316543,46.051393672764341],[-123.48108034851511,46.051493610482922],[-123.4812183566922,46.051593546773752],[-123.48138016124116,46.051664931241987],[-123.48148257547176,46.051743357978651],[-123.48175225421164,46.051839389229826],[-123.48260894965033,46.051947182060786],[-123.48270675642185,46.051959488064654],[-123.48277398633769,46.051915757131596],[-123.48299960900108,46.051768991266165],[-123.48341240553539,46.051586554892644],[-123.48378005633677,46.051455190904143],[-123.48443765815907,46.051383061774501],[-123.48489182929872,46.051382657783769],[-123.48539186931511,46.051497599259704],[-123.48583736452572,46.051636112129884],[-123.48610069936306,46.051795882639276],[-123.48624496161118,46.051959181334169],[-123.48635478155296,46.05208349183259],[-123.48653610559477,46.052068151599528],[-123.48682284783344,46.052043891878235],[-123.48720467135506,46.051878870254306],[-123.48770891189372,46.051921571299694],[-123.48826047478322,46.052107318873055],[-123.48868110642344,46.052379604377549],[-123.48909017315268,46.052735402911331],[-123.48931647314582,46.052796240645137],[-123.4898464656887,46.052721771050358],[-123.49022293794617,46.052606807184951],[-123.49066265249796,46.052634487410408],[-123.49134777780223,46.052783544562615],[-123.49178169193223,46.052700406814033],[-123.49229489496248,46.052609706751547],[-123.49297927556336,46.052592331169592],[-123.49353894125673,46.0526280517592],[-123.49407328164563,46.052636671279849],[-123.49461645247374,46.052661710025816],[-123.49513981455152,46.052764921558207],[-123.49551616014654,46.052799742431802],[-123.4956169843591,46.052814151686157],[-123.49614239908729,46.052889237724152],[-123.49673171457492,46.052847516205695],[-123.49675370623139,46.052845958887687],[-123.4971590907663,46.05267475650281],[-123.49735843950425,46.052525437840039],[-123.49767866464853,46.052261434733197],[-123.4978931077782,46.052084637705292],[-123.49833459919762,46.051690590750326],[-123.49818377745132,46.051534033150197],[-123.49811548662512,46.051463146019117],[-123.49796799583187,46.051233877400584],[-123.49771182505894,46.050907507161554],[-123.49764431307204,46.0505319539986],[-123.49773769833575,46.050185599097908],[-123.49798925176812,46.049968372888415],[-123.49839762679458,46.049702772719648],[-123.49884916766712,46.049652448759815],[-123.49909516142621,46.049784891881977],[-123.4994331318906,46.049989591668876],[-123.49948196071617,46.050019164777254],[-123.49982656434065,46.04990498084473],[-123.49996552832521,46.049744061437984],[-123.50005190852629,46.049644033269026],[-123.50036555171448,46.049547279971137],[-123.50097711398013,46.049509517416105],[-123.50154383773668,46.049528375940426],[-123.50206990194683,46.049531621690853],[-123.50232172756874,46.049319927415127],[-123.50214122997703,46.049069312315154],[-123.50210959670261,46.048770521667585],[-123.50228844408916,46.048383146580747],[-123.50257752643917,46.048425715034455],[-123.50294122016172,46.048490042118168],[-123.50318072898278,46.048532404742922],[-123.50337704051678,46.048477470364261],[-123.50372162797154,46.048363274515957],[-123.50417664891745,46.048379416945181],[-123.50464962538928,46.048433938056895],[-123.5051376414556,46.048471429512077],[-123.50548300954635,46.048523651158163],[-123.50555961428051,46.048662963920947],[-123.50562310361155,46.048878777491986],[-123.50569448823559,46.049092929300208],[-123.50570043598107,46.049211902514635],[-123.50575397467371,46.049265439598166],[-123.50589079348138,46.049354670033637],[-123.50618227792646,46.049426053031311],[-123.5066224775685,46.049628307682219],[-123.5069437052326,46.04947959177769],[-123.50711621590315,46.049247594117233],[-123.50736605894323,46.049081031029473],[-123.50759261854948,46.048996517945184],[-123.50816055592996,46.049275896998672],[-123.50828548373823,46.049319215417249],[-123.50842634676128,46.049385840799367],[-123.50848155093044,46.049425815491333],[-123.50862007204559,46.04953585937119],[-123.50869389739225,46.049579093418366],[-123.50907303045959,46.049851135145019],[-123.50938491384815,46.049909797689978],[-123.50977752433968,46.049874105891767],[-123.51017727464114,46.049809860222894],[-123.5106769607213,46.049788445606787],[-123.51109098704923,46.049802721602788],[-123.51210463793097,46.049952627443268],[-123.51240444975873,46.049974043242607],[-123.51261146292273,46.049617123391229],[-123.51290413673722,46.049303034607782],[-123.51328247120227,46.049046052567618],[-123.51345543103045,46.048908412918649],[-123.51352243007929,46.048855100562108],[-123.5138683712952,46.048581383642642],[-123.51432121202993,46.048473275622513],[-123.51454509645325,46.048419825057792],[-123.51490242471368,46.048094440745608],[-123.51527017163484,46.047513575423189],[-123.51554434734101,46.047273538969264],[-123.51557355875742,46.047094430281582],[-123.51559250692169,46.046978254480337],[-123.5156739571685,46.046709860391807],[-123.51584468737815,46.046472469064518],[-123.51620462793943,46.046196947149419],[-123.51634032654796,46.045955126118031],[-123.51659943930343,46.045757319826144],[-123.51686356016666,46.045707350788],[-123.51722047879534,46.045728766362814],[-123.517348969322,46.045671659391807],[-123.51779154949956,46.04550747667728],[-123.51780311530884,46.045495967327298],[-123.51802067918581,46.04527946839422],[-123.51808858104151,46.045211900920307],[-123.51839913222848,46.044903524678453],[-123.51896030888815,46.044667224851324],[-123.51940588494719,46.044655810101105],[-123.52002786946676,46.044967214267096],[-123.52058559030753,46.045256516936135],[-123.52129739288078,46.045216966332589],[-123.52137310828283,46.045221468089579],[-123.52209026751011,46.045264103825033],[-123.52249409167136,46.045186281424577],[-123.52309597908142,46.044996853662894],[-123.52347176592431,46.044678291052584],[-123.52358518990702,46.044412619929645],[-123.52362959902142,46.044095456257416],[-123.52373792686154,46.043829915766551],[-123.52434566589731,46.043558661834069],[-123.52450646343486,46.043331541524985],[-123.52450697637289,46.043330818849817],[-123.52484672370491,46.0430060748632],[-123.52515136038409,46.042788756194476],[-123.52563703544074,46.042620051096087],[-123.526085703501,46.04261918187936],[-123.5265600076828,46.042630752935743],[-123.52672390530638,46.042634751705705],[-123.52690857826752,46.042463117354878],[-123.52713984953743,46.042208619501828],[-123.52733286515266,46.041809517427446],[-123.52746174914142,46.041451121245338],[-123.52760908183116,46.041248489332425],[-123.52804756299605,46.041074846557017],[-123.52808851539324,46.04105862903684],[-123.52858356257327,46.041067211702305],[-123.52906859533452,46.041175474517161],[-123.52939350788793,46.041341114885086],[-123.52983100899088,46.041514511143419],[-123.52992783390377,46.041573884039195],[-123.53013668502082,46.041701948621004],[-123.5303066013568,46.041913359693588],[-123.53036596742066,46.041987222183266],[-123.53037008799288,46.042161107768536],[-123.53030815723888,46.042293995357532],[-123.53023274456908,46.042455808805101],[-123.53016836590592,46.042876463811211],[-123.53025209607695,46.04282706519961],[-123.5304452500327,46.042713106462756],[-123.53064216343793,46.042580213022859],[-123.53109349230803,46.042437224095892],[-123.53128529789255,46.042400333382787],[-123.53157723958009,46.042424780661513],[-123.53166303857118,46.042504243128164],[-123.53175203646303,46.042643987597415],[-123.53186535354622,46.042857674099274],[-123.53198566491221,46.042908516174286],[-123.53207920917771,46.042948045359608],[-123.53229686558116,46.042821715857876],[-123.53249924433658,46.042695779521317],[-123.53259468764058,46.042572593964749],[-123.53261811570317,46.042542287948642],[-123.53272351683209,46.042405939665343],[-123.53294229882462,46.042300885530047],[-123.53304206931331,46.042266737702029],[-123.53322274836471,46.042204895684847],[-123.53346792914849,46.042116917006126],[-123.53357543682672,46.042028928210513],[-123.53366371516803,46.041866866586915],[-123.53369138148216,46.041811205378707],[-123.53378349473138,46.041625877126684],[-123.53397417652347,46.041471832606632],[-123.53426499172366,46.041379123716723],[-123.53465292289091,46.041386889474943],[-123.53494689207606,46.041510981204908],[-123.53504932696791,46.041554222780128],[-123.53525526664509,46.041591529344508],[-123.53552973250711,46.041568649933488],[-123.53568676700195,46.04155555905507],[-123.53600076951626,46.041611385138758],[-123.53603433596516,46.041618573454578],[-123.53634117261844,46.041684284020846],[-123.53647286294414,46.04170727063488],[-123.53666026678376,46.041739977781624],[-123.53708327177297,46.041927925804657],[-123.53732805819631,46.042120464365219],[-123.53770919989664,46.042288183917286],[-123.53802830124849,46.042248000784063],[-123.53837424426104,46.042341887338729],[-123.53853014687856,46.042384197312387],[-123.53886810746152,46.042410990993439],[-123.53913760923326,46.042301066981651],[-123.53937410600317,46.042049957988148],[-123.53957118559674,46.041824722081444],[-123.53974959370709,46.041631924339455],[-123.53989442997866,46.041383178697231],[-123.54013808632138,46.041170943123284],[-123.54047452695485,46.040881744394795],[-123.54075778552686,46.040743054277428],[-123.5410370825285,46.040625770140792],[-123.5413301435169,46.040479723178734],[-123.54152400534511,46.040290074125153],[-123.54180857455911,46.040080329256028],[-123.54209277007399,46.039959365888556],[-123.54229681430593,46.039865326251423],[-123.54265436355193,46.039685652281811],[-123.54287348870089,46.039491798219508],[-123.54283010007266,46.039251459393917],[-123.54294380702468,46.039088734239485],[-123.54304544061931,46.038890811695246],[-123.54300582761022,46.038721391913597],[-123.54303447757958,46.038493395532655],[-123.54308990812419,46.0382895642094],[-123.54319380008344,46.03803831974831],[-123.54331466570997,46.037818595662735],[-123.54330937193798,46.037623432977895],[-123.54330370087359,46.037421179895198],[-123.54343852362472,46.037272111219131],[-123.54387525127817,46.037047778145812],[-123.5441205596227,46.036675699664855],[-123.54422407339121,46.03651323632451],[-123.54448806130375,46.036300465069168],[-123.54505527554048,46.036133119594425],[-123.54516803297322,46.036048536188332],[-123.54540713395915,46.035942930536592],[-123.54588157378656,46.03585254844181],[-123.54613216602159,46.035675628424642],[-123.54645214682411,46.035461404646284],[-123.54679948402199,46.035377855426439],[-123.54719152138837,46.035367717808164],[-123.54777250769672,46.035363344338315],[-123.54873948121799,46.035235353619548],[-123.54907475493989,46.035212474070995],[-123.54969419992217,46.035164485484323],[-123.55014108841982,46.035035738469112],[-123.55030395747239,46.034743898983315],[-123.55062747673882,46.034405290408557],[-123.55099403159556,46.034299924834315],[-123.55146941465404,46.034323124061764],[-123.55211058179817,46.034491164132241],[-123.55224615374422,46.034452143394169],[-123.55260683451732,46.034236847831778],[-123.55281572336361,46.034043238452355],[-123.55299462824233,46.033861057226723],[-123.55317426884127,46.033597186308043],[-123.55338708332532,46.03328629430527],[-123.55342056802756,46.033074924437713],[-123.55343283452275,46.03299748400363],[-123.55359175008978,46.032822922228853],[-123.55370974829391,46.032645869652661],[-123.55362589505371,46.032517780962763],[-123.55359317212287,46.032467795584424],[-123.55348168850118,46.032289588103268],[-123.55331702191968,46.032070147376594],[-123.55325453331189,46.031759287321776],[-123.5532258114773,46.031507916501411],[-123.55333104372295,46.031354646434693],[-123.55347650522198,46.031142777726842],[-123.55338275614061,46.031089870451311],[-123.55293508610866,46.030837225538022],[-123.55248909772294,46.030600217549846],[-123.55216399023509,46.030431094168087],[-123.55162012321261,46.030079437918666],[-123.5512887751285,46.029793293333064],[-123.55105981612212,46.029515150447359],[-123.55094832621222,46.029241066399415],[-123.55095411765086,46.028967495541139],[-123.55090016213994,46.028816203657641],[-123.550888246886,46.028695048481005],[-123.55086672055687,46.028476181632598],[-123.55077429289726,46.028272621469569],[-123.55058532868401,46.028075112371894],[-123.55054762818817,46.028065061980236],[-123.5505382398951,46.028050091171885],[-123.55033283741047,46.027928961135416],[-123.54988648520703,46.027588975441134],[-123.54950217335207,46.027265137501765],[-123.54915275924927,46.027022066632803],[-123.54869813266377,46.026717800854065],[-123.54847334273865,46.026421789638057],[-123.54833547380042,46.02613063006055],[-123.54815614042532,46.025922215503066],[-123.54791439749414,46.025690558023342],[-123.54788344873599,46.025492507030293],[-123.54773746980734,46.025144743300601],[-123.54783565926117,46.024882986418113],[-123.54800530340761,46.024622931118657],[-123.54839665625778,46.024314526665798],[-123.54847034865381,46.024167033157369],[-123.54862925433936,46.023992475928274],[-123.54883548686735,46.023845101944985],[-123.54888100719775,46.023831534062687],[-123.54903117586883,46.023786773500561],[-123.54924099896301,46.023706773261758],[-123.54942065752824,46.023634655931353],[-123.54955431426612,46.023560177588678],[-123.54974905374837,46.023484117297158],[-123.54985742919918,46.023317969305133],[-123.54997352566986,46.023105459129113],[-123.55003005126079,46.022922898156089],[-123.55003037375597,46.02290644014969],[-123.55003416105322,46.022713286973527],[-123.5500179078348,46.022504202704312],[-123.55017171468279,46.022329776206796],[-123.55019769755407,46.022148005487125],[-123.55022988868228,46.021891505316916],[-123.5503572958407,46.02170000659536],[-123.55052563204012,46.021606874048629],[-123.5506837867341,46.021514005827548],[-123.55072335303079,46.02139580010062],[-123.55081626218737,46.021226500096127],[-123.55072009843452,46.021002185477883],[-123.55048215268204,46.02070475323174],[-123.55044646081917,46.020478704228495],[-123.55035128161988,46.020264552542301],[-123.55043456263324,46.020086093001936],[-123.55061302194758,46.019919530577276],[-123.55072009753619,46.019812455626379],[-123.55095804328866,46.019515021970548],[-123.55105322248795,46.019241384263935],[-123.55107701796152,46.019074821789872],[-123.55123168180231,46.018706005236204],[-123.55145773116546,46.018468059417103],[-123.55175516335602,46.018075448261271],[-123.55201690368371,46.017754220806623],[-123.55215967203351,46.017551966750503],[-123.55242141236121,46.017099869489137],[-123.5526017204084,46.016862301038934],[-123.5528124373263,46.016704148788627],[-123.55295128003829,46.016330115484998],[-123.55301942893067,46.016262443365434],[-123.55313884737127,46.01617753447335],[-123.55330985516035,46.015898115318251],[-123.55340537931272,46.01579337261915],[-123.55350537348194,46.015711238493402],[-123.55363021415359,46.015605734971764],[-123.55368398281493,46.015452077071444],[-123.55377046183071,46.015361202939374],[-123.55394487243808,46.015206688436443],[-123.55401724610725,46.015157086044589],[-123.55406773591778,46.015134158882013],[-123.55417647698295,46.015084779764173],[-123.55428672452283,46.01501147023378],[-123.55439009456087,46.014931520306632],[-123.55448272254476,46.014833668126187],[-123.5545923628235,46.014749012197392],[-123.55478657319803,46.01465988932393],[-123.55497331408098,46.014614138137318],[-123.55524907621195,46.014525171634958],[-123.55556259094107,46.014410225606532],[-123.55585715031935,46.014245773452274],[-123.55610406215668,46.014105284020864],[-123.55634795655294,46.013969415822132],[-123.5567032231798,46.013903381579766],[-123.55682469067759,46.013775280651764],[-123.55689084531005,46.013705512953742],[-123.55695950085229,46.013633107451895],[-123.55698754625544,46.013425570981717],[-123.55699303496182,46.013223165712873],[-123.55689874239972,46.012984715916247],[-123.55686590897608,46.01291966185584],[-123.55684168590446,46.0128624785536],[-123.55677259018773,46.012699366879971],[-123.55676423405897,46.01248400031389],[-123.55676395737787,46.01247687558763],[-123.55673928155532,46.012259343901746],[-123.55659346612006,46.011972232384949],[-123.55652675992204,46.011893635644476],[-123.55643682598567,46.01178767002439],[-123.55631286117141,46.011543171020683],[-123.55619591489446,46.011368942033393],[-123.55617758656771,46.01124862082554],[-123.55616074225783,46.011138048365147],[-123.55613958872952,46.010986331476857],[-123.55603749789243,46.010856388902951],[-123.55601009927625,46.010821516637677],[-123.55593094242836,46.010744029429674],[-123.55582435821823,46.010519532532051],[-123.55564903132927,46.010351362810006],[-123.55559322798382,46.010100549120267],[-123.55553960934117,46.009890585483561],[-123.5555222556865,46.009837017111096],[-123.55546149364068,46.009649442234597],[-123.55537713914055,46.009535727662474],[-123.55519292881175,46.009506416143196],[-123.55498920797329,46.009600332741705],[-123.55487468085941,46.009680863128118],[-123.55474087410292,46.00977494851054],[-123.55455175807434,46.009898029361338],[-123.55438519514932,46.010015979532632],[-123.55421993478144,46.010036173599936],[-123.55408263807004,46.009969283648267],[-123.55387067339221,46.009908874174158],[-123.55355352857106,46.009894370125586],[-123.55342167205701,46.009868245109566],[-123.5532415499611,46.00979337325213],[-123.55304320553962,46.009682610708481],[-123.55292000159841,46.009513085794204],[-123.55281370305254,46.009415845446959],[-123.55268736488928,46.009248674381354],[-123.55253667878858,46.009175310944677],[-123.55239720725586,46.009067566936046],[-123.55222504333504,46.008958397681575],[-123.55203985294428,46.008849566377584],[-123.55189180878884,46.008703409862655],[-123.55156460732806,46.00843917364633],[-123.55141368407212,46.008361269436577],[-123.55117541851943,46.008235630799518],[-123.55115138319566,46.008090806626832],[-123.55103145720693,46.007982555120613],[-123.55095446440055,46.007805490367026],[-123.55086044851957,46.007589275532617],[-123.55080469458143,46.007461180569692],[-123.55066648608003,46.007319485298737],[-123.55064253968951,46.007294935138887],[-123.55062403978457,46.007070424865887],[-123.55060640046563,46.006923162388503],[-123.55066177351806,46.006844834880752],[-123.55070950639902,46.006777315252108],[-123.55077027293639,46.00663256650261],[-123.55077046697248,46.006629585281757],[-123.55078819163136,46.006357114867384],[-123.55078345750981,46.006207244242717],[-123.55085036133723,46.00599415666133],[-123.55094322288308,46.005900846664346],[-123.55103681026773,46.005821153739973],[-123.55120889873004,46.005623521381047],[-123.55135205155878,46.005494818496508],[-123.55145433104209,46.005455806615601],[-123.55151909059093,46.005385949179797],[-123.55169120240947,46.005311038185106],[-123.55176128537467,46.005283620025629],[-123.55180940363284,46.005264795069586],[-123.5519331609363,46.005261587900442],[-123.55209201541788,46.005243834905507],[-123.55222191001135,46.005172290003713],[-123.55239846040568,46.00499726723038],[-123.55256357075491,46.004913446087961],[-123.55272241176178,46.004834331407089],[-123.55285749951588,46.004799013575692],[-123.55307579282484,46.004672905734111],[-123.55328613334864,46.004581091661862],[-123.55343870052157,46.004506684370121],[-123.55376276686198,46.004346015868542],[-123.55380293233497,46.004317410433117],[-123.55388529527012,46.004258751273781],[-123.55396777229127,46.004154344068489],[-123.55411670128731,46.004011850996136],[-123.55423306276101,46.003870203047782],[-123.5543667985506,46.003748558289651],[-123.55448750517535,46.003627250213981],[-123.55462714559128,46.003494088695874],[-123.55471673996449,46.003400859343714],[-123.55486893972645,46.003319641542952],[-123.55505455232539,46.003253465420393],[-123.55535679858757,46.003172900093098],[-123.55559088877084,46.003117542483864],[-123.55583056198358,46.003019899028992],[-123.55623219695046,46.002853426846222],[-123.55665682429706,46.002651679263693],[-123.55691261687927,46.00254967576835],[-123.55713261608899,46.002453102709914],[-123.55733010621263,46.002460096440522],[-123.55765669322575,46.002496060350985],[-123.55804739659393,46.002538438268687],[-123.5584160193725,46.002601588881149],[-123.55867356546612,46.00264742363585],[-123.55896199923248,46.002728816517056],[-123.5592913943792,46.002817225427684],[-123.55967160093331,46.002880071214882],[-123.56003098543742,46.002878813875533],[-123.56048792877806,46.002858858679332],[-123.56086425011857,46.002849078259388],[-123.5610419970689,46.002812135537276],[-123.56130762800011,46.002684023272373],[-123.56152201543422,46.002573404363126],[-123.5616742277726,46.002492681422979],[-123.56192767126035,46.002461851112983],[-123.56222466327642,46.002486450217361],[-123.56247084927499,46.002536612463381],[-123.56285576479782,46.002579123884587],[-123.5632335962063,46.002597578478692],[-123.56354514991315,46.002569272279977],[-123.5638936028186,46.002580408686448],[-123.56426586107906,46.002603044032533],[-123.56470927668983,46.002547062483586],[-123.56497256571309,46.002483646611374],[-123.56538167466316,46.002436635490874],[-123.56579911728413,46.002328802229066],[-123.56622905277572,46.002345890355961],[-123.56662365573058,46.002460863329752],[-123.56685977969964,46.002539558961189],[-123.56717933739564,46.002660524978168],[-123.56737428528704,46.002728172557894],[-123.5674327350693,46.002764116326368],[-123.56762009578981,46.002879338026922],[-123.56762139924527,46.002881400937028],[-123.56775314706317,46.003090007175587],[-123.5678377189556,46.003261534176787],[-123.56805669498419,46.003344715118139],[-123.56832258283357,46.003329707040685],[-123.56882091964417,46.003324802520915],[-123.56927959583498,46.003337090026903],[-123.56987982136175,46.003394170236191],[-123.570391745191,46.003534352420886],[-123.57052258301552,46.00359558564881],[-123.57082175254784,46.003660509656385],[-123.57114045774269,46.003765325252431],[-123.57124002431382,46.00389201795867],[-123.57128812370739,46.003973236791019],[-123.57135779434587,46.004078458627127],[-123.57140536103849,46.004150298212039],[-123.57148566772995,46.004185990218588],[-123.57162248743593,46.004191939196104],[-123.57165212016218,46.004179815985466],[-123.57168792161953,46.004165170040203],[-123.57178012559861,46.004099734964555],[-123.57185151022266,46.003977788082132],[-123.57189017550913,46.003915326664412],[-123.5719823803865,46.003939121439096],[-123.57213407080371,46.004019428572114],[-123.57226791528944,46.004034299187566],[-123.57248504168689,46.004022402445912],[-123.57266534254757,46.003998214601495],[-123.57272331801938,46.003982613922886],[-123.57295221234702,46.004142291982809],[-123.57310968162645,46.004267470064562],[-123.57342477289887,46.004412777218356],[-123.57358332734316,46.004558129540378],[-123.57377813958892,46.00473081569168],[-123.57394786278714,46.00483843149874],[-123.5740902646243,46.004928722041363],[-123.574279506417,46.005105593838806],[-123.5743781486217,46.005231094201783],[-123.57441020140936,46.005271873927704],[-123.57439955547493,46.005397400119811],[-123.57435931005188,46.005511578066447],[-123.57472398383642,46.005716191041188],[-123.57503778692471,46.005837286758833],[-123.57533979333671,46.005954647840426],[-123.5758011653717,46.006124411403583],[-123.57615781899737,46.006179739798007],[-123.57669099067809,46.006282978887491],[-123.57715121107286,46.006323478931954],[-123.57753848018173,46.00630123819731],[-123.57803437896465,46.00614282924974],[-123.57841882556691,46.006068136415898],[-123.57903999890776,46.005975132281584],[-123.57944694830789,46.005887726746757],[-123.58000435473832,46.005687296173761],[-123.58023485974527,46.005661067465425],[-123.58072250480735,46.005672552666169],[-123.58113684105409,46.005722318306056],[-123.58164416820402,46.005668639823838],[-123.58168815151697,46.005408911581647],[-123.58175124289433,46.005181005530687],[-123.58184681735234,46.004802758632117],[-123.58184303993657,46.004625085936858],[-123.58185149488004,46.004459212605468],[-123.5820325521222,46.004268621296774],[-123.58245576552051,46.004160577582176],[-123.58279814132308,46.004058688560633],[-123.58298302538834,46.003831633670259],[-123.58330006510661,46.003690003355899],[-123.58368174220284,46.003671929130498],[-123.58412479489422,46.003716890673999],[-123.58448570743265,46.003743801066271],[-123.58497738682871,46.003722840325956],[-123.58529329017814,46.003775168532336],[-123.58534005377689,46.003764783014041],[-123.58569090069255,46.003837475985492],[-123.58612816733522,46.003882582157445],[-123.58647454243741,46.003962390190502],[-123.58695068816557,46.004083239532804],[-123.58724744572136,46.004317877789305],[-123.58742405809946,46.004474859323565],[-123.58755840115022,46.004600626928806],[-123.58780131548448,46.00480435162256],[-123.5881912777426,46.004939577811932],[-123.58854946209753,46.005023111266681],[-123.58872346397142,46.005131675554907],[-123.58890138968647,46.005312861402992],[-123.58909385283778,46.005441143537276],[-123.58929549856794,46.005524740502544],[-123.58953845063147,46.005514326610516],[-123.58989152986064,46.005395975615983],[-123.59019281402713,46.005392110175173],[-123.59059613243689,46.005345163922321],[-123.5908673769403,46.00532188389726],[-123.59118372854907,46.005382265311056],[-123.59152246886967,46.005534984675521],[-123.5919201979617,46.005706356842062],[-123.59243864176331,46.005858396447508],[-123.59300963341579,46.006017134409561],[-123.59297294532128,46.005767599521107],[-123.59306035768661,46.005454200540754],[-123.59313323890395,46.005193707560231],[-123.59299397937365,46.004870101592232],[-123.59293106496439,46.004798602380717],[-123.59277158525541,46.004617363058799],[-123.59264827351633,46.004374142078014],[-123.59264053542847,46.0041238472636],[-123.59245922755638,46.003773061976986],[-123.59236619083902,46.00333915229595],[-123.59218270545067,46.002948021160819],[-123.59194743757607,46.002671377449857],[-123.59179748360232,46.002364211492818],[-123.59179618643503,46.00224147829266],[-123.59179325882553,46.001964332472674],[-123.59184472690143,46.001736722984433],[-123.5918837452258,46.001493280297318],[-123.59182238041042,46.001216110761085],[-123.59169394378266,46.000985144759056],[-123.59150904354773,46.000674855607265],[-123.59135205127374,46.000610441036585],[-123.59112959068015,46.000519164988503],[-123.59102736868901,46.000344073204531],[-123.59092078537718,46.000088291859377],[-123.5909142204891,45.999910617751837],[-123.59090825926889,45.999749234498317],[-123.59114738001773,45.999561143665304],[-123.59127781449867,45.999400146914525],[-123.59154217161877,45.999142708145264],[-123.59186201767402,45.99883936665524],[-123.59214526187299,45.99860971244393],[-123.59235729212782,45.998349604094699],[-123.59240637517662,45.998099310106397],[-123.59243454544561,45.997955664428346],[-123.59247456898477,45.99789509767983],[-123.5926274595512,45.997663735272788],[-123.59268841832807,45.997504561468794],[-123.59278192935587,45.997304129230436],[-123.59274415699481,45.997034420512776],[-123.59266978906571,45.996838398036878],[-123.59247167371463,45.996605222684288],[-123.59229092908619,45.996371590783006],[-123.59211422777487,45.996105530179463],[-123.59202075267969,45.995877685030273],[-123.59192531566387,45.995613531087358],[-123.59202746758642,45.995251259399396],[-123.59212502103301,45.995018398759385],[-123.59227597932325,45.994808376628583],[-123.59218141546992,45.994560360129583],[-123.59205555251545,45.994419440630118],[-123.5919346024473,45.994284019599895],[-123.59182267415953,45.994036458208519],[-123.59177955682252,45.993774969712881],[-123.59187928868366,45.99358245496051],[-123.59205405322724,45.993383930110312],[-123.59202709209062,45.993206863566655],[-123.59202841800396,45.993016931864439],[-123.59201925788302,45.992847480074701],[-123.59202048228676,45.992844116160022],[-123.5920190395924,45.992843444625237],[-123.59198672539502,45.992674598934272],[-123.59197320305505,45.992424454027073],[-123.59206355560632,45.992058450493964],[-123.592128454394,45.99175776197746],[-123.59217477781827,45.991542408118235],[-123.59247598742463,45.991538537340716],[-123.59287243102747,45.991580647791082],[-123.59324976387101,45.991590935737726],[-123.59351503817106,45.991672853538205],[-123.59387237631296,45.991849320223167],[-123.59423692972325,45.991944787761796],[-123.59455124664792,45.991968850436109],[-123.59479435861158,45.991962459520664],[-123.59510922440685,45.99188953687613],[-123.59547269355059,45.991750690751985],[-123.59597736977214,45.991757622175669],[-123.59640450521503,45.991831237760906],[-123.59663647627254,45.991833216827509],[-123.59690405115802,45.9918504211605],[-123.59713995324319,45.991925023345452],[-123.59738219204438,45.992116627044041],[-123.59767346987694,45.992250376395283],[-123.59787661130204,45.99236220112487],[-123.59821955034828,45.992486508393277],[-123.59861884430555,45.992581049283757],[-123.59886840168136,45.992586603201865],[-123.59918567136836,45.992558049728416],[-123.599474655802,45.992542362193809],[-123.59980481272005,45.992537710104962],[-123.60010865259355,45.992582235084988],[-123.60040397733647,45.992683548597007],[-123.6006600825324,45.992595997866225],[-123.6008582005784,45.992615021853844],[-123.60108723055166,45.992669593613194],[-123.60141149991136,45.992770142438268],[-123.60171643483118,45.992834836372737],[-123.60217043978253,45.99276226936869],[-123.60256602190103,45.992788208991136],[-123.60290033981549,45.992860206155399],[-123.60311986112147,45.992846340462812],[-123.60338678652496,45.992851425653072],[-123.60358945543624,45.992907917541913],[-123.60365164490504,45.992925250729911],[-123.60372403294726,45.992898902384674],[-123.60387902197819,45.992842490371871],[-123.60407667739184,45.992639301425385],[-123.60416294171024,45.992519856914797],[-123.60434279161666,45.992309057023697],[-123.60454995390096,45.992174303620523],[-123.6047649701558,45.991970655370302],[-123.60490288939967,45.991841767817299],[-123.6050981283452,45.991594197997507],[-123.60540346750692,45.991452811593845],[-123.60589578291014,45.991338816834315],[-123.60633500877844,45.991358464749645],[-123.60640712283451,45.99136168957596],[-123.60676981134223,45.991315756223081],[-123.60704804833183,45.991102355395952],[-123.60720376409982,45.990981075140496],[-123.60723126063235,45.99084701752448],[-123.60718513573578,45.990638135447924],[-123.60722056169732,45.990503066535894],[-123.60724275906797,45.990418435782082],[-123.6073019167227,45.9902269759963],[-123.60735506644481,45.990031636551478],[-123.6075339291027,45.989909744793067],[-123.60795238771826,45.989716882057365],[-123.60825564817839,45.989644230451198],[-123.60860161903872,45.989610853983088],[-123.60891101768718,45.989651167755888],[-123.60926584593621,45.98967412046057],[-123.60948996032825,45.989744968269079],[-123.60989797962185,45.98978671558784],[-123.61015528856028,45.989828404206229],[-123.61049244964261,45.98995282763758],[-123.61090823307522,45.990030730932112],[-123.61119067148536,45.990108115461787],[-123.6112252961497,45.990127376851149],[-123.61136401309754,45.99020454467167],[-123.61196164788302,45.990322080592343],[-123.61232805721269,45.990344718456697],[-123.612633731446,45.990316435947932],[-123.61293098307517,45.990239889919202],[-123.61314456472051,45.990117071156746],[-123.61327755311181,45.990005065260782],[-123.61337734426178,45.98992101793673],[-123.61352374270362,45.989735329706974],[-123.61369819912507,45.989532736641671],[-123.61399450213331,45.989225911553724],[-123.61411837172618,45.98912606469414],[-123.61422771556087,45.989037925383627],[-123.61439015252378,45.988827569107201],[-123.61439382124343,45.988682018174011],[-123.61439756721813,45.988431414569924],[-123.61428379648574,45.988151596848681],[-123.61425876582865,45.988113581375458],[-123.61413214739105,45.987921266009764],[-123.61409200527427,45.987716268903277],[-123.61408241845355,45.987540147934332],[-123.61407288463343,45.987365026316958],[-123.61407267891926,45.98736122640203],[-123.61407580236148,45.987360280168225],[-123.61430646637025,45.987290396139869],[-123.61449512425801,45.987135910579596],[-123.6148585907068,45.986891951132144],[-123.61501281706802,45.986637366563201],[-123.61497944735019,45.986483419091535],[-123.61494315092114,45.986315978368985],[-123.61483040516647,45.986161386475743],[-123.61501085424914,45.985962672719296],[-123.61540808477621,45.985806706014188],[-123.61579022001322,45.985586491568505],[-123.61597652521324,45.985282572048618],[-123.61618021730563,45.985097758353604],[-123.61624715347241,45.985037024605973],[-123.61649147726337,45.984840658149196],[-123.61671587282808,45.984491283015942],[-123.61683110871272,45.984266010441473],[-123.61679838218861,45.984105837456241],[-123.61676788348639,45.983956573831229],[-123.61711798659701,45.983680636027294],[-123.61728347962855,45.983594676516603],[-123.61738341630557,45.983473324880521],[-123.61744766291639,45.983330556954549],[-123.61754046158019,45.983198496388944],[-123.617658245087,45.983130681988811],[-123.61786525735265,45.983094990133047],[-123.61806513250336,45.983059298878494],[-123.61816442149508,45.983041568097839],[-123.61816507007873,45.983041452618338],[-123.61821860697471,45.982980775915117],[-123.61818938298187,45.982866532747671],[-123.61818081395239,45.982833034840269],[-123.61817934700352,45.982827300793488],[-123.61811428023086,45.982712836336447],[-123.61808636328678,45.982519635166838],[-123.61816481765213,45.982364021433852],[-123.61831531690326,45.982223525314794],[-123.61839645094308,45.982147785203097],[-123.61842215803158,45.981981447481701],[-123.61848917414839,45.981616034079757],[-123.61850674429704,45.981300415859387],[-123.61851923806601,45.981044755610789],[-123.61852592243002,45.980907987835934],[-123.61854078325977,45.98064900793738],[-123.61875549947729,45.980760490925384],[-123.61894743711417,45.980985709722347],[-123.61909798756926,45.981195861710987],[-123.61915188918125,45.981315539776809],[-123.61917711297612,45.981371543429617],[-123.61940824680379,45.981571479678571],[-123.61964985588594,45.981750936784969],[-123.62005065092808,45.981873647392476],[-123.62040096963437,45.981920927545957],[-123.62060280131577,45.981856496138874],[-123.62075984479374,45.981806363835489],[-123.62092950151661,45.981729137489872],[-123.6212354102102,45.981599814721292],[-123.62150476914984,45.981544186461811],[-123.62178944526337,45.981556839609532],[-123.62210145261942,45.981645534535573],[-123.62253763589385,45.981779419677807],[-123.62263155475679,45.981828076956873],[-123.62284181533052,45.981937008232173],[-123.62299112251725,45.982017895991845],[-123.62306471699689,45.981773518853096],[-123.62312315150784,45.981569947193805],[-123.62313478289411,45.981540399256147],[-123.62324530531846,45.981259634696215],[-123.62345819436271,45.98112366584882],[-123.6236149261253,45.981023562171039],[-123.62375035434087,45.980850270804702],[-123.62381280971101,45.980614268945942],[-123.62382626557566,45.980539273850091],[-123.62382973397095,45.980461520749095],[-123.62384080480851,45.98045824035438],[-123.62386828157811,45.980450100230406],[-123.62390682828696,45.980425829045295],[-123.62390254511969,45.980348734362259],[-123.62388541245058,45.980261646661845],[-123.62386805520266,45.980140072979346],[-123.62390962384413,45.979839978300753],[-123.62392087703968,45.979621495517058],[-123.62394884608605,45.979555612543422],[-123.62404924988705,45.979319097646581],[-123.62426530728931,45.97903053232308],[-123.62456788952139,45.978840681197006],[-123.62499017406171,45.978720379137862],[-123.62528056705372,45.978837922588333],[-123.62577350319283,45.978950087168847],[-123.6263568305108,45.979019444239185],[-123.62665655160872,45.979081459947672],[-123.62672025294214,45.97909463990765],[-123.62692730922524,45.97904369856149],[-123.62703735913574,45.979025852879751],[-123.62715335679175,45.978960418039954],[-123.62723366438154,45.978868214213968],[-123.62727233056631,45.978719497679663],[-123.62740320073016,45.978520217222012],[-123.6275162258609,45.978401244152742],[-123.6276887356331,45.978317962664924],[-123.62781663147504,45.978213861721407],[-123.62786918920737,45.978167137746823],[-123.62814695997133,45.978159756396494],[-123.62840758998135,45.978156870403154],[-123.62858438561578,45.977998633709483],[-123.62892586130641,45.977884505740221],[-123.62941685977945,45.977855289821257],[-123.6298332432867,45.977945230479094],[-123.63010983995258,45.977982188553952],[-123.63046374383516,45.978029475151835],[-123.63107957938659,45.97805753982567],[-123.63169408992303,45.978061394066422],[-123.63180543520416,45.978049891897591],[-123.63203958108298,45.978021124916033],[-123.63206713241274,45.97801317733326],[-123.63228704448586,45.977949741460584],[-123.63233939291074,45.977806973649336],[-123.63228704448586,45.977616616411197],[-123.63209682981771,45.977266829862252],[-123.63205932695124,45.977005199088929],[-123.63223712600386,45.976547937206412],[-123.63235740862378,45.976310389373644],[-123.6324985860572,45.976136933426261],[-123.63281048831034,45.975906407137302],[-123.63313877134271,45.975340085386463],[-123.63313436510624,45.975306327586395],[-123.63311880359061,45.975187079786302],[-123.63329120197172,45.974843091427374],[-123.63339504542193,45.974706241532928],[-123.63346956157305,45.974608037261405],[-123.63357490790476,45.974415330982893],[-123.6336397878278,45.974118649618696],[-123.63370285045907,45.973795118512832],[-123.63373478826239,45.97363126421439],[-123.63379469062049,45.973514061828489],[-123.63382899997613,45.973446934806937],[-123.63385178574329,45.973228143354866],[-123.6339810182784,45.972836817498184],[-123.63403197431455,45.972630199337246],[-123.6340331762604,45.972625323313132],[-123.63407649482004,45.972252447296967],[-123.63441159606542,45.971811192960537],[-123.63469638357004,45.971403601656398],[-123.63493634873527,45.97123559087526],[-123.63505037997912,45.970990125358021],[-123.63528544034288,45.970838406389731],[-123.63546532797854,45.970631589721201],[-123.63558020453706,45.970507314540363],[-123.63584441253684,45.970358858385161],[-123.63604095403954,45.970244528611978],[-123.63619433957767,45.970082862803196],[-123.63630487637508,45.969983489646772],[-123.63637002040286,45.969799387853747],[-123.63642636992398,45.969664550309346],[-123.63644332293003,45.969510671149827],[-123.63644958508588,45.969453826966173],[-123.63640915730483,45.969244799231944],[-123.63667199357718,45.969177186271082],[-123.6371865000629,45.969155391391332],[-123.63722201675429,45.969158877873362],[-123.6377690772876,45.969212589274299],[-123.63815935395603,45.96925952934356],[-123.63834653231854,45.969282041581849],[-123.63848862513524,45.96931133008006],[-123.6387978054931,45.969375059311226],[-123.63892231827967,45.969393269611786],[-123.63900902456919,45.969405951135187],[-123.63912491712232,45.969422902077412],[-123.63914918331311,45.969420581305251],[-123.63947653299591,45.969389278655648],[-123.63976782430318,45.96941787280101],[-123.6401545669993,45.969496444344131],[-123.64072001424984,45.969558125443584],[-123.64112004572395,45.969605514138372],[-123.64133241284701,45.969630671669137],[-123.64184736669372,45.969616924406466],[-123.64230135727202,45.96954823674232],[-123.6426200534837,45.969442754446902],[-123.64252597741557,45.969206878791766],[-123.6424966977272,45.969105210750655],[-123.64241858292505,45.968833981009745],[-123.64240575857605,45.968494921361426],[-123.64237175913917,45.968297845007477],[-123.64224698584114,45.968030463130077],[-123.64226772255115,45.967879116929112],[-123.64228421382313,45.967758755466427],[-123.64223753646266,45.967541815332538],[-123.6420778016321,45.967376378436406],[-123.64190292749404,45.967251752536512],[-123.6419147726794,45.967045371414713],[-123.64216651565629,45.966776017265907],[-123.64256962206365,45.966571671161681],[-123.6427178072546,45.966464477336096],[-123.64282131473489,45.966371678254674],[-123.64304617293197,45.966282449350814],[-123.64315621026607,45.966228361715537],[-123.64321610813259,45.966053020956537],[-123.64342089257634,45.965772796033008],[-123.64349969818295,45.965625232582383],[-123.6435084118412,45.965467420896715],[-123.64351380083457,45.965249089960892],[-123.64357837353386,45.965053420108205],[-123.64384856700836,45.964803771060254],[-123.64395142051515,45.96456667426326],[-123.64401446338347,45.964237708558613],[-123.64405165812781,45.964071052903371],[-123.64399721842494,45.963712902088176],[-123.64399556732145,45.963630063713197],[-123.64399391711628,45.963547330119091],[-123.64415772490835,45.963365170783369],[-123.64426827967205,45.96330823849194],[-123.64442254106758,45.963228797697155],[-123.64469247762395,45.963080166549013],[-123.64507747489347,45.9628112845554],[-123.64543599970986,45.962482500131784],[-123.64569351076923,45.962107929142256],[-123.64584305870446,45.961982716270469],[-123.64597970503559,45.961833604073171],[-123.64595035348199,45.961721253706848],[-123.64601179106091,45.961574152801404],[-123.64618091148954,45.961488820271818],[-123.64640231656271,45.961406129689962],[-123.64665107892949,45.961399477969763],[-123.6468693614587,45.961365356980551],[-123.64720112636108,45.961287795518388],[-123.64744833284581,45.961252899506675],[-123.64773670103516,45.961229024557291],[-123.64791672072317,45.96113127535024],[-123.64810008304234,45.960988992476793],[-123.64814549287996,45.960866562183199],[-123.6480907773943,45.960714485768214],[-123.64805167462831,45.960319560107386],[-123.64807150044663,45.960153368512906],[-123.64816497733845,45.959956921302258],[-123.64824777326157,45.959776923337003],[-123.64841556957349,45.959641368226194],[-123.64866382618877,45.959382192075999],[-123.64885054551215,45.959156228461296],[-123.64906645918394,45.958967363957719],[-123.64939430563511,45.958838635624438],[-123.64961251180749,45.958788837815753],[-123.65001329786644,45.958774693811108],[-123.65041898064202,45.958671614639123],[-123.65085006148561,45.958496131309396],[-123.65118220457879,45.95839160342382],[-123.65159559759444,45.958250743603713],[-123.65187301352384,45.958130604149474],[-123.65215005036418,45.958003641819616],[-123.65220926820605,45.95797578430809],[-123.65238871926044,45.957891367369584],[-123.65264130126384,45.957853862566694],[-123.653068223806,45.957780943704776],[-123.65343402497622,45.957665261534252],[-123.6536975107305,45.957647952902811],[-123.65404600226353,45.957662519356795],[-123.654519559047,45.957724964280786],[-123.65488535303069,45.957786882058031],[-123.65493507298504,45.957806915330586],[-123.65525095836819,45.957934189110475],[-123.65553625970915,45.958046078784683],[-123.65585823566991,45.958112583739698],[-123.65618077667099,45.958100517256049],[-123.65625309554294,45.958094959878181],[-123.65638558536925,45.95808477686704],[-123.65651518890856,45.958155967354251],[-123.6565156910668,45.958156243380571],[-123.65652193705299,45.95815967684841],[-123.65652617440617,45.958132435166668],[-123.65655447313425,45.957950459115153],[-123.65668536934925,45.957748850732095],[-123.65691368246691,45.957448995054527],[-123.6570754178456,45.957185080522848],[-123.65725633225561,45.956825017911498],[-123.65736916784184,45.956562415005678],[-123.65745247490635,45.95629718914175],[-123.65751923410498,45.956087054454557],[-123.65761683516229,45.955903414836015],[-123.65773757053311,45.955872851473742],[-123.65776790394531,45.955854987708761],[-123.65793202614771,45.955758337545753],[-123.65815750418234,45.955496125533209],[-123.65835176126929,45.955200596256731],[-123.65842867053233,45.954997018719574],[-123.65855184033757,45.954744383433102],[-123.65874458106829,45.954243965813461],[-123.65889031206189,45.953956568882433],[-123.65900877649167,45.953707473765441],[-123.65911727411337,45.95345523106127],[-123.65925003163764,45.953287724188762],[-123.65936793192543,45.953117198980721],[-123.65943167458136,45.952941298971744],[-123.65960955897391,45.952704268826338],[-123.65954968626023,45.952494216696962],[-123.65941881519805,45.9522681675342],[-123.65934743147233,45.952107554114136],[-123.65936527740375,45.951976683205793],[-123.65943071338398,45.951827966286785],[-123.65943371465536,45.951763844628083],[-123.65938515442603,45.951654913335545],[-123.65932760385736,45.951499346529843],[-123.65923413774532,45.951402808063278],[-123.65915664547565,45.95106334068489],[-123.65919498736858,45.950693439292841],[-123.65916620355026,45.950438051221703],[-123.65909097054355,45.95013950945912],[-123.65897098885925,45.949917309390031],[-123.65889933204565,45.94968356476879],[-123.65889236561063,45.949468576908664],[-123.65877370534812,45.949359052113714],[-123.65864376224565,45.949222505894461],[-123.65867421872704,45.949064575659072],[-123.65863340826368,45.948946130185618],[-123.65851061575086,45.948850378014036],[-123.65835163550514,45.948778941347335],[-123.6582093693136,45.948715015408659],[-123.65817006352833,45.948535049632383],[-123.65824414579319,45.948369118756375],[-123.65832292804359,45.948199644617461],[-123.65842211732233,45.948151401888069],[-123.65857564569261,45.948076731976386],[-123.65861381241405,45.947969827163476],[-123.65881782430667,45.94776283642377],[-123.65889698115456,45.947600183078798],[-123.65892228669611,45.94758111614069],[-123.65899099613725,45.947529348802355],[-123.65925161446916,45.947549673729839],[-123.65928341123694,45.947555327731123],[-123.65951862880591,45.947597150582865],[-123.65977511758246,45.94772004992133],[-123.66017037540914,45.947784573510873],[-123.66045168194206,45.947824834039004],[-123.66068578649838,45.947808297475788],[-123.66107276634972,45.947811561066096],[-123.66158289714168,45.947650987198749],[-123.6616627843199,45.947537429429744],[-123.66176902806856,45.94738640701177],[-123.66193786103632,45.947163277717721],[-123.66223419189235,45.947032354534507],[-123.66247955683072,45.946865230506013],[-123.66262470751265,45.946745201286973],[-123.66284880304006,45.946651946306496],[-123.66309852840084,45.946548025077021],[-123.66333787103355,45.946360567985948],[-123.66364321558514,45.946215736803261],[-123.66383555297232,45.946063698258733],[-123.66399555100928,45.945946683650163],[-123.66416194684764,45.945856819706002],[-123.66435204383652,45.945841460613117],[-123.66461923064979,45.945803532274084],[-123.66488567365799,45.945840766646093],[-123.66507089459147,45.945914338343698],[-123.66530819715021,45.945955770789588],[-123.66535741225134,45.945969621990841],[-123.6657955951756,45.946092937818136],[-123.66598712497731,45.946178986145924],[-123.66604663656825,45.946205724006752],[-123.66629484916608,45.946267352959218],[-123.66657370150166,45.946263262270527],[-123.66684596379629,45.946228609146864],[-123.66710937768535,45.946122468439512],[-123.66737222204254,45.946006095450855],[-123.66757960890568,45.945949278994313],[-123.66780336127664,45.945922761504789],[-123.66800961446587,45.945845480749455],[-123.66821971513944,45.945783459058198],[-123.66836609830995,45.945740245652253],[-123.6685710300774,45.945639091096183],[-123.66879251420228,45.945571646710903],[-123.66909672957156,45.945495141264779],[-123.66935226613393,45.945512165109875],[-123.66960834797364,45.945450617145333],[-123.66978623595946,45.945433134797526],[-123.66989564896443,45.94542238291352],[-123.67007256676975,45.945345890378846],[-123.67022428413641,45.945256413986456],[-123.67038540057587,45.94515985277819],[-123.67057792571093,45.945100015314551],[-123.67061307049978,45.945027342020609],[-123.67060719731447,45.944921315196765],[-123.67060419244983,45.94486705242133],[-123.67072711970994,45.944699794437028],[-123.67089220131308,45.944674851706829],[-123.67096046339323,45.944638311783059],[-123.67120127387309,45.944509405870519],[-123.67148082509793,45.9443413410091],[-123.67167878953208,45.94416195632612],[-123.67169060866624,45.944151246047213],[-123.6720346301824,45.943909715778666],[-123.67219760523619,45.943758452354523],[-123.67233653777973,45.943703473208757],[-123.67248384980819,45.943667090682993],[-123.6725538788745,45.943649793920635],[-123.67268416872669,45.943615540818307],[-123.67294212894365,45.943588089597831],[-123.67315395977252,45.943346705545054],[-123.67331617395324,45.943181799201653],[-123.67354496317802,45.943069745838201],[-123.67369383378352,45.942929108183385],[-123.67372016250619,45.942900176164855],[-123.67382765940467,45.942782046094287],[-123.67392070151189,45.942694147848457],[-123.67403516215047,45.942551023054918],[-123.6743115638819,45.942591381084576],[-123.6746453320274,45.942695085475457],[-123.67474263484405,45.942718225055373],[-123.67509680552627,45.942802443349834],[-123.67532069983106,45.942690518525936],[-123.67559310136457,45.942570452782242],[-123.67577955837987,45.942401473770332],[-123.67581375993768,45.942371583229857],[-123.67595699541141,45.942246400096877],[-123.67610437571187,45.942167278923826],[-123.67628426963573,45.94205653907629],[-123.67646416445791,45.941945800881619],[-123.67676775010816,45.941770241475538],[-123.67697038129018,45.941628146268656],[-123.67717373651431,45.941410892051273],[-123.67719584135851,45.94119170045856],[-123.67717398624595,45.941062500425538],[-123.6772918083803,45.940891958219737],[-123.67747636366217,45.940688870356617],[-123.67777110899171,45.940530625326204],[-123.67793705477413,45.94034511817447],[-123.67808401466307,45.940170371427797],[-123.67825913224456,45.939885565240985],[-123.67840003120023,45.939601684025909],[-123.67845767339708,45.939405441330464],[-123.67859447334013,45.939224135943974],[-123.67869538648586,45.939101864968329],[-123.67894184377563,45.939043971308649],[-123.6792704142689,45.938877975164999],[-123.67961645340117,45.938673935982806],[-123.67971959975874,45.938503785623269],[-123.68005911622375,45.938446789056165],[-123.68036502042575,45.938489751389142],[-123.68058009237612,45.938534499124607],[-123.68058293913727,45.938535091979205],[-123.68062141667585,45.938519759594712],[-123.68081283239154,45.938443486806861],[-123.6810370779376,45.938338370723685],[-123.68122957073329,45.938278515901864],[-123.68131991160648,45.938253673985955],[-123.68142244082141,45.93822548106855],[-123.68160871727537,45.938141885538883],[-123.68166453140059,45.938089142943916],[-123.68179476465892,45.937966074819698],[-123.6819076164148,45.937864861723369],[-123.6819439802175,45.937832248068489],[-123.68217314942964,45.937815800983515],[-123.68234953812724,45.937906664398184],[-123.68266540734071,45.937952766376043],[-123.68297335610832,45.937944433213332],[-123.68308279157117,45.937941472032207],[-123.68315421392445,45.937939538518272],[-123.68324139901604,45.937834712600704],[-123.68327473190297,45.937553735233124],[-123.68320788107619,45.937319871632006],[-123.6831745293246,45.937160243828622],[-123.68320054992513,45.936923866515684],[-123.68325480277839,45.936755036473926],[-123.68333648658718,45.936551306846454],[-123.68343805909636,45.936265067657473],[-123.68361014755872,45.936014490484233],[-123.68378526873346,45.935818477494372],[-123.68392014538348,45.935603062262217],[-123.6840713857447,45.93549187447843],[-123.68410826338375,45.93546476347278],[-123.68436234377702,45.935280275835659],[-123.68462790553795,45.935126216211913],[-123.68492639863886,45.935036159797228],[-123.68515498753933,45.935009475276345],[-123.68543696152049,45.934974515235865],[-123.68553130259164,45.934910479665085],[-123.68589285473057,45.934986075704899],[-123.68618028597707,45.934961211072263],[-123.68651735363461,45.934948662859611],[-123.6868575097001,45.93496436608671],[-123.6869835927418,45.934970185682133],[-123.6873005399336,45.934947934394714],[-123.6874410508171,45.93474602429513],[-123.68756243836481,45.934640267072467],[-123.68764847001955,45.93451497526884],[-123.6876566294173,45.934309819825089],[-123.68765653239925,45.934132213877795],[-123.6877748791497,45.933971890904694],[-123.68789773184965,45.933804612546993],[-123.68792904981542,45.933663725223937],[-123.68803050284863,45.933551676990469],[-123.68813181484639,45.933525022993855],[-123.68838616203931,45.933521543016298],[-123.68882016689915,45.933403894031635],[-123.68923855275115,45.933269588314126],[-123.68958718352303,45.933113264538832],[-123.68989372193563,45.932992236515972],[-123.68999815737561,45.932845949662081],[-123.68998338907234,45.932668740760974],[-123.68991504973711,45.93249639960387],[-123.68978564113222,45.93237011767151],[-123.68969648334027,45.932250503791778],[-123.68965338307123,45.932192679827722],[-123.68949389078581,45.932053550936985],[-123.68940885087113,45.931932896724845],[-123.68932191281627,45.931778138657357],[-123.68917262808739,45.931734368891881],[-123.68905361838024,45.931706856182444],[-123.68906671132552,45.93159037108687],[-123.68905080755171,45.931392698622545],[-123.68902754657576,45.931150824117253],[-123.68899475267798,45.931001427775399],[-123.68900105795296,45.930850971992328],[-123.68896000763944,45.930729124914315],[-123.68895729921884,45.930592574669504],[-123.68907677425331,45.930452711366478],[-123.68910509723591,45.930388164480938],[-123.68917233074504,45.930234939757128],[-123.68918689153746,45.930056934002337],[-123.68912610344051,45.929932207295927],[-123.68900609570508,45.929798837264443],[-123.68886616064168,45.929659178773676],[-123.68877322902723,45.929618559530468],[-123.68875579093095,45.929610937405172],[-123.68838729211993,45.929497967501405],[-123.68819023049267,45.929387181107003],[-123.68816175749143,45.929227420500958],[-123.68823947523825,45.929040872070537],[-123.68840834234199,45.928821112349709],[-123.68853194244024,45.928667475910146],[-123.68861098699873,45.928504800907518],[-123.68875557892854,45.928398956803697],[-123.68877088711928,45.928387751114315],[-123.6888922567007,45.928281991764081],[-123.68897149170202,45.928122726591049],[-123.68897120064786,45.927941707979279],[-123.68891269876329,45.927788043485585],[-123.68890813621998,45.927776054752968],[-123.68888891676447,45.927694602908595],[-123.68894333400944,45.927529178885102],[-123.68898607764729,45.927329916097065],[-123.68903427675386,45.927140751938772],[-123.68921447969817,45.927036812257946],[-123.68933413709064,45.92690036039663],[-123.68938442567857,45.92674871002712],[-123.68948287474549,45.926670897667975],[-123.68964371719882,45.926570898659818],[-123.68977637680672,45.926492156898156],[-123.69000340892677,45.926438181014007],[-123.69005917364467,45.926428245251614],[-123.69014812123082,45.926400098809786],[-123.69024434247585,45.926370164026949],[-123.69035389471971,45.926315956828589],[-123.69038375561807,45.926307789377795],[-123.69038824449954,45.926299952473052],[-123.69049330516697,45.926239079893037],[-123.69079783314997,45.926124862160115],[-123.69100217292763,45.926094089297855],[-123.69119624765658,45.926073685896014],[-123.69140363631634,45.926032739102034],[-123.69154703528345,45.926011187816833],[-123.69171181145938,45.925984010940688],[-123.69186238976226,45.925896673432206],[-123.69196678477805,45.925888793979048],[-123.69209686891602,45.925887786083784],[-123.69217599791614,45.925880592098217],[-123.69222120024293,45.925867998090979],[-123.69228634876227,45.925849845969331],[-123.69242613829857,45.925828392090978],[-123.69253939609297,45.925784952554586],[-123.69272198226773,45.925862100058048],[-123.69297425704728,45.925939230583062],[-123.69325874002304,45.92602154918093],[-123.6936794570032,45.926029509846487],[-123.69402107283102,45.925998295157932],[-123.69419466147988,45.925982432553198],[-123.69451816098338,45.925963465655848],[-123.69492961273973,45.92595228759302],[-123.69526828748329,45.926009252012385],[-123.6953857017825,45.926087497074697],[-123.69565046404281,45.926192275838872],[-123.69605865132139,45.926320658220376],[-123.69642532565406,45.926354447119095],[-123.69680684554513,45.926394972525451],[-123.69702409052019,45.926432329905559],[-123.69726374576662,45.926675211623504],[-123.69730878729497,45.926771334514015],[-123.69739208807127,45.926949112122017],[-123.69760484236821,45.927167275912005],[-123.69796461853781,45.927340722726576],[-123.69825218453161,45.927396523516734],[-123.69860902860015,45.927386818492153],[-123.69909118675248,45.927335529046339],[-123.69930439200371,45.927311631987394],[-123.69934422599835,45.927321498859051],[-123.69949620387641,45.927075013370263],[-123.69958996822913,45.926922943581843],[-123.69953161187166,45.926578703658961],[-123.6995489637297,45.926344646309829],[-123.6996159034897,45.926119770217348],[-123.69963355179178,45.925835737923862],[-123.69959614145178,45.925664043510096],[-123.69959614145178,45.92549272160749],[-123.69959614055347,45.925363572476989],[-123.69964857341996,45.925170975475083],[-123.69969264476781,45.92494832540411],[-123.69966980779664,45.92477299962308],[-123.69961502493737,45.924731083944501],[-123.69935381012409,45.924581409114673],[-123.69930146169924,45.924457676767275],[-123.69912538202209,45.924062685840006],[-123.69914441732296,45.923934195127742],[-123.69927766712397,45.923853293160896],[-123.69936808704891,45.923805704742762],[-123.69949484742034,45.923757497651032],[-123.69956758760216,45.923693849678585],[-123.69973890890327,45.923565357487149],[-123.69982456955381,45.923493974474134],[-123.69995306008046,45.92335120692281],[-123.70009582843025,45.923251269418259],[-123.70021004203213,45.923137055531761],[-123.7003242565323,45.92296573394875],[-123.70033853345709,45.92286579637473],[-123.70038136333321,45.922808690001382],[-123.70045274705896,45.922737305389923],[-123.70049557783337,45.922637368029264],[-123.70049557783337,45.922508877765239],[-123.70052413078466,45.922294726247245],[-123.70052413078466,45.922137681650305],[-123.70049557693505,45.921980636608829],[-123.70045274705896,45.921837868912498],[-123.70036708640838,45.921737931806412],[-123.70028142575784,45.921680825521975],[-123.70019576510731,45.921595164735322],[-123.70015293433288,45.921509503191551],[-123.70009582843025,45.921395290093713],[-123.700038720731,45.921309629491077],[-123.70001016688138,45.921152584605395],[-123.69996733610695,45.92100981727792],[-123.69992450623084,45.92086704958308],[-123.69989595327954,45.920781388789862],[-123.69983884558029,45.920638621132113],[-123.69973890800492,45.920495853731978],[-123.69962469440307,45.920395916083322],[-123.69956758760216,45.920310255812531],[-123.69948192695159,45.920167487567468],[-123.69941054232754,45.920038997207648],[-123.6993121687191,45.919858178440087],[-123.69925506101985,45.919793932939207],[-123.69922293906194,45.91969756486089],[-123.69916583136269,45.919504828202136],[-123.69912787574529,45.919266663950332],[-123.69911073049981,45.919210944347867],[-123.69906789972538,45.919068176398824],[-123.69896796304835,45.918725534446999],[-123.69898223907479,45.918611319992912],[-123.6991392834511,45.918411445226127],[-123.69923922192476,45.918254401511334],[-123.69936771155311,45.918025972928241],[-123.69942481925236,45.917840375496297],[-123.69948192605329,45.917626222832368],[-123.69955330977903,45.917412071841746],[-123.69963896953126,45.917169367053205],[-123.69978173788104,45.916940939003048],[-123.69988167545641,45.916798170837971],[-123.69990445493539,45.916735524193129],[-123.69993878225735,45.916641126307034],[-123.70003282329117,45.916423710451788],[-123.70005682897049,45.916266764855663],[-123.70014544687496,45.916093099052418],[-123.70016696511928,45.915855892610914],[-123.7001462706301,45.915641069816914],[-123.6999991598242,45.915341714455288],[-123.69976204681004,45.915265143550748],[-123.69959196518403,45.915210218026758],[-123.69944328502136,45.915038315734833],[-123.69940734522348,45.9149207969161],[-123.69947515994257,45.914713783420439],[-123.69952155972364,45.91461027732047],[-123.69961746296502,45.914448542949813],[-123.69963896953126,45.914371120830197],[-123.69964823834837,45.914241347070728],[-123.69967333278584,45.914127057137826],[-123.69981231473668,45.913708657239397],[-123.69991417111352,45.913550227097794],[-123.7000856927389,45.913446088205006],[-123.70011404536588,45.91342887514088],[-123.70031035150998,45.913396752115247],[-123.70050308774915,45.913350352225912],[-123.70064942420726,45.913307521668649],[-123.70077434662559,45.913353921593796],[-123.70089926814565,45.913436012616309],[-123.70105274351529,45.913414597687371],[-123.70129544854213,45.913318229154839],[-123.7015702755269,45.913303952922782],[-123.70173088890981,45.91332893726392],[-123.70180941244541,45.913303952922782],[-123.70208423943018,45.913214722951977],[-123.7022801718751,45.913186148556036],[-123.70271249149549,45.913110940305472],[-123.70298326977327,45.912979184839898],[-123.70313119804604,45.912869374837875],[-123.70329930158181,45.912787014224982],[-123.70338555691707,45.912724553678721],[-123.70341530013613,45.912659118031016],[-123.70339447988277,45.912605580568666],[-123.70336823829669,45.912556013103881],[-123.70336771098565,45.912555017466588],[-123.70335878801991,45.91248660782864],[-123.70340935149231,45.912409274848301],[-123.70351118541123,45.912355690894252],[-123.70356733281143,45.912290472315384],[-123.70381931204527,45.91199778402985],[-123.70405903825862,45.911466435832246],[-123.70425086180943,45.910933359976099],[-123.70428304395448,45.910498675199158],[-123.70428755349721,45.910409179454774],[-123.70430142618015,45.910349812643823],[-123.70431855884925,45.910304126495014],[-123.70433378708995,45.910237501679376],[-123.70433569062003,45.910172780639058],[-123.70433569062003,45.910098540860126],[-123.70431475178908,45.910043337707009],[-123.70429896479627,45.90995147983849],[-123.70429704958809,45.909923715060884],[-123.70427477586061,45.909820620053033],[-123.70426145115002,45.909765417248515],[-123.70423099377031,45.909679756818129],[-123.70421005583766,45.909609324129043],[-123.70416817637911,45.909542699104392],[-123.70418340551811,45.909516049197215],[-123.70423670525889,45.909510338813625],[-123.70428239087927,45.909514145944399],[-123.70431226165911,45.909517659930273],[-123.70434711180057,45.909521759580159],[-123.70444038657145,45.909514145944399],[-123.70454413120699,45.909512242066519],[-123.70459124514868,45.909503676490409],[-123.70468689955678,45.909490827498715],[-123.7047597107055,45.909463701284153],[-123.70482113840292,45.909446086957573],[-123.70490824084952,45.909453054308514],[-123.70498956712882,45.909463701284153],[-123.70507665430405,45.909477977253943],[-123.70515660436433,45.909455134450454],[-123.7052194217555,45.909429436441563],[-123.7052237058211,45.9093808962118],[-123.70521774190594,45.909328765061559],[-123.70517848013812,45.909143166668564],[-123.70511423442564,45.909007537738965],[-123.70503571268665,45.908811232418458],[-123.70498574389897,45.908704156269145],[-123.70504781299354,45.908548970867109],[-123.70548124472822,45.908224166833911],[-123.70568410498063,45.908081366867812],[-123.70585335027511,45.907962229414849],[-123.70611819877371,45.907958039641215],[-123.70667657628292,45.907918539617484],[-123.70706217003379,45.90782004571016],[-123.70723473550159,45.907746021556036],[-123.70750776046589,45.907628904837779],[-123.70773930841689,45.907340459298354],[-123.70804861723381,45.907043823846493],[-123.70819075227134,45.906604558064558],[-123.7085915985174,45.906419245598883],[-123.70887500710811,45.90628106344424],[-123.70896684457453,45.906204508792335],[-123.70911580231662,45.90608033728747],[-123.70938826493555,45.90581248896266],[-123.70941630045728,45.905742916483206],[-123.70944723304576,45.905700086306105],[-123.70953021671677,45.905674076516448],[-123.70960665705924,45.905650116995083],[-123.70972087066109,45.905550179488294],[-123.70969300761593,45.905516743595548],[-123.70964948783366,45.905464519428683],[-123.70945913033339,45.905307475330233],[-123.70936871040847,45.905145671343561],[-123.70943057738207,45.904960073340852],[-123.70963521001055,45.904869654778373],[-123.70990646888698,45.904826823302415],[-123.71025387076355,45.904769717116757],[-123.71051561198958,45.904779234818406],[-123.71081542291903,45.904826823302415],[-123.71121544540998,45.90484820341414],[-123.71153820829494,45.90481079024476],[-123.71172028063333,45.904789684535388],[-123.71201284575173,45.904815060893185],[-123.71256251858584,45.90494073482752],[-123.71275287608613,45.904958191185024],[-123.71305986904629,45.904986342878594],[-123.71355411492908,45.904945852467534],[-123.71411500682279,45.904951752098818],[-123.71447469585584,45.9050116897671],[-123.71499427063638,45.905183403083541],[-123.71548842489102,45.905266092525146],[-123.71602608994479,45.905400032231782],[-123.7166161636105,45.905538602258012],[-123.71735265368439,45.905730801095324],[-123.71779699905149,45.905827849766226],[-123.71838639898075,45.905799579108425],[-123.71891718293944,45.905733473331786],[-123.71918168109505,45.905723196315876],[-123.71951423831156,45.905686785747562],[-123.71989488593844,45.905601362806365],[-123.72004186648861,45.905487280737809],[-123.72021379774577,45.90537639326255],[-123.72045132129008,45.905272809739834],[-123.72082164368109,45.90513524919762],[-123.72114527883018,45.905069250145765],[-123.7212856316102,45.905040627799707],[-123.72152850372365,45.90480037928765],[-123.72159604086335,45.904626571336628],[-123.72169173479729,45.904380296321307],[-123.72181728693468,45.904140229356763],[-123.72202936210526,45.903970599412169],[-123.72250416395374,45.903798050327808],[-123.72292676110781,45.903624430521759],[-123.72322679661607,45.903473621066119],[-123.72327309309087,45.903372972015376],[-123.72324097023461,45.903301587404719],[-123.72323383222137,45.903187374337193],[-123.72336946076128,45.903094574952867],[-123.72347296734327,45.903037467610439],[-123.72355326594987,45.902991822951826],[-123.72367462475151,45.902705959436908],[-123.72370386401569,45.902453363425124],[-123.72371532382377,45.902297827982558],[-123.72374328388698,45.901918359382016],[-123.72389816871332,45.901659283436089],[-123.72442479976043,45.901365740794304],[-123.7251015078505,45.901268299864924],[-123.72536443395437,45.901240064393264],[-123.72555261573504,45.901185056849698],[-123.72569538408482,45.90115828853007],[-123.72588276726319,45.90115828853007],[-123.7261088148297,45.90117018486805],[-123.72637947991977,45.901253466663896],[-123.72655199059031,45.901298080654726],[-123.72684942278087,45.901372439101777],[-123.72703085731543,45.901393259799192],[-123.72718849637643,45.901431925537672],[-123.72735883492061,45.901441852648482],[-123.72756536928253,45.901425159723019],[-123.72781807166017,45.901205863864405],[-123.72790076876859,45.901070009871169],[-123.7279236506555,45.900950481662399],[-123.72793316830592,45.900817232002282],[-123.7280140696821,45.900660187260158],[-123.72809497195661,45.900607839122443],[-123.72820918645677,45.900555490935368],[-123.72827581090813,45.90049362551445],[-123.72839954216039,45.900369893215554],[-123.72859941731113,45.900322303411698],[-123.72890874768764,45.900274714817328],[-123.72913241651528,45.900184294875331],[-123.72929081734765,45.900121827648725],[-123.7291171532403,45.899893005603907],[-123.72886527192283,45.899751648312176],[-123.72856610508546,45.899553737996804],[-123.72838764577112,45.899325309960147],[-123.72817349279727,45.899118296435596],[-123.72810924798308,45.899032635829059],[-123.72790937373068,45.898961252514525],[-123.72771048672679,45.898833454496696],[-123.72749058812839,45.898713787688052],[-123.72718601702626,45.898661440215896],[-123.72705276722522,45.89860909206925],[-123.7271336686014,45.898551985114374],[-123.72726216002637,45.898494877475592],[-123.72744775735396,45.898471083025569],[-123.72772853477916,45.89846632425936],[-123.72775232845609,45.898399699614238],[-123.72777612303133,45.898290243996776],[-123.72784750765538,45.898199824574085],[-123.72796648053159,45.898123681393308],[-123.72806641810696,45.897961878350443],[-123.72816159640796,45.897790557813401],[-123.72825460258258,45.897617176167977],[-123.72844901058647,45.897366108698066],[-123.72866240628053,45.897220696930361],[-123.7289927760993,45.897041724375129],[-123.7290834511458,45.896901290723513],[-123.72906525397308,45.896736376319929],[-123.72901928268838,45.896537416819761],[-123.72931967572616,45.896316805636317],[-123.72964490089329,45.896074274928857],[-123.72998761356409,45.895679580242799],[-123.73019416768894,45.895413006538398],[-123.73050217035545,45.895019262465901],[-123.73090361577782,45.894719101899014],[-123.73113571798937,45.894389041441677],[-123.73135172508594,45.894213216466952],[-123.73150471087379,45.893969617454651],[-123.73140807730204,45.893671670746727],[-123.7312274557428,45.893473379883183],[-123.73104126642545,45.893099287320098],[-123.73095222002461,45.892752861203157],[-123.73090878558229,45.892525371799877],[-123.73089056774835,45.892429951744759],[-123.73054112040788,45.892242368624693],[-123.72996231790401,45.892224908269121],[-123.72974430217444,45.892133821845434],[-123.72962202978617,45.891891452938623],[-123.72955266457488,45.891662798930753],[-123.72952766985041,45.891296409096171],[-123.72942493941285,45.890938223891411],[-123.72928907731094,45.890762969476896],[-123.72905625015899,45.890563075702751],[-123.72872587584861,45.890405301045881],[-123.72853275692717,45.89039629796784],[-123.72831643092864,45.89038621256794],[-123.72798991308579,45.890373945642928],[-123.72792243253998,45.89017860923714],[-123.72790357690215,45.890013742397564],[-123.72788819145629,45.889879215340862],[-123.7277942474405,45.889599662656863],[-123.72770098704265,45.889332225033762],[-123.72764564273632,45.888966668946146],[-123.72766440405104,45.88875986253813],[-123.72813850431527,45.888461671534571],[-123.7283312046218,45.88833503113301],[-123.72853172386458,45.888193004755308],[-123.72875560828787,45.887925956164828],[-123.72893550580501,45.887572138128121],[-123.72944165706025,45.8873033988895],[-123.73003957391676,45.887044268509776],[-123.73020182492843,45.886916988950254],[-123.73036838875176,45.886786326863081],[-123.73067775146764,45.886574703778656],[-123.73076743567235,45.886393249480889],[-123.73073545115663,45.886229059865471],[-123.73067573744477,45.885922513047944],[-123.73063291116189,45.885702229880891],[-123.73064315195614,45.885570875217738],[-123.73066064305304,45.885346524239097],[-123.73055982782365,45.885176374770133],[-123.73037575403877,45.884993345105812],[-123.73027869556391,45.884889833612498],[-123.7302333144724,45.884851759163475],[-123.73008263376155,45.884725336898079],[-123.73035335275054,45.884441827487308],[-123.73071250189608,45.884154119431727],[-123.73090508542164,45.883904497517065],[-123.73101930082014,45.883633237950995],[-123.73114029041417,45.883452438151245],[-123.73139266131344,45.883305947515566],[-123.73175209252999,45.883132241122027],[-123.73221429101504,45.88292855970959],[-123.73279932603033,45.882599836834828],[-123.73284398936795,45.882500287452217],[-123.73293437785182,45.882298816830904],[-123.73327822239987,45.882080029517056],[-123.73361960825896,45.881894678972415],[-123.73397047673421,45.881569515763672],[-123.73403401457428,45.881309900873774],[-123.73382900285677,45.881063745695279],[-123.73398949047554,45.880828765323855],[-123.73417040219061,45.880677917720114],[-123.73431306903078,45.880558959104143],[-123.73444176527165,45.880297346435128],[-123.73445760436674,45.880265147954255],[-123.73465909378999,45.879994262103075],[-123.73484867334925,45.879813087117313],[-123.73493064102567,45.879495323729486],[-123.73498824010336,45.879164609957364],[-123.735239116206,45.878804242717486],[-123.73546109799757,45.878658577847553],[-123.73576627007265,45.878601634242301],[-123.7360466809852,45.878490764369545],[-123.73629942019375,45.878274475517266],[-123.73647803042506,45.878130003763502],[-123.73654491269289,45.878006812011101],[-123.73666543426469,45.877833603752549],[-123.73677045001637,45.877817368401729],[-123.73692809087397,45.87779299660464],[-123.73718704283104,45.87760990571698],[-123.73721055174204,45.877504256600609],[-123.73725632629565,45.877298555762557],[-123.73737732487284,45.877253717983329],[-123.73759241838279,45.877174013165913],[-123.73788365579115,45.877178122083578],[-123.73812536817958,45.877074380263537],[-123.73817552830845,45.876809063769556],[-123.73831472585498,45.876523407569543],[-123.73851304692026,45.876402341167037],[-123.73879304101452,45.876361251403495],[-123.73912136357276,45.876406807253524],[-123.73943199830306,45.876446782495236],[-123.73982634074649,45.876353997212128],[-123.74022444713096,45.876327849843832],[-123.74048030439188,45.876320792653985],[-123.74087026754827,45.876294979242189],[-123.74116558869791,45.876150202141346],[-123.74144070044865,45.876090153891106],[-123.74154743018585,45.876066857056301],[-123.74165783493092,45.875945495711846],[-123.74165192581297,45.87564714336024],[-123.7416887441632,45.875596259527704],[-123.7417988641423,45.875444070565372],[-123.74225511398355,45.87530988223007],[-123.74255950182935,45.875147008908563],[-123.74279600309083,45.875028232960048],[-123.74302953901356,45.874933807929366],[-123.74325445200789,45.874763776674214],[-123.74347718568933,45.87447852274834],[-123.74358342045481,45.874360308264968],[-123.74366814236589,45.874245719200246],[-123.74398260302101,45.874096356658505],[-123.74404938198258,45.873998560789559],[-123.74429403365863,45.873870454526845],[-123.74444485450663,45.873814130833303],[-123.74457474730346,45.873765622636625],[-123.74477319143791,45.873741938927942],[-123.74506850450274,45.873588161882566],[-123.74497092590333,45.873475575785527],[-123.74467444053704,45.873301739211442],[-123.74462284759535,45.873157544112956],[-123.74469319197031,45.87283005686983],[-123.74487370124011,45.872644891876483],[-123.74509014222299,45.872589460719873],[-123.74549583937161,45.872314316840189],[-123.74581029912841,45.872038658717983],[-123.74613874745079,45.87185665969826],[-123.74632723465862,45.87165729083501],[-123.74652684121307,45.871424242793509],[-123.74664908305863,45.871205467701124],[-123.74672977153409,45.870866490827304],[-123.74676318167612,45.870689609391704],[-123.74672707838486,45.870510483792728],[-123.74667257849489,45.870240083300097],[-123.74663382068194,45.870092501384157],[-123.74659493800318,45.869866043806873],[-123.74676688273509,45.869758143843121],[-123.74704739875055,45.869650276195429],[-123.74738292220414,45.869450475958907],[-123.74751996020071,45.869176081521147],[-123.74765491141089,45.869060876285815],[-123.74787621048283,45.86887195637167],[-123.74818355019265,45.868854357315378],[-123.74864393857241,45.868702072953752],[-123.74902159930099,45.868546007008455],[-123.74898966958254,45.868426278695367],[-123.74893887793806,45.86823581725254],[-123.749159612868,45.868151757853056],[-123.74935122172147,45.868078791719242],[-123.74944850297852,45.867803061298069],[-123.74971239207638,45.867631937347682],[-123.7500911999536,45.867572916370236],[-123.75047546150292,45.867380257692297],[-123.75072123517475,45.867186400478843],[-123.75106959824866,45.867136282666735],[-123.75152546630592,45.867287487922113],[-123.75160012528917,45.867455313339143],[-123.75180407968958,45.867641066090066],[-123.75216319020757,45.867871686123934],[-123.75256036414075,45.868009007455065],[-123.7529277113116,45.868198235549606],[-123.75340664720699,45.868373065750959],[-123.75381556212096,45.868461853626961],[-123.75410242293728,45.868466043253257],[-123.75461040855234,45.86841106767482],[-123.75499245485616,45.868538464065409],[-123.75537873312328,45.868457032241132],[-123.75572251029767,45.868393846903018],[-123.75617812682661,45.868387286607614],[-123.7564865328367,45.868409162387557],[-123.75676240995203,45.868428730047476],[-123.75699889684047,45.868139076310712],[-123.75715717909522,45.867962717878683],[-123.7574565938676,45.867805760380207],[-123.75781481505346,45.867613798705975],[-123.75798148487802,45.8675550854623],[-123.75824481612207,45.867462318485941],[-123.75852694641013,45.867154147486993],[-123.75879114902001,45.866989062192388],[-123.75902290358353,45.866864314464358],[-123.75909701818773,45.866716637262918],[-123.75926623563446,45.86640856346537],[-123.75945517649151,45.866218260248715],[-123.75963648795688,45.865913527787434],[-123.75966832514887,45.865766378513314],[-123.75970101124881,45.865506108039384],[-123.75970109479213,45.865505444344237],[-123.75970120618322,45.865504559834427],[-123.75974376027655,45.865403877625489],[-123.75989113518709,45.865270438841094],[-123.76010400087515,45.864966934130173],[-123.76024308253901,45.864829668463997],[-123.76033986702771,45.864656040053468],[-123.76043046841232,45.864583285145002],[-123.76058649230248,45.864730643355458],[-123.76078485289361,45.864951104751448],[-123.76083425394602,45.864988743071947],[-123.76092467297262,45.865079162763386],[-123.76102936982237,45.865179100541027],[-123.76110551282247,45.865255243221],[-123.76131014634926,45.865398010699479],[-123.7615290559025,45.865497948529466],[-123.76168134100443,45.86551698363089],[-123.76184790482776,45.865555054439788],[-123.7620477799785,45.865564573232582],[-123.76222385965566,45.865564573232582],[-123.76242373390805,45.865569331690097],[-123.76255698370912,45.865578849229415],[-123.76270926881099,45.865583608936753],[-123.76281396655905,45.865583608936753],[-123.76291390233779,45.865578849229415],[-123.76300432226272,45.86557409077276],[-123.76324508692852,45.865576597923365],[-123.76379068230959,45.865571696218581],[-123.7643540176209,45.865615015863952],[-123.76473013414552,45.865521765862873],[-123.76489161979256,45.865481728340924],[-123.76512058598544,45.865383730277472],[-123.76523267776659,45.865335753937664],[-123.76534460515605,45.865196088356491],[-123.76551840401069,45.865015329901972],[-123.76605531268298,45.865064112216835],[-123.76629288832953,45.865118182193363],[-123.76663902986976,45.865172265253619],[-123.76687158123895,45.865214339133324],[-123.76716103369482,45.865259035245487],[-123.76753750774895,45.865317167285987],[-123.7681723157192,45.865234097456629],[-123.76878134743069,45.865187651686398],[-123.76888804482856,45.865165968556376],[-123.7690605554991,45.865106482059659],[-123.76918547701915,45.865046995499291],[-123.76926875893082,45.864999406080059],[-123.76936988587561,45.864939919405067],[-123.76947696146419,45.86488043266646],[-123.76958998569663,45.864838792036664],[-123.76967326670999,45.864814997555825],[-123.76977439365477,45.864803100311562],[-123.76988741788719,45.864803100311562],[-123.76998259708651,45.864803100311562],[-123.77007777538746,45.864797151375676],[-123.77015510775702,45.864779305815411],[-123.77022054283894,45.864785254753151],[-123.77029787520851,45.864803100311562],[-123.77036331118875,45.864820946489758],[-123.77044064355829,45.864844740968095],[-123.77051797502951,45.864868536061763],[-123.77062505151645,45.864916124341953],[-123.77073807574888,45.864951815994537],[-123.77087489545484,45.865029149393663],[-123.77095817556989,45.865064840973631],[-123.77105335476917,45.865112430962398],[-123.77114258352805,45.865160019033809],[-123.7712258654397,45.865207608941098],[-123.77128535187785,45.865249249294628],[-123.77136268424736,45.865308735638578],[-123.77145191390454,45.865356325418595],[-123.77153519581624,45.865397965035186],[-123.77166011733627,45.86543365762946],[-123.77185642258205,45.865505040872655],[-123.77193970359541,45.865552630484579],[-123.77202893415088,45.865594271205218],[-123.77209436833451,45.865618065978055],[-123.77229067447861,45.865671603710624],[-123.77242154464244,45.865713244342139],[-123.77249887701198,45.86576083377583],[-123.77258810756749,45.865820320197884],[-123.77271302908753,45.865885754750714],[-123.77287075528511,45.865936237750233],[-123.77330222599755,45.866039499311917],[-123.77361056912557,45.866115853493781],[-123.77396037758875,45.866081832756073],[-123.77425536905672,45.866152489552022],[-123.77440085750517,45.86626675251366],[-123.77451738247224,45.866406092632829],[-123.77454150672921,45.866458283473129],[-123.77461152771066,45.866609767054804],[-123.7747875525906,45.86665036673638],[-123.77504613983164,45.866615853412149],[-123.77545422829553,45.866537730304735],[-123.77627905060965,45.866608774972221],[-123.77655635784289,45.866673852048187],[-123.77690147799866,45.866709731480391],[-123.77716413999784,45.866659389300771],[-123.77729932746493,45.866680428809495],[-123.77762831208156,45.866813838562898],[-123.77778958303124,45.867052043331292],[-123.77789362321251,45.867276675854242],[-123.77799782958209,45.867604310288733],[-123.77806091646787,45.867703644911131],[-123.77813522510817,45.867890336349099],[-123.77834519013616,45.867985914276233],[-123.77864984029004,45.868030175933256],[-123.77896565380796,45.868005530874797],[-123.77928161734454,45.868049476008785],[-123.77957586141413,45.868043898972587],[-123.77986216168173,45.867999783070147],[-123.78016673368217,45.8680140590671],[-123.78064743117385,45.867961212276775],[-123.78065761627253,45.867976659237513],[-123.78076736165417,45.867939731642828],[-123.78110312855117,45.867963725574839],[-123.78145155630379,45.867981297390699],[-123.78134437291737,45.868081373192432],[-123.78121412169276,45.868157823399834],[-123.78127343206108,45.868359431614664],[-123.78117890054708,45.868603283051726],[-123.7815406808581,45.868849263871212],[-123.78173138870135,45.868990720457688],[-123.78183975966057,45.869071103792201],[-123.7822397866431,45.869288205955847],[-123.78253716762973,45.869325714364479],[-123.78335362752684,45.869496628564441],[-123.78390498649875,45.86956919752631],[-123.78419167933014,45.869570283379808],[-123.78460048105636,45.869731780704875],[-123.78482248620408,45.869816587676041],[-123.78502106957743,45.86972002024423],[-123.7852448039821,45.869683425317604],[-123.78547061169843,45.869531486622577],[-123.78574741407851,45.869435763736682],[-123.78617060501895,45.869469432145763],[-123.78666889511717,45.869525269856602],[-123.78708012139637,45.86957747278008],[-123.7874351553596,45.869634282395261],[-123.78791818308112,45.869651101217727],[-123.78830217064424,45.869606980961457],[-123.78880270832731,45.869550494697627],[-123.78917647755408,45.869631044854231],[-123.78955717907992,45.869681060338571],[-123.78996822659438,45.869654380039968],[-123.79020306237931,45.869659937524375],[-123.79041865355593,45.869708508100679],[-123.79075598891141,45.869683889431464],[-123.79100746149543,45.869600998763161],[-123.79147488548048,45.869648578613592],[-123.7917322842504,45.869744516301431],[-123.79196764285483,45.869759157761628],[-123.79230203263452,45.869758886924664],[-123.79254761586353,45.869724699534281],[-123.79270907635775,45.869662532059422],[-123.79282661192953,45.869606987841834],[-123.79277521661719,45.869603180476687],[-123.79272191597809,45.869597470366699],[-123.79266480917718,45.869586048268509],[-123.79261912355678,45.8695651099383],[-123.79257914942495,45.869542266351736],[-123.79254869114691,45.869530845493216],[-123.79249539140616,45.869509905891206],[-123.79239640604501,45.869500387773947],[-123.79232216657499,45.869490870280565],[-123.792226988274,45.869469930663492],[-123.79215084437557,45.869456605789708],[-123.79206328109325,45.869443280912719],[-123.79198713719484,45.869439473536353],[-123.79191099509305,45.86942995603254],[-123.79184056268318,45.869407113015974],[-123.79177203470172,45.86938617461832],[-123.79167685640076,45.869346199301624],[-123.79162926725027,45.869329067014235],[-123.79159690634046,45.869317645486404],[-123.79154741365988,45.869302417195968],[-123.79150553509966,45.86929099566261],[-123.79141120570661,45.869255266138858],[-123.79116850067979,45.869169605760021],[-123.79099717937868,45.869069668275984],[-123.79075018309975,45.868915145217905],[-123.7906461087825,45.868768794522282],[-123.7904974915019,45.868627089046633],[-123.79038327790005,45.86842721445008],[-123.79039837408837,45.868189249514344],[-123.79034044802393,45.867984635109352],[-123.79027940480542,45.86785283385246],[-123.79031918669779,45.86771247777434],[-123.79045466162577,45.867613438410125],[-123.79054409789546,45.867463897286676],[-123.79051254906268,45.867261488914295],[-123.79048162905059,45.867000581779934],[-123.7903338642712,45.866787504678797],[-123.7901251092739,45.866414615440767],[-123.78991080538309,45.866222894169887],[-123.7897681960351,45.866115638936826],[-123.78972536615898,45.865987148567783],[-123.78966825935807,45.865830103546024],[-123.78961115255713,45.86555884519273],[-123.78961115255713,45.865358970197605],[-123.78955404485791,45.865159096360443],[-123.78949693895528,45.865030605031563],[-123.78947374804793,45.864769996445894],[-123.78945466783128,45.864525784140923],[-123.78956832178272,45.86441670340745],[-123.78965398243325,45.864288212864793],[-123.7897069408142,45.864198463104323],[-123.78983936865676,45.864075006511783],[-123.79001090196027,45.863845633724054],[-123.78998894623641,45.863625243011185],[-123.79003683452586,45.863417824307184],[-123.79011083863729,45.863303116345122],[-123.79013939248694,45.863203178322848],[-123.79021093611279,45.863042204394503],[-123.79034414638795,45.862868957627349],[-123.79048802775037,45.862679583775119],[-123.79052574351758,45.862629944214],[-123.79068044868085,45.86247801376404],[-123.79084087701082,45.862286934517684],[-123.7910388279702,45.86197537610456],[-123.7912387022226,45.861789778332493],[-123.79149568417425,45.861518520283155],[-123.7916420350054,45.861245233388466],[-123.79178431736662,45.861085294767989],[-123.79199454380435,45.860789779145861],[-123.79209543179726,45.860603152069849],[-123.79226663002916,45.86046203948613],[-123.79246563022082,45.860317074751336],[-123.79263242221623,45.860167587820563],[-123.79277279475917,45.860043903942923],[-123.79296823852057,45.859907536369882],[-123.79315047794563,45.859818881221422],[-123.79332729064808,45.859635693582256],[-123.79353726106594,45.859319898090909],[-123.79365147556612,45.859205684037306],[-123.79375141314149,45.859034362204298],[-123.79382775287263,45.858911522883865],[-123.79413688561981,45.858848764624412],[-123.7943619109035,45.858774008287227],[-123.79464618457179,45.858727045367992],[-123.7948241354397,45.858702558844776],[-123.79495831409875,45.858679301017006],[-123.7952836569452,45.858653464396745],[-123.79547212259348,45.858673239440954],[-123.7955932756809,45.858770094451444],[-123.79586324547492,45.858821000570572],[-123.79602943380247,45.858869248417577],[-123.79624893534555,45.858874227663584],[-123.79644743876879,45.858929923368102],[-123.7966184061337,45.858991960832434],[-123.79676597957193,45.859063010138343],[-123.79693513413656,45.85909146912352],[-123.79710645453935,45.859134299587311],[-123.79723494506601,45.85916285237731],[-123.79749192791597,45.85919140702952],[-123.79769180127003,45.85919140702952],[-123.79780601577022,45.85919140702952],[-123.79792023027041,45.859148576609769],[-123.7979916139961,45.859062916296857],[-123.7981772113237,45.858920148189789],[-123.79848482681635,45.858803099289261],[-123.79870368965722,45.85879695264331],[-123.79871756683174,45.858899601228607],[-123.79875405999184,45.859048958939134],[-123.79887128025496,45.85928516375553],[-123.79899102029243,45.859426612773994],[-123.79909312460424,45.859677167319632],[-123.79917911224156,45.859786145369725],[-123.7994640883924,45.859959155257009],[-123.79953925761876,45.860087931693812],[-123.79964928327475,45.860199019077804],[-123.7997519894578,45.860321452670213],[-123.79980476278581,45.860447761549729],[-123.80006174653407,45.860576252210173],[-123.80036155746352,45.86071901981844],[-123.80047577196368,45.860747574297058],[-123.80058998646386,45.860804680707915],[-123.80080413764105,45.860861787685714],[-123.80094690509254,45.860890342091011],[-123.80104684266789,45.860918895230448],[-123.80127526987162,45.86093317179467],[-123.80144659207104,45.860961724912116],[-123.8015893595225,45.860976002090936],[-123.80174640389878,45.860990278014896],[-123.80188917224858,45.861018832354212],[-123.80197483200079,45.861033109518374],[-123.80216043022671,45.86110449278177],[-123.80236030537742,45.861161600077224],[-123.80248879590408,45.861232983175661],[-123.80263156425389,45.861275813866513],[-123.80276906667947,45.86128653889407],[-123.80308842045791,45.861161600077224],[-123.80337395625919,45.861118769923934],[-123.8035468828497,45.861019595571392],[-123.80378016275256,45.860970836607812],[-123.80391647311379,45.860861787685714],[-123.80413062429098,45.860633359422586],[-123.80427339174247,45.860362100735962],[-123.80438817577453,45.860263511217504],[-123.80454836515261,45.860000012537796],[-123.80462709799569,45.859844629716008],[-123.80469941866428,45.859578032936717],[-123.8047279949718,45.859382289213265],[-123.80500150682298,45.859205682786119],[-123.8050838796396,45.859169072804626],[-123.80536206812015,45.859180644686937],[-123.80554313704037,45.859002887121513],[-123.80568679202734,45.858777379716194],[-123.80581528255401,45.858606057814669],[-123.80595341829188,45.858445506005324],[-123.80609346474637,45.85838586654873],[-123.80620549634041,45.858324230055025],[-123.80638635325822,45.858220586298472],[-123.80657195148414,45.858220585672839],[-123.80674327188692,45.858177754505277],[-123.80689353488111,45.858154637848152],[-123.80706008433145,45.857938135967537],[-123.80721440501578,45.85786366619282],[-123.80737595623982,45.857748224174934],[-123.80749613465517,45.857758765323695],[-123.80767126301643,45.857792282522361],[-123.80779975264478,45.857778005777291],[-123.80792824317145,45.85774945227611],[-123.80805673459643,45.857735175520041],[-123.80818522602142,45.857649514906576],[-123.8083422703977,45.857592407757636],[-123.80852786682698,45.857492470105861],[-123.80869918992471,45.85737825667799],[-123.80887050942918,45.857249764883548],[-123.80899899995585,45.857106997126138],[-123.80905610855339,45.856964229627771],[-123.80911321625264,45.856850015740555],[-123.80921315382798,45.856750078631414],[-123.80931308960672,45.856650140717058],[-123.80944158013338,45.856593033793025],[-123.8096129023328,45.856521650368343],[-123.8097985005587,45.856407435572102],[-123.80994126801018,45.856336051909175],[-123.81004120468721,45.856321774790217],[-123.81024108073626,45.856278944662577],[-123.81039812421423,45.856236114501989],[-123.81056944641364,45.856179007152761],[-123.81072648989161,45.856107623822254],[-123.81082642746695,45.8561361769152],[-123.81099774876805,45.856236114501989],[-123.8112547307197,45.856264667528961],[-123.81175441679986,45.856236114501989],[-123.81192573989759,45.856221837357374],[-123.8121684440261,45.856150454081806],[-123.81238259520332,45.856079069463348],[-123.81265385407978,45.856079069463348],[-123.8128965591066,45.856093346644656],[-123.81319637183266,45.856093346644656],[-123.81342479993469,45.856093346644656],[-123.81368178098803,45.856093346644656],[-123.81392448601486,45.856064793529718],[-123.81421002181612,45.856050516341071],[-123.81449555761739,45.856050516341071],[-123.81466687802015,45.856036239148807],[-123.81480964547166,45.855979131594317],[-123.81492385997181,45.855879195422659],[-123.81499524369755,45.855822088332559],[-123.81512373512253,45.855650766084686],[-123.81522367179956,45.855536552627974],[-123.81542354784861,45.855365230751751],[-123.81569480492843,45.855193909599052],[-123.81585185020302,45.855065419013805],[-123.81620876883171,45.854851266961553],[-123.81632298333187,45.854808436952659],[-123.81665454701167,45.854921678383384],[-123.81716531291255,45.855065419013805],[-123.81745084781549,45.855222463786824],[-123.81759361616527,45.855365230751751],[-123.81782204426732,45.855550829322915],[-123.81796481171877,45.855764980558135],[-123.81823607149356,45.855950578420732],[-123.8183931140732,45.856050515715467],[-123.81860726614873,45.856150453456159],[-123.81899273952537,45.856250391017284],[-123.81932110520275,45.856250391017284],[-123.81963519305698,45.856250391017284],[-123.81984118124323,45.856199018944018],[-123.82006352685245,45.856184378291736],[-123.82036163637274,45.856170380170319],[-123.8206560861566,45.856162055371861],[-123.82102269221727,45.856229665387332],[-123.82133175399754,45.856404727803238],[-123.82157683416996,45.856464541435443],[-123.82176243239587,45.85655020199745],[-123.82190063460907,45.856661557339983],[-123.82210507499805,45.856821460511611],[-123.82220501167512,45.856935675083115],[-123.82229067322396,45.857007057976311],[-123.82241916375064,45.857092719579477],[-123.82256193299875,45.857106995874851],[-123.82266186877746,45.857106995874851],[-123.82287601995471,45.857106995874851],[-123.82314727883112,45.857106995874851],[-123.82341853770758,45.857106995874851],[-123.82351847438461,45.857106995874851],[-123.82386510281174,45.857135103004993],[-123.82417520573939,45.857235487373551],[-123.82444820285592,45.857224424975371],[-123.82494548594269,45.857277183748593],[-123.82524574962305,45.857368939187282],[-123.82544970492178,45.857449495108575],[-123.82570028188543,45.857509236921125],[-123.82587988206019,45.857582128714853],[-123.82603335024334,45.857616770270113],[-123.82628816725516,45.857620958836918],[-123.82642422159651,45.857552786823241],[-123.82653542314722,45.857477230442754],[-123.82670219358307,45.857249763006671],[-123.82681640808325,45.85709271895383],[-123.82688951298107,45.85698541294753],[-123.82697022391442,45.856796538958271],[-123.82703614228994,45.856693951556835],[-123.82718760453506,45.856478817892146],[-123.82730181723858,45.856307496416299],[-123.82728166353522,45.856119340239538],[-123.82724385883476,45.855811286547706],[-123.82716169532564,45.855562974427222],[-123.82720024832267,45.855403142089237],[-123.82733902635597,45.855184773181847],[-123.82765374213263,45.855044965727828],[-123.82798710244298,45.854994033628167],[-123.82808703912004,45.85493692750606],[-123.82817270066887,45.854851265710266],[-123.82818697849201,45.85477988255235],[-123.82812987079278,45.854651391636104],[-123.82807276309353,45.854437239866492],[-123.82812517889205,45.854240694088794],[-123.82840112877091,45.854123151073019],[-123.82871521842178,45.854151704559229],[-123.82900075152813,45.854165981609697],[-123.8292720122012,45.85419453444824],[-123.82942905478085,45.854108874011601],[-123.82944333260397,45.853880446161035],[-123.82939916513641,45.853736717483869],[-123.82943534658111,45.853604801109981],[-123.82987163585672,45.853652017372262],[-123.83002868113132,45.853652017372262],[-123.83017144858277,45.853609187691063],[-123.83041415271131,45.853552080146898],[-123.83064258081333,45.853452142741929],[-123.83072798364741,45.853353707400927],[-123.83090041077462,45.853234635236682],[-123.83102810180065,45.853100122989645],[-123.83121627998807,45.852977818654047],[-123.83149603063892,45.852922539321135],[-123.83172761542083,45.85298100898774],[-123.83195828212455,45.852990186436074],[-123.83210479375411,45.852798064109919],[-123.83239862370041,45.852552706149886],[-123.83255566717837,45.852395661971507],[-123.83275554232908,45.85221006413262],[-123.83289830978057,45.852124403767732],[-123.83306963197995,45.85205301961242],[-123.8332837831572,45.851924528652759],[-123.83352648908235,45.851824591451646],[-123.83381202398529,45.851696100589947],[-123.83408328196344,45.851596162978346],[-123.834397370716,45.851467672214625],[-123.83459724586672,45.851367734818254],[-123.83479712101743,45.851267797242322],[-123.83501127129632,45.851196412613263],[-123.83527802961321,45.851138663752813],[-123.8355155549541,45.851042799073014],[-123.8356537266246,45.850839493724862],[-123.83573842697608,45.850763545918305],[-123.83593600154137,45.850666031235356],[-123.83632473400584,45.850596788873951],[-123.83632682169056,45.850596463507287],[-123.83678159020988,45.850525405260775],[-123.83725558626958,45.850400173210005],[-123.83777455109403,45.8502099716248],[-123.83806873946813,45.850129201234701],[-123.83841781849931,45.850032944996769],[-123.83879183476279,45.849885850051244],[-123.83909138787577,45.849760365648955],[-123.83918858648782,45.849718612329177],[-123.83922291740302,45.849511753697961],[-123.83930491562218,45.849389467751429],[-123.83952447735233,45.849327524695141],[-123.83976543515595,45.849383263124544],[-123.83997958633314,45.849368986097744],[-123.84010807865644,45.849311879831092],[-123.84025084610789,45.849211942315435],[-123.84035078278498,45.849112004620252],[-123.84046499728514,45.849012067371206],[-123.8405934878118,45.848912129942597],[-123.84072197833848,45.848826469504147],[-123.84087902271476,45.848769362054767],[-123.84119311236563,45.848683701396446],[-123.84160015429224,45.848633509963619],[-123.84190594171326,45.848546828533422],[-123.84227538555194,45.848458336108045],[-123.84255794703131,45.848383453796892],[-123.84272214289555,45.848192189079384],[-123.84281990834457,45.848091933556709],[-123.84301852405727,45.847944247164392],[-123.84314106144852,45.84779037247025],[-123.84329533631877,45.847702431367765],[-123.84336541569074,45.847605748556489],[-123.84346017627512,45.847522286832756],[-123.8436207124029,45.847336694006657],[-123.84369714016897,45.847075518784962],[-123.8439316408823,45.846859969960413],[-123.84409129576281,45.846742060926452],[-123.84409396914909,45.846568498053379],[-123.84410949473217,45.846356401419783],[-123.84419208044947,45.846200877224533],[-123.84413988743316,45.846057547332137],[-123.84412268828875,45.845899295248259],[-123.84414511023822,45.845774075309187],[-123.84428966623544,45.845677704529507],[-123.84453413735011,45.84557719792474],[-123.84470441031726,45.845495978393231],[-123.8448086247717,45.845361757183419],[-123.84507242313971,45.845170436395023],[-123.84528246991438,45.845014064723159],[-123.8455068061903,45.844829436600968],[-123.84576865341752,45.844604749678673],[-123.84593404763439,45.844366100805921],[-123.84599519685406,45.844116497918044],[-123.84592847987625,45.843792560486555],[-123.84573332716896,45.843452788172833],[-123.84550934842257,45.84323358948302],[-123.84535608954687,45.842928828044997],[-123.84545959882381,45.842695951816467],[-123.84554882848097,45.842422313336371],[-123.8455812208318,45.84206153014658],[-123.84574540322133,45.841893777644941],[-123.84589174147607,45.841822394753166],[-123.84603648611947,45.841769841601675],[-123.84627840332379,45.841682006129581],[-123.84642661905748,45.841988405237466],[-123.8465372106521,45.842176020344034],[-123.8466889666463,45.842326973697837],[-123.84676388614103,45.842440753695385],[-123.84687526555814,45.842501861473238],[-123.84706086198743,45.842716012264866],[-123.84728929008944,45.8428873343072],[-123.84753199511628,45.843015824866939],[-123.84768904039088,45.84307293196526],[-123.84786036169196,45.843115762250527],[-123.84817445044455,45.843187145360218],[-123.84840170714342,45.843220813395028],[-123.84866946438692,45.8432701767886],[-123.8489668974758,45.8432701767886],[-123.84919592116084,45.843216639388345],[-123.84937438047517,45.843166075684557],[-123.84958258390692,45.843192844415441],[-123.84976996618697,45.843267202420421],[-123.8499008354525,45.843285048627166],[-123.85006442405562,45.843228535619403],[-123.85032021573954,45.843341560951757],[-123.85044673446413,45.843359985987199],[-123.85048728711101,45.843387019958136],[-123.85058722468638,45.84340129726877],[-123.8507871007354,45.843472680637888],[-123.85081567614458,45.843484370930909],[-123.85090764117182,45.843480281424981],[-123.8512014783046,45.843536701560915],[-123.85144468638801,45.843572962633623],[-123.8517101879618,45.843673395262329],[-123.8518105746948,45.843804461600705],[-123.85189786219433,45.843922940689126],[-123.85201802443999,45.844075045115858],[-123.85209498580532,45.844228382532705],[-123.85220973390479,45.84439360111601],[-123.85240395685572,45.844543591019828],[-123.8526309242971,45.844619196886818],[-123.85279794087135,45.844726759540904],[-123.85294820835712,45.844865041650316],[-123.85296811682046,45.844994084575987],[-123.85314508852468,45.845166168043953],[-123.85339990643482,45.845400832376882],[-123.85348771944876,45.845739636632068],[-123.85353761277797,45.84595855261756],[-123.85358954079129,45.846239772862909],[-123.85362808300856,45.846448494010467],[-123.85373528975119,45.84669601458031],[-123.85384110051189,45.84681396375975],[-123.85387768260519,45.846768344859093],[-123.85407157497612,45.846526555238086],[-123.854225968424,45.846206754311055],[-123.85438905397058,45.845929910447666],[-123.85471927736394,45.845656931156107],[-123.85496146406288,45.845464233453086],[-123.85524104762706,45.845171097829848],[-123.85533618550384,45.845023313572099],[-123.85567466621134,45.844869239312551],[-123.85598448167811,45.844670286169737],[-123.85598496317509,45.844668240521777],[-123.85604390074256,45.844418003828252],[-123.85632588370689,45.844271689395732],[-123.85674478878512,45.844246752831886],[-123.85719152007761,45.844169174008385],[-123.8576580286794,45.84411263123561],[-123.85802023479181,45.843964018136802],[-123.85825020619949,45.843879673604597],[-123.85854062524265,45.843771996671933],[-123.85864337634148,45.84362648404641],[-123.85879950263953,45.843336869428477],[-123.85888687907229,45.843139950251874],[-123.85918093808897,45.842988962808079],[-123.85946355795882,45.842959275289815],[-123.85975622638344,45.842904371487229],[-123.85995271758048,45.842867511095776],[-123.86016138633951,45.842736246050833],[-123.86025644246961,45.842565028676887],[-123.86040855599332,45.842418101721975],[-123.86065136432639,45.84234202414094],[-123.86078081335548,45.842230308453132],[-123.86099337451462,45.8420600482495],[-123.86116298722004,45.841895335894449],[-123.86128499999521,45.841762230567994],[-123.86128308209206,45.841624031487981],[-123.86114456367189,45.8414297784499],[-123.86110920149072,45.841288334346096],[-123.86106637161463,45.84117412018206],[-123.86103552975597,45.841071315593858],[-123.86110080493776,45.84083428994721],[-123.86123652600416,45.840618703171529],[-123.86132515109516,45.840443348247668],[-123.86143829210855,45.840347901331754],[-123.86148418703641,45.840309182436123],[-123.86187451401052,45.840228980309583],[-123.86194838337464,45.840213802252975],[-123.8621807110633,45.840064574193768],[-123.8623923981617,45.839985064502358],[-123.8624688286227,45.839945207604529],[-123.86270989332583,45.83981949488048],[-123.86284824376104,45.83974734581826],[-123.86315284899918,45.839565801827],[-123.86341278820474,45.839571316633588],[-123.86358582977959,45.839570680165352],[-123.86358390558824,45.839432481274152],[-123.86354967438602,45.839321157147438],[-123.86354571640889,45.839308281905332],[-123.86354015044739,45.839213392537076],[-123.86363079135789,45.839072540470937],[-123.86365046625923,45.83902228091182],[-123.8637060531107,45.838880284957831],[-123.86362492086748,45.838761637419395],[-123.86339745665778,45.838677424562292],[-123.86325739852519,45.838607989538836],[-123.86319945988433,45.838572312268418],[-123.86317933223206,45.838518641424244],[-123.86319360915687,45.838361597050103],[-123.86322216390479,45.838247383136618],[-123.863231079684,45.838227323580391],[-123.86334833947298,45.838156058024353],[-123.86339730035093,45.838042323713076],[-123.86335395304521,45.83793555422691],[-123.86334609458308,45.837865271504945],[-123.86335065443146,45.837833356986557],[-123.86339348430758,45.837676312555843],[-123.86339348430758,45.837519267681905],[-123.86336492955965,45.837347946633692],[-123.86330782365702,45.837205179107819],[-123.86326499288262,45.836991027132193],[-123.86327926980741,45.836848259942322],[-123.86330782365702,45.836691215234843],[-123.86330782365702,45.836577001022036],[-123.86335065353317,45.836462787200681],[-123.8634363132854,45.836362849758217],[-123.86350769790944,45.836305742657075],[-123.86356480471036,45.836191528904791],[-123.86357908163518,45.836105867654418],[-123.86359335766168,45.836034484221543],[-123.86362191240961,45.835948823355288],[-123.86376468075942,45.835834608870449],[-123.86389317128605,45.835777501853087],[-123.86410732156497,45.835691841217134],[-123.86426436683955,45.835634734053272],[-123.86435002659181,45.83553479762719],[-123.86439285736621,45.835434859769869],[-123.86439285736621,45.835277815454695],[-123.86439285736621,45.835206431585455],[-123.86439285736621,45.83510649439021],[-123.86432147364049,45.834949449774271],[-123.86426436594122,45.834806681727699],[-123.86427864286605,45.83470674444046],[-123.86430719671569,45.834649636891527],[-123.86440713429103,45.834563976397135],[-123.86450707096806,45.834478316396734],[-123.86462128636657,45.834392655638595],[-123.86472122214531,45.834335548393234],[-123.8648354384421,45.834249888041235],[-123.86490682037119,45.834164227557373],[-123.86502103487138,45.834021459999917],[-123.86506386474747,45.833950075770908],[-123.86514952629634,45.833835862190959],[-123.86526373989821,45.833778754374286],[-123.86539223042487,45.833678817118773],[-123.86556355172596,45.833593156381809],[-123.86566348930133,45.833478942069362],[-123.86574914905356,45.83337900552727],[-123.86584908662893,45.833236237833106],[-123.86590619432815,45.833136300229327],[-123.8659775789522,45.83299353253846],[-123.86604896177964,45.832893595124673],[-123.8661369858977,45.832830721130925],[-123.86620912241163,45.832660528553973],[-123.86652813932184,45.83240943355954],[-123.86675045438837,45.832195674978337],[-123.86702678155966,45.831954444182443],[-123.86740597122086,45.831675697962332],[-123.86763876603349,45.83160026040418],[-123.86764795939209,45.831594409315116],[-123.86777645081708,45.831408811549089],[-123.86783355761798,45.831194659174521],[-123.8678884931909,45.8310738013828],[-123.86790275933591,45.830978810343041],[-123.86805744832952,45.830771309304168],[-123.8683239542198,45.830573561364851],[-123.86873414204653,45.830401932256272],[-123.86887876631569,45.830233603795222],[-123.86887844022723,45.830017588493149],[-123.86890313850768,45.829701485241074],[-123.86911629794479,45.829647841519716],[-123.8693353727881,45.829589707243294],[-123.86952081291051,45.829485013439502],[-123.86972070872248,45.829310775793182],[-123.86983447586162,45.829143332250204],[-123.86993881877514,45.829012559372231],[-123.86994651913376,45.828981760224089],[-123.86994651913376,45.828767609152223],[-123.86990368835933,45.82852490377504],[-123.86986396485746,45.82840573276772],[-123.86987508240743,45.82825646615634],[-123.86984931333518,45.828028220707871],[-123.86985933763543,45.82779673434657],[-123.86985980296276,45.827785971562527],[-123.86997695136063,45.827570905112324],[-123.87013238326098,45.827376340108557],[-123.87055893659554,45.827273361048235],[-123.87102943641213,45.827182080523315],[-123.87143899901143,45.827105510129883],[-123.871915918189,45.827018361985836],[-123.87224299208901,45.826905273449128],[-123.87254350639935,45.82683579744613],[-123.87262711080618,45.826816466790284],[-123.87274441640925,45.826709405345319],[-123.87290034417963,45.826523462652567],[-123.87289619935292,45.826242750576093],[-123.87283042470781,45.825953088668008],[-123.87283042470781,45.825826595031558],[-123.8728447016326,45.825683827369787],[-123.87288753240706,45.825498229300344],[-123.87295891613279,45.825326907552494],[-123.87301602293373,45.82519841683461],[-123.87307312973464,45.825069926446147],[-123.87309228001986,45.824998115076532],[-123.87308008000001,45.824850584600654],[-123.87306444033091,45.824479471178662],[-123.87306798598134,45.824224458691816],[-123.87293479457078,45.823956094861245],[-123.87279205227213,45.823735529165141],[-123.872660300861,45.823596740060658],[-123.87257587449565,45.823422023864907],[-123.87260138125981,45.823294346948288],[-123.87258772057929,45.823256777440413],[-123.87255916583136,45.823071178165378],[-123.87255916583136,45.822928411575361],[-123.87251391050397,45.822713454065692],[-123.87244699410016,45.822596190620359],[-123.87228811716068,45.822311281287313],[-123.87212789005333,45.822108500096697],[-123.87199876351947,45.821909146921627],[-123.87190149573715,45.821726159332648],[-123.87191315856445,45.821609171139642],[-123.87197866012171,45.821563966665195],[-123.87200237205195,45.821500734303385],[-123.87215941642823,45.821443626976858],[-123.87235928978234,45.821415074230721],[-123.87245922825601,45.8213865202178],[-123.87257344275619,45.821300859343367],[-123.8726305495571,45.821172368723673],[-123.87270193328285,45.821043878433443],[-123.87287325368564,45.820915386594635],[-123.87308740665945,45.820858280545863],[-123.87327300308871,45.820801173186425],[-123.87343004926166,45.820715512663512],[-123.8735442628635,45.820487084166714],[-123.873529986837,45.820344316584602],[-123.87351570901389,45.820215825009477],[-123.87360136966444,45.820115888443084],[-123.87374413801422,45.820058780948202],[-123.8739011823905,45.820030226865804],[-123.87410105664291,45.82001595107122],[-123.8742295480679,45.819987396966816],[-123.87444370014343,45.819973120535224],[-123.87458646669657,45.819916013519972],[-123.87467212734713,45.819887459364359],[-123.87487200249784,45.819816075789397],[-123.87505759982541,45.819773245725663],[-123.87524319715301,45.819730415629039],[-123.87542879627725,45.819687584873357],[-123.87560011668003,45.819673307738789],[-123.87568577733057,45.819630477565291],[-123.8758999303044,45.819630477565291],[-123.87601414300796,45.819659030600604],[-123.87611407968498,45.819701861378206],[-123.8762711249596,45.819858905820126],[-123.87651383088473,45.820101610792278],[-123.87664232141142,45.820201548636412],[-123.87678508886287,45.820287208697998],[-123.87698496401359,45.820358592295008],[-123.87719911519081,45.820415699482332],[-123.87742754329281,45.8204728066111],[-123.87764169536834,45.82052991430735],[-123.87777018589502,45.8206155744898],[-123.87801289092184,45.820758342002364],[-123.87826987287352,45.820886832951544],[-123.87846974802423,45.821001047436134],[-123.87872672997585,45.821215198337136],[-123.87885522050252,45.821357966190277],[-123.87896003323493,45.821454715898199],[-123.87903000391071,45.821577304893779],[-123.87916379898915,45.821750593271098],[-123.87942670982166,45.821807831748771],[-123.87963696320887,45.821810417874126],[-123.8797714113625,45.821784944127536],[-123.88003838347841,45.82178105773837],[-123.88017863385045,45.821792901583578],[-123.88029717373873,45.821871929558846],[-123.88048277196461,45.821957590180695],[-123.88065409326572,45.821957590180695],[-123.88093962816866,45.821986143900681],[-123.88111095036807,45.822000419816149],[-123.88132510154529,45.822028974140217],[-123.88141076219584,45.822071804346798],[-123.88156780657212,45.822114634520439],[-123.88165346722266,45.822157464661075],[-123.88179623467416,45.822214571881439],[-123.88201038674966,45.822285955511475],[-123.88215315330282,45.822285955511475],[-123.8822959216526,45.822271679043183],[-123.88248151898021,45.822285955511475],[-123.88261001220182,45.822328785520369],[-123.88272422490535,45.822371615496309],[-123.88285271633033,45.822443000177003],[-123.88292410005606,45.822471553022055],[-123.88302403763143,45.822514383514147],[-123.88316680508289,45.822514383514147],[-123.88333812548568,45.822514383514147],[-123.88350944768509,45.822514383514147],[-123.88378070745988,45.822514383514147],[-123.88393775003952,45.822557213347316],[-123.88419473199117,45.822557213347316],[-123.88446599086761,45.822514383514147],[-123.88458020536777,45.822471553022055],[-123.88475152577055,45.822471553022055],[-123.88480145413405,45.822460206382367],[-123.8849389188304,45.82239194056703],[-123.88507913865972,45.822288350051402],[-123.88528183721537,45.822238262514965],[-123.88537121419625,45.822223060144609],[-123.88547761784504,45.82220496365926],[-123.8855020367494,45.822082592650588],[-123.88550510719104,45.822067559264767],[-123.88553272140287,45.821932389449437],[-123.88556356954973,45.821784946631652],[-123.88559889040839,45.821749321805058],[-123.88567951510346,45.82161494752858],[-123.8857366228027,45.821457903031437],[-123.88576517575402,45.82130085809132],[-123.88580800742676,45.821143814586321],[-123.88590794320548,45.820886832325499],[-123.88590794410379,45.820672680787496],[-123.88589366717899,45.820529913055282],[-123.88583656037807,45.8203728686278],[-123.88576517575402,45.820272931091175],[-123.88565767795724,45.820183349448307],[-123.88562688999748,45.820110205805776],[-123.88554210430601,45.819946743184147],[-123.88538902329678,45.819832257960897],[-123.88523394982421,45.819751011492386],[-123.88509418005086,45.819661027709827],[-123.88498977874684,45.819567258032869],[-123.88497003557355,45.819524221805807],[-123.88495347243632,45.819488116600631],[-123.88496010469805,45.819399440224146],[-123.88505228442261,45.819322142290815],[-123.88506938475238,45.819307803082928],[-123.88511679962969,45.819240072438078],[-123.88510763950875,45.819151852063371],[-123.88511411007374,45.819060415479875],[-123.88500230216022,45.818975154835883],[-123.88495842484848,45.818937263122152],[-123.88488146078819,45.818870799801942],[-123.88481226715514,45.81877048518357],[-123.88479146666471,45.818619001509511],[-123.88475813108286,45.818523182842434],[-123.88467807322473,45.81843977265526],[-123.88474441291015,45.818357669572485],[-123.8848165314578,45.818239452840977],[-123.8848761643213,45.818090182134327],[-123.88489923036283,45.818032446490477],[-123.88490785598621,45.817910530857063],[-123.88490415043566,45.817780675710594],[-123.88487720097714,45.817457929778897],[-123.88481180272612,45.81723117645636],[-123.88480759950892,45.817216603808014],[-123.88480489557992,45.817186282093942],[-123.88478423522669,45.816954588492941],[-123.88478842407083,45.816824505726636],[-123.88479591063044,45.816683266421855],[-123.88476668753592,45.816590094652511],[-123.88476676568935,45.816457365182423],[-123.88477327488189,45.816299562968076],[-123.88467185239138,45.8161891173052],[-123.88466125496598,45.816159387315061],[-123.88463868120122,45.816096058031917],[-123.88473203502384,45.816041419484506],[-123.88473724794743,45.816032731807184],[-123.8848657393724,45.815961347673046],[-123.88496567604946,45.815889964073513],[-123.88508683722172,45.815808107043537],[-123.8852216411082,45.815781442219382],[-123.88536676933226,45.815701760718959],[-123.88556452086564,45.81563522216161],[-123.88576592674559,45.815610240833777],[-123.88585502435042,45.815599188940467],[-123.88610849478761,45.815605702871025],[-123.88639195278562,45.815517332735297],[-123.8864905213285,45.815445358779982],[-123.88649207990551,45.815442496248714],[-123.88654206576119,45.815418335652502],[-123.88663046268006,45.815304106585678],[-123.88675027188783,45.815233232417455],[-123.88684593797402,45.815239353198308],[-123.88699297601634,45.815261785829293],[-123.88717857514058,45.815318893235229],[-123.88740576536415,45.815272848433302],[-123.88752121774276,45.815204678364857],[-123.88766398519424,45.815161848510684],[-123.88780076537435,45.815113347998363],[-123.88807801152217,45.815176125549797],[-123.88822077987197,45.815218955392979],[-123.88844920707567,45.815233232417455],[-123.88880612750097,45.815276062842841],[-123.88914876920485,45.815304615606614],[-123.88928003103418,45.815304615606614],[-123.88939440812941,45.815333870841883],[-123.88970741890364,45.815344185240171],[-123.88996059469342,45.815278803918801],[-123.89028022694961,45.815200440898593],[-123.89051265345296,45.815185430072567],[-123.8907549946621,45.815070586319386],[-123.89086264517249,45.81493421116793],[-123.89088008147215,45.814912122763523],[-123.89112754307843,45.814750123123545],[-123.89130936388857,45.814614904864285],[-123.89146501767279,45.814505331163346],[-123.8915006771963,45.814441249917245],[-123.89156510975835,45.814325467338186],[-123.89171145969119,45.814169603795122],[-123.89181064088508,45.8140639756271],[-123.89206253477896,45.813910139347485],[-123.89235390244305,45.813755163105519],[-123.89268337843812,45.813709690536548],[-123.89302058533454,45.813661228831243],[-123.89345830742302,45.813573911876837],[-123.8939224714219,45.813467419155792],[-123.89407425346727,45.813391528653042],[-123.89425985169315,45.813320144263884],[-123.89438834221981,45.813277314212563],[-123.89453110967131,45.813220207843678],[-123.89464532417146,45.813163100790156],[-123.89480236944608,45.81307743978693],[-123.89491658304792,45.813020332586966],[-123.89504507267628,45.812977502305117],[-123.89513073512344,45.812920395002671],[-123.8952592247518,45.812891842268705],[-123.89553048362826,45.812834734878429],[-123.89573035877898,45.812777627429597],[-123.89584457238082,45.812734796961095],[-123.89584758802525,45.812733288611689],[-123.89604665199724,45.812542280783205],[-123.8962436148098,45.812329192262737],[-123.89654748702264,45.812118538603173],[-123.89678158259581,45.811998389509718],[-123.89703457243432,45.811930232338717],[-123.89729853699069,45.811980659749565],[-123.89748217419432,45.812001201500728],[-123.89759310086055,45.812013608446769],[-123.89768984941664,45.811911260294785],[-123.89772540204062,45.811862036263619],[-123.89777756002267,45.81178981777191],[-123.89795575882557,45.811593860798467],[-123.89812636416939,45.811470016943083],[-123.89833443375211,45.811444634265982],[-123.89850022592266,45.811439832356605],[-123.89866255868102,45.811443427057647],[-123.8986882828375,45.81144610633384],[-123.8987512250945,45.811404911586656],[-123.8988575245387,45.811263574006389],[-123.89900542316708,45.811156977936129],[-123.89920323488758,45.811021959460682],[-123.89922965344178,45.811003926959081],[-123.89933676945456,45.810876390627143],[-123.89933731922352,45.810748704978728],[-123.899337428818,45.810723220536048],[-123.8993378411447,45.810627492850408],[-123.89935665546002,45.810577213239299],[-123.89940270310146,45.810454172986809],[-123.89940737254432,45.810266005111551],[-123.89933421644254,45.81016581212095],[-123.89932389210497,45.810058268446596],[-123.89937985355392,45.809934980339754],[-123.89939468384095,45.809851593605998],[-123.89937844589386,45.809807313196544],[-123.89942804188071,45.809708122497057],[-123.89948514868162,45.809551078230712],[-123.89954225548256,45.809336925675638],[-123.89954225548256,45.809151328215762],[-123.89954225548256,45.808851516639557],[-123.89954225548256,45.808623088315038],[-123.89952937633633,45.808539375883207],[-123.89946013688918,45.808420095719811],[-123.89935461179276,45.808240649942647],[-123.89919265902175,45.80810984800145],[-123.89910439595182,45.807954789243688],[-123.89908111161967,45.807826182039697],[-123.89907501116058,45.807792494470014],[-123.89899546264719,45.807651009335295],[-123.89883843803386,45.807536654753775],[-123.89855246924463,45.807448155968963],[-123.89839675617158,45.80735588549296],[-123.89815224553104,45.807233002813135],[-123.89793024936647,45.807156475743049],[-123.89790020161851,45.807137911603839],[-123.89782764828628,45.807093082995586],[-123.89771783283607,45.806974594377415],[-123.89773105783367,45.806851102819152],[-123.89773565541131,45.806808167601474],[-123.89763357176071,45.80668668952994],[-123.89762376036118,45.806681212167852],[-123.89747818926772,45.806599937118641],[-123.89726673034141,45.806500983047208],[-123.89708946309145,45.806445282441189],[-123.89698740010212,45.80640346217664],[-123.89691927456592,45.806375548585393],[-123.89673427731293,45.806322836094687],[-123.89655965200822,45.806244936387756],[-123.89644932361996,45.806184530224861],[-123.8962110823218,45.806033810100544],[-123.8960774525334,45.805846880961226],[-123.89605052912601,45.805725991935368],[-123.89581729413889,45.805513145981585],[-123.8957245296111,45.805428490808829],[-123.8956375861663,45.805295513683262],[-123.89541780704384,45.805055771939458],[-123.89540338010039,45.80494558139295],[-123.89528524355569,45.804686307553894],[-123.89531909566887,45.804593091917042],[-123.8953532406328,45.804499072679441],[-123.89521828223609,45.804356421915678],[-123.89515574871255,45.804335234211649],[-123.89505286645966,45.80430037474116],[-123.89490296548652,45.804105618825254],[-123.89485937563568,45.803970052840583],[-123.89480606511513,45.803804250834318],[-123.89460355161243,45.803588895734329],[-123.89440743591118,45.803414832545613],[-123.89417024833682,45.803147940904161],[-123.89402740273194,45.803005517763332],[-123.89392549515114,45.802886796882476],[-123.89380665881886,45.802749210176465],[-123.89375065604742,45.802709359178401],[-123.89364982285171,45.802637608522694],[-123.89356253265723,45.802565473886311],[-123.89376286055885,45.802500750151616],[-123.89380693909321,45.802486509316729],[-123.89396682753568,45.802382336308774],[-123.89414119771887,45.802255623793194],[-123.89429896344232,45.802115564344888],[-123.89442300371508,45.802006899167715],[-123.89461645231822,45.80186857256264],[-123.89459631298786,45.801661765255687],[-123.89457317597942,45.80163127725627],[-123.89457393775079,45.801627472752564],[-123.89457393775079,45.801498982454689],[-123.89448827710024,45.801299107094842],[-123.8944026164497,45.801113509156842],[-123.89430267887433,45.800913634292911],[-123.89421701822377,45.800685205983136],[-123.8940314208962,45.800399671001124],[-123.89383154574548,45.800156965335148],[-123.89368877739568,45.799942814240907],[-123.89330330581571,45.799628725941766],[-123.89307487681536,45.799386020675193],[-123.89271795728837,45.798700735441265],[-123.89258946586338,45.798515137615922],[-123.89248952918634,45.798229602159985],[-123.89248952828801,45.798058281060925],[-123.89243242058876,45.797629978200803],[-123.89237531468616,45.797458657137035],[-123.89227537890743,45.79728733617285],[-123.8922611010843,45.797144568613504],[-123.8922611010843,45.797016076745763],[-123.89227537800912,45.796901863173623],[-123.89246097623503,45.79674481850342],[-123.89257518893857,45.796616328219159],[-123.89288927769115,45.796573497849771],[-123.89310342976665,45.796530667447485],[-123.89328902889089,45.796487837012279],[-123.89331758094387,45.796459283370524],[-123.89337468954142,45.796387899828424],[-123.89351745609459,45.796302239331936],[-123.8937030543205,45.796216578077463],[-123.89396003537381,45.796173747400836],[-123.89414563449805,45.796116641659737],[-123.8944168924762,45.79608808720149],[-123.89470242737914,45.796030980119951],[-123.89508790075577,45.795973873606265],[-123.89530205193296,45.795945319074811],[-123.8955590329863,45.795931042116763],[-123.89583029276105,45.795888211847007],[-123.89600161406217,45.795831105813349],[-123.89624431908901,45.795731168077992],[-123.89635853269085,45.795616953751278],[-123.89651557706713,45.795545570382785],[-123.89661551464251,45.795459909844155],[-123.8967725599171,45.795402802745201],[-123.89705809482004,45.795374248547468],[-123.89752922705058,45.795431355675682],[-123.89782903977664,45.795445632761748],[-123.89801463800254,45.795459909844155],[-123.8982716208525,45.795502739816762],[-123.8984286643305,45.795517015631916],[-123.89861426165807,45.795559846186968],[-123.89887124450803,45.79558840028961],[-123.89901401195952,45.79558840028961],[-123.89922816403505,45.795559846186968],[-123.89939948623444,45.795531292695991],[-123.89954225278761,45.795517015631916],[-123.8997564030665,45.795474185670237],[-123.8999134483411,45.795374247921174],[-123.9000704936157,45.795288587745482],[-123.90015615246963,45.795217203956369],[-123.900484518147,45.795003052040485],[-123.90062728559847,45.794817454425598],[-123.90078433087308,45.794646133483496],[-123.90092709832456,45.794531918811899],[-123.90095953379453,45.794487320572898],[-123.90121887382377,45.794342973105977],[-123.90136922125963,45.794170108030826],[-123.90162359180874,45.794084960229839],[-123.901743242913,45.794017560308852],[-123.90189853467618,45.793930085413173],[-123.90214881339917,45.793775923571992],[-123.90239803660168,45.793708205720449],[-123.90276827634774,45.793598091066876],[-123.90286412479192,45.793506767236707],[-123.90288520376005,45.793486682788618],[-123.90289084877331,45.793470022574972],[-123.90293251443281,45.79334704976322],[-123.90305381484394,45.793205269258721],[-123.90313098192347,45.793160597301316],[-123.90319710511491,45.793061412036501],[-123.90328276486714,45.792861537100677],[-123.90333987256638,45.792690216409284],[-123.90338921612663,45.792552050823723],[-123.9034825528813,45.792415111307172],[-123.9036293079543,45.792181857741177],[-123.90366866045196,45.792012209857369],[-123.90374733580286,45.791776610741813],[-123.90387149914478,45.791474882921754],[-123.90395567128689,45.791218974533585],[-123.90402515687245,45.791134048344617],[-123.90416792342562,45.790962726727564],[-123.9042678627976,45.790819959877048],[-123.90436779947464,45.790748575375041],[-123.90446773525339,45.790620085045511],[-123.90458195065186,45.790477317317311],[-123.90469616515203,45.790405932376515],[-123.9048817624796,45.790291719037114],[-123.90495314620536,45.790248888817892],[-123.90508163673202,45.790120397336416],[-123.90508622802143,45.790112362067667],[-123.90507850789987,45.790061556567615],[-123.90509935779762,45.789892445308013],[-123.90518211778813,45.789725856632401],[-123.90532087785512,45.789566283668634],[-123.90553052847275,45.789456501589036],[-123.90565697712879,45.7894001061849],[-123.90541829565609,45.789334459512403],[-123.90530092088278,45.789229850373708],[-123.90534978204769,45.789012399391247],[-123.90553325845289,45.788773755191528],[-123.90566919960652,45.78856673641824],[-123.9058929924017,45.788383089916955],[-123.90615531124443,45.78822424913654],[-123.90635160032053,45.788097568944018],[-123.90663110932455,45.788020320902227],[-123.90688337422263,45.78800435186276],[-123.90727872188086,45.788005830187728],[-123.90775035716796,45.788043975969188],[-123.90800930014188,45.788036452803311],[-123.90827903637393,45.788002690626399],[-123.90830357295759,45.787994406368028],[-123.90832246273141,45.787950329081404],[-123.90827963285528,45.787593409205542],[-123.90829390978008,45.787364980788951],[-123.90832246273141,45.787150830020913],[-123.90839384735544,45.78697950806243],[-123.90846523018286,45.786879571367422],[-123.90860799763435,45.78670824982806],[-123.90876504290894,45.786536929015035],[-123.90893636331172,45.786422714011941],[-123.90910768461282,45.786351330769008],[-123.90929328194042,45.786208563382537],[-123.90937894348927,45.78609434833303],[-123.90946460503812,45.785951580914791],[-123.90949315709113,45.78573742972835],[-123.90957881774166,45.785566109063801],[-123.90973586211797,45.785466171714162],[-123.90993573726868,45.78538051134413],[-123.91024982602124,45.785252019289373],[-123.91053536182253,45.785223466155266],[-123.91073523607493,45.785166358590281],[-123.91106360354893,45.785009314050974],[-123.91132058370393,45.784880823646454],[-123.91150618103153,45.78476660963527],[-123.91150998719337,45.784759948642318],[-123.9117756720235,45.784695074551024],[-123.91170559085492,45.784347136545271],[-123.91157719285474,45.784057063137048],[-123.91132937192238,45.783627880873475],[-123.91105559955975,45.783281546214404],[-123.91086298369483,45.783053829333326],[-123.91069608300324,45.782635254868424],[-123.91074775230176,45.782361547288168],[-123.91085053035006,45.782116597961704],[-123.91082284067973,45.781754464763175],[-123.91042300324172,45.78115687315379],[-123.91016774246216,45.780809997519412],[-123.91003693428208,45.780699069257949],[-123.9099227206802,45.780538455534881],[-123.9098299220164,45.780395687671103],[-123.90972998444106,45.780238642849241],[-123.90951940227046,45.780010214993474],[-123.90939269669627,45.779917623418186],[-123.90933380404454,45.779874586000766],[-123.90918746758646,45.779824616945646],[-123.90903756122341,45.779738956678145],[-123.90889562471359,45.77972293138717],[-123.90881627023634,45.779713972408643],[-123.90860211905913,45.779706834043893],[-123.90849861337546,45.779728249135452],[-123.90836655294386,45.779678280575695],[-123.90830587623799,45.779581911886055],[-123.90817586127028,45.779313228308503],[-123.9081560965374,45.779274133659634],[-123.90806548077975,45.779051163762418],[-123.90806547988144,45.778870304588175],[-123.90806547988144,45.778670430764045],[-123.90819397040811,45.778470555596961],[-123.90833673875788,45.778342065158576],[-123.90857944288639,45.778170743069253],[-123.90872221033787,45.778085082766999],[-123.90889353163898,45.777899484576302],[-123.9089649144664,45.777785271299301],[-123.90912195974101,45.77764250327759],[-123.90929328194042,45.777571118816446],[-123.90945032541836,45.777485458846066],[-123.90957881594503,45.777371244094482],[-123.90960711557143,45.777345774457409],[-123.90970778437546,45.777224217114913],[-123.90988159670482,45.777055918993319],[-123.9099644797645,45.776991261489101],[-123.9100239662026,45.776967467027511],[-123.91014055944164,45.776907980202509],[-123.91025001466744,45.776841355209001],[-123.910319018756,45.776772351182181],[-123.91037374681805,45.776710485819287],[-123.9105509943051,45.77652087634339],[-123.91058262039297,45.776487045164885],[-123.91071677210256,45.776330731157607],[-123.91079280460988,45.776209722958846],[-123.91080661800399,45.776057781445381],[-123.91087800083143,45.775843630473226],[-123.91096366148199,45.775743692611996],[-123.91119209048233,45.775629479305231],[-123.91137768870823,45.775515264511476],[-123.91159183898712,45.775358219727877],[-123.91180599196097,45.775201175755193],[-123.91194875941244,45.775072684048688],[-123.9120486969878,45.774915640524981],[-123.91210580199211,45.774730042436587],[-123.91222001739057,45.774558720527772],[-123.91234850791723,45.774387399972319],[-123.9124341685678,45.774158971955224],[-123.91253410614314,45.773901989082624],[-123.91253410614314,45.773673560956944],[-123.91260549076719,45.773473687302555],[-123.91271970436907,45.773345195375228],[-123.9129338564446,45.773216705031615],[-123.91313373069698,45.773088214391919],[-123.91329077507326,45.772959723456239],[-123.91341926559994,45.77278840174813],[-123.91354775702492,45.772617080766871],[-123.91359058690104,45.772417205832468],[-123.91356203305142,45.772231608201373],[-123.91357630997622,45.772003179499819],[-123.91363341767547,45.771874689197219],[-123.91371907652939,45.771789028622209],[-123.91381901500304,45.771674814108593],[-123.91387612270229,45.771503493466142],[-123.91396178335285,45.771275064915422],[-123.91400461322897,45.771203680448998],[-123.91407599605638,45.771032359612583],[-123.91417593363174,45.770832484638234],[-123.914233041331,45.770661163914838],[-123.91424731825579,45.770489842038543],[-123.91441863865857,45.770332798141716],[-123.91457568393317,45.770261413722501],[-123.91477555908388,45.770190030465173],[-123.91486121883611,45.770132923166891],[-123.91497543423462,45.769990155605356],[-123.91507537001333,45.769804557416983],[-123.91518958361517,45.769661789641518],[-123.91531807504016,45.769561852607914],[-123.91543228864204,45.76946191476857],[-123.91561788776625,45.769376254247554],[-123.91588914664268,45.769276316702339],[-123.91617468154566,45.769162103309384],[-123.91648877029822,45.769090718645131],[-123.91656375896319,45.769055197973103],[-123.91689703034035,45.7689210875877],[-123.91709690459273,45.768840185447239],[-123.91729677974344,45.768735489601738],[-123.91748237796935,45.768606998664033],[-123.91759183319517,45.768488025913079],[-123.91771080607138,45.768402364523006],[-123.91792495814688,45.768245321014987],[-123.91812959077537,45.768140624052982],[-123.91830567135084,45.768088275811586],[-123.91849602885112,45.768035928147668],[-123.91873397460358,45.767964543295435],[-123.91889101808155,45.767907437478399],[-123.91905282352883,45.767878882981378],[-123.9192098661085,45.767840812384698],[-123.91929076838296,45.767817017778611],[-123.91935263535659,45.767788464488582],[-123.91942877656008,45.767736115290042],[-123.91946684895846,45.767659972622589],[-123.91944781275927,45.767602866493753],[-123.91943829421054,45.767555277068453],[-123.91936690958646,45.767507686975868],[-123.9192860091086,45.767483892227723],[-123.91920510773245,45.7674696167525],[-123.91900523258174,45.767426786545215],[-123.91878632213012,45.767369678924396],[-123.91861500172735,45.76733160735354],[-123.91839609127575,45.767307812530227],[-123.91816290479767,45.767260224106472],[-123.91798206404951,45.767241188600288],[-123.91781074454505,45.767250706040855],[-123.91765369837213,45.767255464760566],[-123.91746810014624,45.767207876292147],[-123.91735388654439,45.767146009091924],[-123.91724918969466,45.767055590664476],[-123.91720635981854,45.766993723922006],[-123.91720160144249,45.766912822745951],[-123.91723015439378,45.766803367658234],[-123.91726822589385,45.766646322781646],[-123.91733009196915,45.766536867797676],[-123.91739195714611,45.766422653181969],[-123.91747761869497,45.766303680158579],[-123.91752996711986,45.766246572641236],[-123.91764893999608,45.766175189258995],[-123.91772984137224,45.766141876940921],[-123.9177964658236,45.766094287522485],[-123.91787736809812,45.766008626842975],[-123.91797254550077,45.765889654189856],[-123.91804393012482,45.765765921810058],[-123.9181105554745,45.765651708122498],[-123.91817717992585,45.765575565116428],[-123.9182485636516,45.765470868783396],[-123.9183104288286,45.765394725530491],[-123.91831994827565,45.765323342311532],[-123.9183247066517,45.765185333242457],[-123.91830191908791,45.765050393246007],[-123.91828764306139,45.764879072936218],[-123.91824481138866,45.764693474661321],[-123.91810204483549,45.76440793952807],[-123.91801638328663,45.764208064629216],[-123.9179449995609,45.764079573916113],[-123.91778795518459,45.76387969846747],[-123.91773916318995,45.763820064199209],[-123.91748853053073,45.763642270866882],[-123.91714599842133,45.76338436719081],[-123.91696087001431,45.763178044394252],[-123.91712880736173,45.76299167777853],[-123.91745671938989,45.762842279089604],[-123.91745958860892,45.762837495552446],[-123.91755952618429,45.762651896752374],[-123.91758808093222,45.762423468299609],[-123.91757380310908,45.762209317616637],[-123.91753097323297,45.762066549829072],[-123.91750241938335,45.761909504778139],[-123.9174167587328,45.761781014411383],[-123.91735965103355,45.761652523748708],[-123.9174167587328,45.761552586153165],[-123.91751669630817,45.76153830916008],[-123.91763091080834,45.76152403279012],[-123.9177879542863,45.76149547878579],[-123.91793072173779,45.761481201778139],[-123.9181734258663,45.76138126512911],[-123.91838757704349,45.761309880534846],[-123.9185160702651,45.761224220656047],[-123.91864456079178,45.761138560018971],[-123.91875877439361,45.761052899250373],[-123.91898720339397,45.760967237723577],[-123.91912996994711,45.760853024238941],[-123.91925846137212,45.760695979532457],[-123.91931556907134,45.760510381755594],[-123.91931556907134,45.760339060664904],[-123.91931556907134,45.760124908875099],[-123.91928701432342,45.759996418158792],[-123.91925846137212,45.759825097370111],[-123.91925846137212,45.759710882800938],[-123.91925846137212,45.759625222347331],[-123.91927273829691,45.759511007995755],[-123.91932984509782,45.759411070951394],[-123.91940122882357,45.759282579844644],[-123.91948688947413,45.759154089068737],[-123.91950116639894,45.759039875632958],[-123.91950116550061,45.75889710788271],[-123.91951544332375,45.758768616219143],[-123.91955827230154,45.758611571913079],[-123.91955827230154,45.758454527165071],[-123.91960110397429,45.75828320665601],[-123.91964393474872,45.758168992064348],[-123.91969009827285,45.757967546123496],[-123.91975814745226,45.757812073327344],[-123.9198438081028,45.757712135747077],[-123.9199092009639,45.757669195888155],[-123.92002575288045,45.757592661549538],[-123.92058620100646,45.757412323185825],[-123.92092884271031,45.757369492777961],[-123.92132859211344,45.757269555031804],[-123.92161412791468,45.757212448921422],[-123.92188538589284,45.757098234645071],[-123.92205670719393,45.756941189398333],[-123.92214236784447,45.756841252138592],[-123.92227085926946,45.756669931063662],[-123.92232796517207,45.756569993944872],[-123.92235651992002,45.756441503190153],[-123.92234224209687,45.756298735059339],[-123.92228513529597,45.756227352110479],[-123.92217092169409,45.756155967816753],[-123.9219995994947,45.755998923052005],[-123.92192821666727,45.755898986611804],[-123.92178544831746,45.755713388547839],[-123.92165695779079,45.755556343791135],[-123.92157129714028,45.755442129258981],[-123.92145708264009,45.755270808275974],[-123.92138569801604,45.755113763527284],[-123.92131431518862,45.754813952048153],[-123.92131431518862,45.75472829159829],[-123.92128576133901,45.754471309459895],[-123.92127148441419,45.754242881361442],[-123.9212429314629,45.754028729365842],[-123.92120009979014,45.753743194809523],[-123.9211144391396,45.753529042776862],[-123.92105733233866,45.753200677070765],[-123.92105733233866,45.752957971477713],[-123.92105733233866,45.752758097555656],[-123.9211001631131,45.752515392545114],[-123.9211144391396,45.752315517664805],[-123.9211001631131,45.752115642695543],[-123.92097167168811,45.751844384096465],[-123.92090028796238,45.751730169489086],[-123.92091456488717,45.751516018507388],[-123.9211144391396,45.751244760128088],[-123.92125720659108,45.751016331986321],[-123.92141425186567,45.750787904163339],[-123.92154274239232,45.750645135985827],[-123.92169978676863,45.750488091383623],[-123.92177117049435,45.750373876508071],[-123.92194249179545,45.750302493502502],[-123.92209953617173,45.75031677023626],[-123.9221994737471,45.750359600415706],[-123.92239934889781,45.750459538000079],[-123.92251356249966,45.750502368069959],[-123.92272771457519,45.750516644125767],[-123.9231131870535,45.750559474778669],[-123.92327023053144,45.750573751446701],[-123.92357004325753,45.750573751446701],[-123.92401262253678,45.750573751446701],[-123.9243980959134,45.750502368069959],[-123.92462652401541,45.750430983975086],[-123.92481212134301,45.750373876508071],[-123.92499771956891,45.750302492875647],[-123.92519759471962,45.750088342057509],[-123.92541174679518,45.749831359865844],[-123.92561162104755,45.74961720849376],[-123.9257115577246,45.749502993716554],[-123.92582577312308,45.749345949034939],[-123.92602564647719,45.749203181556979],[-123.92631118227843,45.749160351116998],[-123.92652533435398,45.749146075341095],[-123.92683942310654,45.749117521270961],[-123.92715351096078,45.749103244857302],[-123.92743904676206,45.749046137285468],[-123.92766747486408,45.748989030282104],[-123.9278245201387,45.748874815473208],[-123.9279101798909,45.748831985408074],[-123.92802439439107,45.748717772158415],[-123.92811005504161,45.748632111127463],[-123.92826710031623,45.748517896841953],[-123.92876678639639,45.748246638309212],[-123.92919508964914,45.748075316550413],[-123.92946634762727,45.748061040497042],[-123.92966622277798,45.748018210434353],[-123.92982326715426,45.747975379711981],[-123.93008024910588,45.747946825669835],[-123.93033723105756,45.747918272866826],[-123.93057993518607,45.747889718168594],[-123.93083691803601,45.747875442067723],[-123.93106534613804,45.747775504871449],[-123.93132232719138,45.747632737137742],[-123.93145081861636,45.747518522687905],[-123.93157931004134,45.747347201828717],[-123.93166496979357,45.747261541201901],[-123.93173635441762,45.747204433626436],[-123.93212182599763,45.747147326619434],[-123.93233597807316,45.747133050328685],[-123.93256440617516,45.747075943248653],[-123.93289277185254,45.747075943248653],[-123.93324969137953,45.747061666312767],[-123.93346384345506,45.747047388746402],[-123.93376365438451,45.747033113056979],[-123.93410629698668,45.746847514971059],[-123.93430617213743,45.746690470340646],[-123.93453460023943,45.746533425268353],[-123.93477730526627,45.746304997278251],[-123.93493434964256,45.746162229544808],[-123.9351485017181,45.745990908284242],[-123.93527699224477,45.745876693609475],[-123.93539120674492,45.745748203309844],[-123.93560535792214,45.745476945109132],[-123.93581950999767,45.745362730009639],[-123.93597655347564,45.7452342397808],[-123.93614787567505,45.745091471816494],[-123.93641913365317,45.744977258435895],[-123.93671894548095,45.744863043567868],[-123.93699020435741,45.744691722708396],[-123.93694737358295,45.74452040069621],[-123.93689026678204,45.744377633413905],[-123.93673322240576,45.744220589357745],[-123.93654762417984,45.744020714237635],[-123.93633347300263,45.743863669804348],[-123.93616215080321,45.743749456419458],[-123.93597655347564,45.743635241547054],[-123.93574812537362,45.743521028321709],[-123.9355768040725,45.743463920681066],[-123.93524843839512,45.74336398310971],[-123.9349914564435,45.743306875935339],[-123.93464881473962,45.743192662665138],[-123.93436327893836,45.743078447907472],[-123.9340777431371,45.742964233543027],[-123.93383503811027,45.742792912498629],[-123.93369227065878,45.742635868999955],[-123.93357805615862,45.742435993848396],[-123.93343528780882,45.742221841688384],[-123.93313547598106,45.742021967562273],[-123.93297843160478,45.741936306286981],[-123.93280711030367,45.741836369742686],[-123.93267861977701,45.741636494863521],[-123.93256440527685,45.741393789765851],[-123.93246446770148,45.741179638623663],[-123.93232170025001,45.741036870948207],[-123.9321075490728,45.74077988846313],[-123.93193622687339,45.740551460754006],[-123.9317934594219,45.740337309515695],[-123.93165069107215,45.740037497029121],[-123.93155075529342,45.739794791877017],[-123.93150792451895,45.739452149246596],[-123.93145081681973,45.739138060568209],[-123.93132232539475,45.73893818543371],[-123.93115100499196,45.738795417669436],[-123.93082263931458,45.738695481772737],[-123.93063704108867,45.738566989992016],[-123.93047999581407,45.738338562007073],[-123.93042288991145,45.738053026181994],[-123.93042288991145,45.737767490777692],[-123.93038005913705,45.737539062656957],[-123.9303086754113,45.737253527132374],[-123.93020873783594,45.737153589730049],[-123.92999458665874,45.737010823045686],[-123.92952345263156,45.73685377833079],[-123.929209363879,45.736739563772282],[-123.92908087245401,45.736611073133588],[-123.92896665885216,45.736396922457018],[-123.92890955205122,45.736154217155111],[-123.92890955115291,45.735954341998678],[-123.92899521180347,45.735711636654194],[-123.92909514937882,45.735554592674504],[-123.92919508695417,45.735397548253211],[-123.92926646978158,45.735140565520247],[-123.92935213133045,45.734812200108884],[-123.92942351505621,45.734583771811991],[-123.92950917570676,45.734441004200619],[-123.92962339020691,45.734226853353185],[-123.92970904995916,45.73401270105758],[-123.9298089875345,45.733784273252546],[-123.92983754048582,45.733598675012146],[-123.92989464818504,45.733341694033612],[-123.92995175498598,45.733213203100881],[-123.93002313871173,45.733027604216701],[-123.93005169256132,45.732856283406925],[-123.93012307628707,45.732684962698649],[-123.93028012066335,45.732385149881061],[-123.93040861119003,45.732170998674654],[-123.93052282569019,45.731956846647044],[-123.93065131621685,45.731771248603998],[-123.93069414699129,45.731685588532478],[-123.93066559403999,45.731499990215042],[-123.93062276236725,45.731100241612168],[-123.93057993159282,45.730828981845399],[-123.93045144106614,45.730657661188786],[-123.93035150349077,45.73044351025613],[-123.93028012066335,45.730329295755247],[-123.93012307538876,45.730129420443689],[-123.92996603101248,45.72995810014956],[-123.92978043278657,45.729772501735106],[-123.92956628160935,45.729501243671812],[-123.92933785350735,45.729301368532383],[-123.92900948782996,45.729044386592577],[-123.92885244255537,45.728815958532927],[-123.92865256740465,45.728630360085809],[-123.9283813094265,45.728330548704641],[-123.92829564877596,45.728045013754254],[-123.92828137185116,45.727830861583598],[-123.92835275557687,45.727673817390816],[-123.92835275557687,45.727374005265126],[-123.92816715824929,45.727202684044606],[-123.92801011297469,45.726931426043087],[-123.92796728309858,45.726660166724379],[-123.92798156002337,45.72643173832094],[-123.92801011297469,45.726274694584305],[-123.92801011297469,45.726089096472798],[-123.92786734552321,45.725903497744589],[-123.92772457717344,45.725717899653979],[-123.92765319434599,45.725518026027132],[-123.9276674703725,45.725289597970139],[-123.92779596179749,45.725061168351999],[-123.92786734462489,45.724889847563524],[-123.92795300527544,45.724718526876778],[-123.9280672197756,45.724504374495645],[-123.92809577272693,45.724176009261413],[-123.92809577272693,45.723947580733885],[-123.92808149670043,45.723747705790053],[-123.92803866682434,45.723505001958685],[-123.92795300527544,45.723319404052155],[-123.92788162154972,45.723148082312179],[-123.92798155912509,45.722976761301076],[-123.92811004965175,45.722862546583741],[-123.92826709492634,45.72271977911295],[-123.92833847775375,45.722577011277366],[-123.92845269225391,45.72199166422886],[-123.92858118278059,45.721620468405909],[-123.92863829047984,45.721306379780835],[-123.92873822715687,45.720863799524153],[-123.9288096108826,45.720278451459897],[-123.92876678010819,45.720021470030957],[-123.9286240126567,45.719821595465916],[-123.92850979815654,45.719693104789322],[-123.92832419993064,45.719493229676807],[-123.92812432567823,45.719279078589906],[-123.92792445142582,45.719093481069955],[-123.92773885319991,45.718936436147111],[-123.92756753189882,45.718765115392117],[-123.92739621059773,45.718622347485997],[-123.92723916622145,45.718508132647592],[-123.92708212184516,45.718351089215531],[-123.92689652361926,45.718279704779128],[-123.92658243486667,45.718279704779128],[-123.92622551533968,45.718408195570035],[-123.92593997953843,45.718522409985553],[-123.92546884640956,45.718708008148042],[-123.92519758843143,45.718779391410067],[-123.92498343725421,45.718807945943723],[-123.92471217837775,45.718907882933465],[-123.92448374937743,45.718907882933465],[-123.92431242807632,45.71883649858124],[-123.92422676832409,45.718736561463778],[-123.9240697230495,45.718608070800762],[-123.92391267957152,45.718393919457299],[-123.92378418724823,45.718236875077025],[-123.92368425057118,45.718008446726841],[-123.92362714377028,45.717737188612091],[-123.92357003607103,45.717480206157617],[-123.92361286684546,45.717294608307363],[-123.92369852659769,45.717123287536062],[-123.92379846417306,45.716966242720687],[-123.92388412482357,45.716737814193827],[-123.92411255292562,45.716423725718343],[-123.924283875125,45.716109636104669],[-123.92434098102763,45.715795547861717],[-123.92438381180206,45.715624226885041],[-123.92436953487726,45.715495735964637],[-123.92435525795244,45.715295860891146],[-123.9242553203771,45.715110263312546],[-123.92416965972654,45.714924665117543],[-123.92409827689912,45.714767620395548],[-123.92405544612468,45.714524915188441],[-123.92401261535025,45.714296487344967],[-123.92401261535025,45.714125166163278],[-123.92408399907598,45.713839630738697],[-123.92414110677522,45.713568372458965],[-123.92404116919988,45.713339944469155],[-123.92394123162451,45.713168622236829],[-123.92391267867319,45.71299730198831],[-123.92395550854931,45.712797426760353],[-123.92408399907598,45.712326293409006],[-123.92419821267785,45.711969374486515],[-123.92429815025322,45.711755222164413],[-123.92446947155429,45.711426856645836],[-123.92456940912963,45.711155598573399],[-123.92465506978021,45.710884339811685],[-123.92474073043076,45.71075584928424],[-123.92484066710779,45.710613081615321],[-123.9249977114841,45.710555974194733],[-123.92526897036053,45.710555974194733],[-123.92551167448904,45.710541697330513],[-123.92572582656457,45.710527421089843],[-123.92592570171529,45.710484589836987],[-123.92625406739266,45.710498866715838],[-123.9264824954947,45.710498866715838],[-123.92688224489781,45.710541697330513],[-123.92725344045131,45.71059880413835],[-123.92762463690312,45.71075584928424],[-123.92786734192994,45.710855786874546],[-123.92808149400548,45.710898616588423],[-123.92838130583324,45.710841509459577],[-123.92866684073618,45.710713018833665],[-123.92890954576302,45.710555974194733],[-123.92913797386505,45.710398929114575],[-123.92926646529001,45.710298991334625],[-123.92943778659114,45.710156223753323],[-123.92960910789223,45.709956349655982],[-123.92973759841887,45.709756474843886],[-123.92986608984388,45.709642260075789],[-123.93003741024664,45.709413832348552],[-123.93013734782201,45.709171127100767],[-123.93022300847255,45.708956975975426],[-123.93019445552126,45.708728547956817],[-123.9301659007733,45.708457289334802],[-123.93020873154774,45.708328797618961],[-123.93029439129997,45.708171753808628],[-123.93043715964974,45.707971878887982],[-123.93055137414993,45.7077148973204],[-123.93059420402605,45.707500745634334],[-123.93055137414993,45.707129549526073],[-123.93047998952586,45.70681546099884],[-123.93039432887531,45.706487095316184],[-123.93026583834867,45.706258667241293],[-123.93010879307408,45.705987407925249],[-123.92992319574647,45.705716149802235],[-123.92966621379483,45.705444891617638],[-123.9294377856928,45.705259293319109],[-123.92930929426784,45.705073695659003],[-123.92920935759078,45.704731052688743],[-123.92920935759078,45.70444551757619],[-123.92935212504227,45.704202812085725],[-123.92949489159541,45.704074321255192],[-123.9296233830204,45.704060044617407],[-123.92979470432149,45.704060044617407],[-123.92998030254741,45.704159981632557],[-123.93018017769812,45.704245643133397],[-123.93038005195049,45.704331303875605],[-123.93066558775178,45.704331303875605],[-123.93090829188031,45.704245643133397],[-123.93139370283227,45.704202812085725],[-123.93170779068653,45.704174258872143],[-123.9323645220413,45.704188535480753],[-123.9345488681811,45.704231365912044],[-123.93607648206782,45.704274195683119],[-123.93703302614868,45.704245642506038],[-123.93794673855678,45.704231365284684],[-123.93830365898208,45.704231365284684],[-123.93857491696021,45.704174258244819],[-123.93871768441171,45.703960106796245],[-123.93883189801355,45.703760231872678],[-123.93894611251373,45.703360481763802],[-123.93901749623946,45.703089223441268],[-123.9390746030404,45.702875072227904],[-123.9390746030404,45.702675197816639],[-123.93901749623946,45.702432492168981],[-123.93903177316425,45.702232617430177],[-123.9390746030404,45.701961358654259],[-123.93908887996521,45.701732930907625],[-123.9390746030404,45.701504502855059],[-123.93904605008908,45.701347458066749],[-123.93898894238984,45.701147583840672],[-123.93900321931464,45.700990539304563],[-123.93908887996521,45.700847771161726],[-123.93913170984131,45.700662173285792],[-123.93910315599166,45.700405191366485],[-123.9390746030404,45.700205316908843],[-123.93898894238984,45.699934058962697],[-123.93896038943855,45.699705629834639],[-123.93896038943855,45.699448648538088],[-123.93893183469059,45.69916311279718],[-123.93886045186318,45.69892040758851],[-123.93880334416393,45.698606319366952],[-123.93877479121262,45.698335060564958],[-123.93871768351337,45.698135185608727],[-123.93868912966377,45.697921033614833],[-123.93868912966377,45.697664052272792],[-123.9387605133895,45.697521285047408],[-123.93886045096484,45.697307133839509],[-123.93886045096484,45.697107258973475],[-123.93886045096484,45.696907383393011],[-123.9387605133895,45.696650402412004],[-123.93870340569025,45.69633631273333],[-123.93870340569025,45.695993671428305],[-123.93860346811488,45.695651028651213],[-123.93858919119008,45.695351215989248],[-123.93861774503969,45.695094234758749],[-123.93863202196451,45.694751592117676],[-123.93861774503969,45.694451779653235],[-123.93858919119008,45.694180521403609],[-123.9385749151636,45.693866432284025],[-123.93856063734047,45.693580896901302],[-123.93856063734047,45.693295361943136],[-123.93856063734047,45.693009826154601],[-123.93860346811488,45.692724290790665],[-123.93860346811488,45.692410202277252],[-123.93860346721658,45.69209611388235],[-123.93860346721658,45.691867685364272],[-123.93860346721658,45.691482212908959],[-123.93858919029176,45.691125292669078],[-123.93858919029176,45.690825481471563],[-123.93857491426529,45.690525668666893],[-123.93853208349083,45.690140195747333],[-123.93851780656604,45.68959767940548],[-123.93854635951733,45.689169376351821],[-123.93854635951733,45.688955225163937],[-123.93854635951733,45.688726796995795],[-123.93850352964124,45.688484091672578],[-123.93850352964124,45.688298493548814],[-123.93850352964124,45.688112896064261],[-123.9384892536147,45.687884467593854],[-123.93848925271642,45.687684592936783],[-123.93848925271642,45.687484717565511],[-123.93848925271642,45.687327672936746],[-123.93851780656604,45.68701358423916],[-123.93851780566771,45.686699495660541],[-123.93847497579161,45.686285469793724],[-123.93846069886678,45.685899996519751],[-123.93846069886678,45.685628738211427],[-123.93841786809234,45.685157604942304],[-123.93841786809234,45.684686471470762],[-123.93843214501717,45.684386659021413],[-123.93847497489328,45.683829865319971],[-123.93847497489328,45.68360143693166],[-123.93847497489328,45.683273071725168],[-123.9385035278446,45.682944705846509],[-123.9384892518181,45.682744831111727],[-123.9384892518181,45.68217376018206],[-123.9385035278446,45.68188822598313],[-123.93853208169419,45.681431368108214],[-123.93856063554384,45.681131557042583],[-123.93860346541994,45.680503378598075],[-123.93860346541994,45.680160735690286],[-123.93863201926956,45.679860924719691],[-123.93867484914568,45.679575389386841],[-123.93873195594662,45.67927557653497],[-123.93874623287144,45.678918657486903],[-123.93874623287144,45.678547461797429],[-123.93874623287144,45.678190541870698],[-123.93880333967235,45.677790792866773],[-123.93883189262364,45.677548087797071],[-123.93883189262364,45.677291106361835],[-123.93883189262364,45.677091231514673],[-123.93883189262364,45.676805696483953],[-123.93884616954847,45.676520160623852],[-123.93886044647329,45.676291732518678],[-123.93886044647329,45.675977643999154],[-123.93890327634941,45.675649278612653],[-123.93890327634941,45.675406573041904],[-123.93888899942458,45.675163868301524],[-123.93883189172533,45.674864055663988],[-123.93883189172533,45.674592797199637],[-123.93883189172533,45.674307261974072],[-123.93880333877404,45.674093110383431],[-123.93880333877404,45.673864682414091],[-123.93883189172533,45.67365053038521],[-123.93890327634941,45.673450656343896],[-123.93900321392475,45.673207951280816],[-123.93900321392475,45.672965245792895],[-123.93900321392475,45.672708263398185],[-123.93900321392475,45.672479835425627],[-123.93903176687607,45.672265684374658],[-123.93907459675216,45.672065809781429],[-123.93907459675216,45.671808828278422],[-123.93903176687607,45.671466185485144],[-123.93903176687607,45.671280587397291],[-123.93904604380089,45.671009329139864],[-123.93906031982736,45.670752347180027],[-123.93907459675216,45.670552472204093],[-123.93908887367701,45.670266936451803],[-123.9391174266283,45.670009955477425],[-123.93918881125235,45.669710142849425],[-123.93920308727886,45.669524544588057],[-123.93927447100458,45.669196179002178],[-123.93927447100458,45.668896367664892],[-123.93928874792937,45.668510894482587],[-123.93934585473033,45.668239636612526],[-123.93937440857992,45.667996930922961],[-123.93938868460643,45.667754226064297],[-123.93940296153124,45.667568628222767],[-123.93941723845604,45.667411582931777],[-123.93947434615529,45.667183155313367],[-123.9394886221818,45.667097494794604],[-123.93949576019502,45.666579962556426],[-123.93952431404466,45.666358671852052],[-123.93953859007114,45.666158797508601],[-123.93953145205791,45.665894676768211],[-123.93951717603142,45.665623418775553],[-123.93953859007114,45.665480650750879],[-123.9395814208456,45.665159423875224],[-123.93958855885882,45.664881026846828],[-123.93960997469519,45.664624044373447],[-123.93958855885882,45.664424170742187],[-123.93956000590752,45.66423857253212],[-123.93948148237189,45.663924482914254],[-123.93946006833215,45.663731746800359],[-123.93941723755775,45.663389104786063],[-123.93938868370812,45.66312498416201],[-123.93930302305756,45.662932247806857],[-123.93927447010627,45.662789479824902],[-123.93923163933184,45.66262529729422],[-123.93920308548222,45.662482529785116],[-123.93915311669453,45.662311208670317],[-123.93908887188037,45.662132748696727],[-123.93905318001748,45.661982843461402],[-123.93899607231823,45.661754415036569],[-123.93896751846864,45.66144032592176],[-123.93891754968095,45.661254727864872],[-123.93888899672966,45.661090545228262],[-123.93886044377834,45.660890670282704],[-123.93883188903041,45.660740764233068],[-123.93881047499065,45.660605134843479],[-123.93873195145504,45.660469505753092],[-123.93862487676473,45.660333876334199],[-123.93849638444146,45.660198247214616],[-123.93837503282634,45.660098310121874],[-123.93823940338811,45.659976957025286],[-123.93805380516221,45.659848466295621],[-123.93786106892307,45.659712837255874],[-123.93774685442288,45.659634315261393],[-123.93755411908205,45.659534377789917],[-123.93721147647987,45.659377333190292],[-123.93705443120525,45.659305949421125],[-123.93691166375379,45.659255981042499],[-123.93679031124039,45.659198873910732],[-123.93666182071371,45.659141766092802],[-123.93656902204991,45.659056105826387],[-123.93650477633743,45.659006137224758],[-123.93646908447457,45.658949029838169],[-123.93649763742587,45.658834816145898],[-123.93656902204991,45.658749156037729],[-123.93666182071371,45.658663494542814],[-123.93678317322713,45.658570695383865],[-123.9369901863911,45.658442204566384],[-123.93724716744443,45.658363682673631],[-123.93742562675875,45.658292298240042],[-123.93775399243616,45.658170946252127],[-123.93799669746298,45.658092424606799],[-123.9382783112197,45.657991307758039],[-123.93873516922038,45.657915164857215],[-123.93934431052635,45.657800950311866],[-123.9401438093326,45.657648665144691],[-123.94086716603701,45.657496379563405],[-123.94118268221256,45.657435703053807],[-123.94136209374112,45.657401201335702],[-123.94187605764441,45.657291745671515],[-123.9424328514238,45.657198946750661],[-123.9431966592655,45.657091870978292],[-123.94390890919975,45.656990175929295],[-123.94435126839171,45.656927016232615],[-123.94434226727259,45.656913334091954],[-123.94432842782734,45.656892297582246],[-123.94429750242534,45.656877656031234],[-123.94430123223042,45.656796565163937],[-123.94433768766129,45.656003771586889],[-123.94437426526304,45.655208360374864],[-123.94437819090082,45.655122965344098],[-123.94439474415655,45.655100953659876],[-123.94440097756632,45.655070485395726],[-123.94375963884396,45.655074742564963],[-123.94306959526349,45.655086639404701],[-123.94268128680383,45.655082905905786],[-123.94183227465577,45.655074742564963],[-123.9411303337877,45.655098537497736],[-123.94052357032231,45.655146126077163],[-123.93991680775521,45.655193715871931],[-123.93931004518814,45.655276997287537],[-123.93872707719632,45.65534838054193],[-123.93827497936833,45.655443559747248],[-123.93773960142529,45.655562532898522],[-123.93729940178325,45.655645813765638],[-123.93693058496864,45.655729094508949],[-123.93658556272923,45.655800478442806],[-123.93627623235272,45.655895656879729],[-123.93593121101168,45.656014629698397],[-123.9357408544097,45.656086014524071],[-123.93572895622377,45.656014629698397],[-123.93575275079901,45.655788581126814],[-123.9359074155381,45.655633916416789],[-123.93615725947649,45.655479251907543],[-123.93666487857894,45.655147118159533],[-123.93747389503562,45.654671225530791],[-123.93789807771614,45.654411243139883],[-123.93799493945995,45.654351875617458],[-123.93821152686822,45.65421912855976],[-123.93823074183216,45.65420777405064],[-123.93873500842194,45.653909798206236],[-123.93949643662644,45.65329113865252],[-123.93997232813135,45.652767656017872],[-123.94028165850786,45.652220380507686],[-123.94036667326974,45.651922829248889],[-123.94042442595935,45.651720693651605],[-123.94063857713655,45.651102034405433],[-123.94066514840436,45.650980562596359],[-123.94077757885036,45.650466598850954],[-123.94080513916326,45.650340606278164],[-123.9408527292121,45.649745741553907],[-123.94088909211648,45.649354827063249],[-123.94094790661475,45.648722572461139],[-123.94109067406623,45.647461458092671],[-123.94110615203854,45.647306674931293],[-123.94120964694245,45.646271727738707],[-123.94120964694245,45.64560547885651],[-123.94135241439393,45.644725077429307],[-123.94135241439393,45.644051571540928],[-123.94135241439393,45.643916061247545],[-123.94125723609294,45.64332119612142],[-123.94111446774316,45.642845303492152],[-123.94082893284022,45.642298027748978],[-123.94050734944321,45.641938610041933],[-123.94042442416274,45.641845929503944],[-123.94014448935725,45.64165656288386],[-123.93961540680773,45.641298653419284],[-123.93941216746627,45.641136079764834],[-123.9393556562484,45.641067670464942],[-123.93931104052149,45.641005210054558],[-123.93924560543954,45.640918953652076],[-123.93920991357668,45.640862442064105],[-123.93918017035764,45.640823775513752],[-123.93914745281667,45.640779161196406],[-123.93910283798807,45.640743469088875],[-123.93904037632974,45.640725622712573],[-123.93899873582306,45.640707776330579],[-123.93892437777544,45.640692905702018],[-123.93883812244017,45.640695879576853],[-123.93876971303634,45.640716699836318],[-123.93867453473533,45.640722648839358],[-123.93858827940007,45.640719674337916],[-123.93855258663888,45.640710751460723],[-123.93851094613221,45.640678033813415],[-123.93847822948955,45.640654239034667],[-123.93842469079694,45.640627470367505],[-123.93834438500382,45.640597726551626],[-123.93827300037975,45.640556085936538],[-123.93820161755234,45.640514445290457],[-123.93808859242161,45.640469830726801],[-123.93803802894921,45.640449011003675],[-123.93796961954537,45.64042521612761],[-123.93784469712702,45.640392498313624],[-123.9377911593327,45.64035680721593],[-123.93773464721649,45.64031814031658],[-123.93764541845763,45.640240807694035],[-123.93758890544314,45.640181321520124],[-123.93752644378479,45.64013373215866],[-123.93746100960119,45.640074245242985],[-123.93739854794285,45.640026655790578],[-123.93733608808114,45.639976092384913],[-123.93729147325254,45.639937426478987],[-123.93720224269707,45.639851171573014],[-123.93714870490277,45.639809531031169],[-123.93699057805655,45.63970355191578],[-123.93676214995455,45.639575061147227],[-123.93657655172863,45.639503677887667],[-123.93629101682568,45.639389463478317],[-123.93611969552455,45.639303803146603],[-123.93587699049773,45.639189588329828],[-123.93566283932054,45.639089650802234],[-123.93527736594393,45.638904052781584],[-123.93503466091711,45.638761285089899],[-123.93483478576637,45.638618517662557],[-123.93453497483692,45.638447197023289],[-123.93429226891178,45.638261598758902],[-123.93406384080974,45.638104554173268],[-123.93384968873423,45.638004617850896],[-123.93360698370741,45.63791895603012],[-123.93337855560537,45.637804742787125],[-123.93319295737945,45.637733358528422],[-123.93296452927744,45.637619144907134],[-123.93273610117544,45.637547760411998],[-123.93232207484751,45.637404993033186],[-123.93199370917013,45.637262225290627],[-123.9318081109442,45.637162287465962],[-123.93157968284217,45.63706235134736],[-123.93137980769146,45.636990966771023],[-123.93119421036388,45.636962413794336],[-123.93096578226185,45.636848199229775],[-123.93075163018634,45.63673398568865],[-123.93058030888521,45.636634048178081],[-123.93043754143376,45.636505556651734],[-123.93019483550862,45.636305682522],[-123.93000923818101,45.636177192127043],[-123.92985219380473,45.636048700181249],[-123.92963804172922,45.635934486894925],[-123.92945244440162,45.635863102138003],[-123.9292382932244,45.635805995020704],[-123.9290384180737,45.63577744206836],[-123.92863866777225,45.635620397429868],[-123.92845306954635,45.635563291321496],[-123.92818181156821,45.635477629537355],[-123.92795338346619,45.635434799224285],[-123.92773923228897,45.635377692926831],[-123.92751080418694,45.635292031487069],[-123.92731092903622,45.635234925672201],[-123.92713960683682,45.635163541280413],[-123.92691117873481,45.635092158053908],[-123.92673985833203,45.635035050779102],[-123.92652570715481,45.634963666132705],[-123.92626872430485,45.634935113379314],[-123.92585469887523,45.634906559983236],[-123.92519796752048,45.634906559983236],[-123.92488387876789,45.634863729861841],[-123.92456978911702,45.63489228327974],[-123.9243841908911,45.634906559983236],[-123.92414148586427,45.634963666132705],[-123.9239701645632,45.635006496805858],[-123.92379884416042,45.635020773480257],[-123.92351330835915,45.635120711355427],[-123.9232563264075,45.635177818542935],[-123.92307072818161,45.635249201660272],[-123.92289940777883,45.635277756138038],[-123.92269953262812,45.635334862537384],[-123.92249965747737,45.635391969506621],[-123.92229978322496,45.635449077045834],[-123.92205707819812,45.635506184526811],[-123.9218000962465,45.635591845011092],[-123.92157166814447,45.635677505364384],[-123.92135751696725,45.635734612612616],[-123.92117191874136,45.635791719802612],[-123.9209292137145,45.635863103394207],[-123.92068650868768,45.635963041023452],[-123.92038669685994,45.636077255507836],[-123.92007260720904,45.636191469131305],[-123.91981562615572,45.636305683778197],[-123.91964430395632,45.63641989693609],[-123.91950153650482,45.636548388658852],[-123.91924455545153,45.636762540037914],[-123.91898757260155,45.636962415050533],[-123.91883052912357,45.637105182928885],[-123.91850216344619,45.637333610777624],[-123.91813096789269,45.637547761668216],[-123.91777404746736,45.637676253945209],[-123.91757417411328,45.637747637020496],[-123.91736002203778,45.637819020632939],[-123.91713159393574,45.637819020632939],[-123.91687461108577,45.637819020632939],[-123.91663190695729,45.637761914252749],[-123.91646058475787,45.637690529939448],[-123.91628926435509,45.637633422800235],[-123.91594662175289,45.637533486265717],[-123.91573247057568,45.637462101661406],[-123.91550404247364,45.637462101661406],[-123.91517567679627,45.637490655011568],[-123.9149044170215,45.637519208975256],[-123.9144761146671,45.637576316230906],[-123.91420485579063,45.637590592878659],[-123.91389076703805,45.637590592878659],[-123.91366233893604,45.637590592878659],[-123.91300560758128,45.637490655011568],[-123.9128628401298,45.63739071885049],[-123.9127057948552,45.63727650390274],[-123.91257730432854,45.63716228935025],[-123.91237742917782,45.636990968655311],[-123.91230158441839,45.636915123817275],[-123.91224893865116,45.636862477947389],[-123.9121204481245,45.636748263807256],[-123.91200623362433,45.636605495647665],[-123.91190629604895,45.636405621874388],[-123.91181720113907,45.636196727062753],[-123.91175355909448,45.636041159668146],[-123.91171820320152,45.635928018559923],[-123.91166870423272,45.635829021159076],[-123.91161213372602,45.635722952231511],[-123.91155556321934,45.635574455521287],[-123.91149899361092,45.635425958417486],[-123.91144242220591,45.635305747175188],[-123.91139292323712,45.635178463626346],[-123.91133635362874,45.635079465529472],[-123.91129392619787,45.634916827348455],[-123.91123735569118,45.634768330386436],[-123.91116664300696,45.634478407419785],[-123.91110300096231,45.63430162631731],[-123.91103935981603,45.634082416573776],[-123.9109686471318,45.633912705175149],[-123.91093329123886,45.633742994518883],[-123.91086964919424,45.633594498215245],[-123.91080600714962,45.63346014353931],[-123.91070700921205,45.63327629070487],[-123.91057972691944,45.633099509579246],[-123.9104524437285,45.632979297115391],[-123.91028273310673,45.632859085649955],[-123.91012009402286,45.63276715957852],[-123.90987259917893,45.632682304464588],[-123.90958974754373,45.632562091733952],[-123.90929982616724,45.632448951139523],[-123.90913011554545,45.632342882724046],[-123.90900283145622,45.632250956434078],[-123.90883312173274,45.632116602306134],[-123.90869402210259,45.632008377417897],[-123.90852270169981,45.631879886592237],[-123.9083228265491,45.631722842966433],[-123.90819433602243,45.631608628401622],[-123.90810867447357,45.631480137915837],[-123.9079659079204,45.631208878418661],[-123.90786597034503,45.630980450102378],[-123.90779458572098,45.630851959432775],[-123.90752332684454,45.630409380578108],[-123.90729156060291,45.629959301498218],[-123.90722592878996,45.629742720057031],[-123.90716029877359,45.629552391610552],[-123.90709466875725,45.629342374434096],[-123.90705528931014,45.629191422806798],[-123.90702247475113,45.629014221099006],[-123.90702903694429,45.62883045544757],[-123.90706185240161,45.628712320695982],[-123.90707497858455,45.628620437450657],[-123.90711435713332,45.628528555311135],[-123.90716029877359,45.628436671764575],[-123.90725874424727,45.628311973995324],[-123.90737031590388,45.628174150285183],[-123.90746219828607,45.62806257825271],[-123.90754751847514,45.627872250383099],[-123.90755408156659,45.627740988475374],[-123.90752783009904,45.627635979104788],[-123.90744907210313,45.627530970793877],[-123.90733750044654,45.627439087496704],[-123.90718655024115,45.627353768862442],[-123.90691746528769,45.627229069940526],[-123.9067796412652,45.627150313939367],[-123.90664181724274,45.627078120160547],[-123.90649850361559,45.62704901684242],[-123.90636763255341,45.626977632703571],[-123.90627245425243,45.626900299888582],[-123.90617727505312,45.626817019001081],[-123.90609994268358,45.626721840782174],[-123.90601071392473,45.626614764543049],[-123.90593932930067,45.626495792100179],[-123.90587389332043,45.626376818776613],[-123.90583225371209,45.626239999236532],[-123.90582035642444,45.626103180618976],[-123.90580251049302,45.625978258407251],[-123.90579061320538,45.625865234565666],[-123.90577276637565,45.625746261788443],[-123.90575492044421,45.62555590406587],[-123.90568948626058,45.625413136292089],[-123.90562999892416,45.625276317541157],[-123.90546938464294,45.625115704618139],[-123.90538015588407,45.625020526023533],[-123.90530955279432,45.624960008458821],[-123.90529687487073,45.624949141814476],[-123.90516600380857,45.624883706314336],[-123.90504108318683,45.624824220172236],[-123.90484477614442,45.624800424943857],[-123.90467226637222,45.624770682778859],[-123.90448785751572,45.624770682778859],[-123.90433319187835,45.624770682778859],[-123.90422016854423,45.624776631590045],[-123.904059554263,45.624818271994315],[-123.90392273545532,45.624830168977773],[-123.90376212207242,45.624848014762314],[-123.90341115118925,45.624848014762314],[-123.90325053780633,45.624848014762314],[-123.90301853979936,45.624848014762314],[-123.90289361917763,45.624836118410883],[-123.90275085082786,45.624776631590045],[-123.9026675698145,45.624746888155961],[-123.90250100778778,45.624681452419743],[-123.90236418898012,45.624627914890027],[-123.90212624143101,45.624550582602957],[-123.90188234703476,45.624508941999856],[-123.90168009314517,45.624485147265858],[-123.90146594196793,45.624455404933592],[-123.90129937904294,45.624443506614142],[-123.90115661159145,45.624443506614142],[-123.90100789549615,45.624437557767571],[-123.90082348753802,45.624449456088293],[-123.90060933546248,45.624467301365812],[-123.90043682479194,45.62450299316022],[-123.90029405734046,45.624508942628054],[-123.90009180255255,45.62453868493192],[-123.89993118916965,45.624568429104755],[-123.89977652353222,45.624621966063032],[-123.89966944884195,45.624657659015476],[-123.89953262913596,45.624699298879868],[-123.89936606710923,45.624734991154824],[-123.89927088790995,45.62472904233924],[-123.89916381321966,45.624717145334316],[-123.89885448284316,45.624669556033027],[-123.89870576584954,45.624633864344602],[-123.8985273065352,45.624574377937385],[-123.89843807687804,45.62453868493192],[-123.89830720671416,45.624514891467051],[-123.89822392570082,45.624485147894113],[-123.89812279875603,45.624514891467051],[-123.89802762045504,45.624580326141185],[-123.89796218447481,45.624645761367198],[-123.89787295481764,45.62472904233924],[-123.89776588012734,45.624806375008376],[-123.89765285499661,45.624853964193527],[-123.89755767669564,45.624907502135656],[-123.89745654975083,45.624919399728384],[-123.89729593636791,45.624990783347066],[-123.89719480852482,45.625032424220521],[-123.89710557886765,45.625062167503096],[-123.89702229695598,45.625091910141691],[-123.89686763311519,45.625127602166678],[-123.89676650527207,45.625151396627984],[-123.89670107019015,45.625163294797197],[-123.89661184143129,45.625163294797197],[-123.89646312443769,45.625133550940028],[-123.89631440744409,45.625133550940028],[-123.89616569224712,45.625145447856532],[-123.89608241123376,45.625169242938505],[-123.89590989966491,45.625193037382132],[-123.89571954306294,45.625216832443861],[-123.8955470314941,45.625234678105308],[-123.8954340072617,45.625234678105308],[-123.89532098213095,45.625216832443861],[-123.89518416422159,45.625175191707434],[-123.89506519044704,45.625151397256232],[-123.89496406350226,45.625127602166678],[-123.89486888520128,45.625121654649199],[-123.89477370600198,45.625109756471147],[-123.89468447724315,45.625109756471147],[-123.89460714397526,45.625127602166678],[-123.89454170979165,45.625169242938505],[-123.89447627381139,45.625246575000396],[-123.89443463330475,45.625335805716453],[-123.89438704415423,45.625436932516884],[-123.89433945500372,45.625538059763166],[-123.89428591720944,45.625627290015252],[-123.89420263529776,45.625722468207876],[-123.89411340653891,45.62584144103559],[-123.89401227959411,45.625936618864664],[-123.89388735717576,45.626037746465904],[-123.89378623023094,45.626132925218151],[-123.89370294921763,45.626186463195253],[-123.89357802769757,45.626263795110326],[-123.89339361884109,45.626353025463686],[-123.89326274957557,45.626394665953441],[-123.89312593076789,45.626418461133348],[-123.89301812934053,45.626426163766084],[-123.8929039157387,45.626397609804151],[-123.89268976366316,45.626369056455943],[-123.89248988941077,45.626369057084183],[-123.89229001426006,45.626383332817774],[-123.89207586398115,45.626426164394275],[-123.89191881870656,45.62644044011337],[-123.89167611367971,45.626526100633541],[-123.89154762315306,45.626583207783689],[-123.89143340865287,45.626697422537646],[-123.89136202492715,45.626840190181703],[-123.89130491812621,45.626911573867396],[-123.89127636427659,45.626968680624849],[-123.89114787285162,45.627082895221619],[-123.89101938232494,45.627197108957454],[-123.8909194447496,45.62726849344503],[-123.89085995920981,45.627325058948259],[-123.89081712933367,45.627389304907311],[-123.89079928340226,45.627432135086991],[-123.89079571349731,45.627524934325564],[-123.89080285240887,45.627632008826147],[-123.8908064223138,45.62772480836199],[-123.89080285240887,45.627814038274302],[-123.89076359153937,45.627946098459766],[-123.89072076166326,45.628021052078672],[-123.89066365396403,45.628096004969194],[-123.89060297815648,45.628192372554828],[-123.89054943946387,45.628256618776248],[-123.89046377971161,45.628360124956735],[-123.89040667201238,45.628438646824257],[-123.89037454915612,45.628510030987165],[-123.89033528918495,45.628606398489168],[-123.89027818148571,45.628677783066607],[-123.89022107378646,45.628756305117335],[-123.89016396698555,45.628824119470032],[-123.89009615226644,45.628859811003309],[-123.89001049161588,45.628902641315754],[-123.88988557009583,45.628913350145147],[-123.88975707956919,45.628902641315754],[-123.88965476235663,45.62889074456843],[-123.88957148134327,45.62886219186197],[-123.88949533834317,45.628833637256342],[-123.88937398672807,45.628783668703164],[-123.8891622133914,45.628695628882681],[-123.889012308825,45.628631383164404],[-123.88887667938677,45.628586173658988],[-123.88876246488661,45.628552861566888],[-123.88864587074924,45.628521927815299],[-123.88855307208544,45.6285028927634],[-123.88845075487291,45.628483857076873],[-123.88835795620911,45.628476718849811],[-123.88826277790812,45.628474338602949],[-123.88818187563363,45.628471959612448],[-123.88809145570872,45.628464820755667],[-123.8880200728813,45.628450544923957],[-123.8879558271688,45.62843150859144],[-123.88790110000505,45.628393437791601],[-123.88785826923062,45.628357745961353],[-123.88782257646945,45.628324433105327],[-123.88776071129246,45.628286361604538],[-123.88770598412871,45.62826494684515],[-123.88765125606666,45.628238772192191],[-123.88757987234094,45.628214978413205],[-123.88748231440273,45.628205460521841],[-123.88738237682739,45.628193562370114],[-123.88731099310166,45.628188804365131],[-123.88720391751306,45.628193562370114],[-123.88708494463683,45.628191183367697],[-123.88701356001278,45.62818642410609],[-123.8869076737936,45.62818220635463],[-123.88676490544383,45.628110823030653],[-123.88650792349218,45.628053715552184],[-123.88620811166442,45.628010885847445],[-123.88596540663758,45.627996608643734],[-123.88565131788502,45.628010885847445],[-123.88535150605723,45.628053716180389],[-123.88510880013212,45.628053716180389],[-123.88488037203008,45.628010885847445],[-123.88462339097674,45.627982331436357],[-123.88442351582603,45.627968055481759],[-123.88418081079921,45.628039438987557],[-123.88405232027253,45.62809654648062],[-123.88393810577237,45.628182206982842],[-123.88379533742257,45.628324974614493],[-123.88366684689591,45.628439188960542],[-123.88353835636924,45.628567679507576],[-123.88342414186909,45.628724723179296],[-123.88332420429371,45.62886749131372],[-123.8832528214663,45.628953152522385],[-123.88313860696613,45.629067366216631],[-123.88298156258985,45.629167304028989],[-123.88289590104098,45.629267241034967],[-123.88266747293895,45.629438562099544],[-123.88239621496081,45.629567054124806],[-123.88215350993397,45.629695544599123],[-123.88183942118141,45.62983831214531],[-123.88151105550403,45.629824035407069],[-123.88129690342853,45.629795481919636],[-123.8810970291761,45.629681267196268],[-123.88089715402539,45.629567054124806],[-123.88064017207374,45.629495669423513],[-123.88045457384786,45.629410009043944],[-123.88024042267064,45.629410009043944],[-123.87991205699323,45.629438562099544],[-123.87965507593992,45.629495669423513],[-123.87941237091307,45.629495670051703],[-123.87921249576236,45.629495670051703],[-123.87898406766035,45.629509946873583],[-123.87881274546093,45.629509946873583],[-123.87852721145633,45.629538499878265],[-123.87824167565505,45.629481392597945],[-123.87799897062821,45.629452839564159],[-123.87777054252618,45.629381455345609],[-123.87745645287531,45.62936717911915],[-123.87718519399884,45.62936717911915],[-123.87677116856922,45.629381455345609],[-123.87658557034334,45.629395732824769],[-123.87622865171464,45.629381455345609],[-123.87598594578951,45.629324349161678],[-123.87572896383784,45.629281519171428],[-123.87544342803658,45.62926724229137],[-123.87525783070897,45.629167304657194],[-123.87517217005845,45.629110196998681],[-123.87497229490774,45.628967429482451],[-123.87487235823069,45.628853216212775],[-123.87475814373053,45.628724724435713],[-123.87462965320385,45.628639064134319],[-123.87445833100445,45.628639064134319],[-123.8741727961015,45.628639064134319],[-123.87397292184907,45.628653341174427],[-123.87377304669836,45.628710448670205],[-123.87348751089714,45.628710448670205],[-123.87325908279509,45.628710448670205],[-123.87300210084345,45.62862478834699],[-123.87278794966623,45.628567680763986],[-123.87263090528995,45.628496296674491],[-123.87241675411273,45.628396360178549],[-123.87221687896202,45.628353528851036],[-123.87201700381131,45.628339252990983],[-123.87183140558541,45.628282145745239],[-123.87161725440818,45.62821076129211],[-123.87151731683284,45.628053717436771],[-123.87143165708061,45.627910949742486],[-123.87131744168212,45.627696797833288],[-123.87124605885468,45.627625414519322],[-123.87111756832802,45.627568307174535],[-123.87109851865411,45.627568307174535],[-123.87100335382786,45.627568307174535],[-123.87081775560196,45.627554029858111],[-123.87063215737604,45.627525477098906],[-123.87048938992456,45.627496923696988],[-123.8703751754244,45.627454093566804],[-123.8701895771985,45.627468369652298],[-123.87004680974701,45.627454093566804],[-123.86981838164498,45.627439816221241],[-123.86966133726872,45.627411263403907],[-123.86956139969335,45.627382709315583],[-123.86943227226115,45.627295510355715],[-123.8693466116106,45.627263387331645],[-123.86930021182955,45.627234834424392],[-123.8692359670154,45.627174158427444],[-123.869189566336,45.62713489693585],[-123.8691074746921,45.627109912221762],[-123.86903252285805,45.627056375126607],[-123.86898255407036,45.627027820857514],[-123.86891116944631,45.627006406245521],[-123.8688148017759,45.627006406245521],[-123.86872914022703,45.627017113552519],[-123.86862563454336,45.627034959269082],[-123.86853640488617,45.627052804979961],[-123.86845431324227,45.627070651941615],[-123.86836865259171,45.627099204932442],[-123.86821874712697,45.627124189651312],[-123.86813308647646,45.627156312755197],[-123.868090255702,45.627170588288301],[-123.86799745703823,45.627216988771465],[-123.86791536539428,45.627252680071649],[-123.8678511196818,45.627291941480749],[-123.86776902803787,45.627338340607061],[-123.86770835223032,45.627377601956162],[-123.86765838344265,45.627441847855039],[-123.86762982959303,45.627484677994573],[-123.86757629269704,45.627541785424555],[-123.86751561509286,45.627609599990237],[-123.86746564630518,45.627659568961832],[-123.86739783248437,45.627705967783847],[-123.86733715577851,45.627752367823888],[-123.86719438832705,45.627852304211615],[-123.86711943559469,45.627923688492984],[-123.86704805186895,45.627970087724592],[-123.86697666724488,45.627991503224848],[-123.86691956134226,45.627998641513742],[-123.86685531562978,45.627995072055278],[-123.86674823914288,45.627998641513742],[-123.86667685631544,45.627998641513742],[-123.86658762575995,45.627962950060315],[-123.86652338094579,45.627941534549144],[-123.86645913523328,45.627916550194598],[-123.86636990467781,45.62788799699188],[-123.86628424402726,45.627873719756835],[-123.86622713722632,45.627866581452075],[-123.86614147657578,45.627855874307294],[-123.86607723176161,45.627848735372055],[-123.86600584713757,45.627845167160515],[-123.86594517133001,45.627855874307294],[-123.86589163443404,45.627880858688897],[-123.86585951067947,45.627909411895281],[-123.86584880276126,45.627973657812817],[-123.86583452673479,45.628034333572607],[-123.86582381881661,45.628102148170612],[-123.86581311089842,45.628159255599741],[-123.86581311089842,45.628205654636346],[-123.86580597288514,45.62826990021432],[-123.86579169685866,45.628341283335715],[-123.86577385092724,45.628412668250832],[-123.86577028102228,45.628505467122473],[-123.86577028102228,45.628576850572074],[-123.86576377991459,45.62866761883906],[-123.86573522606496,45.62885321684098],[-123.86563528938792,45.629153028376194],[-123.86550679796295,45.629352903517315],[-123.8653925843611,45.629481393854348],[-123.86524981690961,45.629666992302582],[-123.86512132638295,45.629881144222821],[-123.8650499417589,45.630052465295464],[-123.86496428110836,45.63023806310914],[-123.8646930231302,45.63049504508394],[-123.86449314797949,45.630537875403213],[-123.86437893347933,45.630537875403213],[-123.86427899680227,45.63043793815006],[-123.86413622935079,45.630223787100867],[-123.86402201395231,45.629981081840562],[-123.86392207727528,45.629866867495451],[-123.86385069354952,45.629681269080862],[-123.8637935858503,45.629481394482546],[-123.86367937135012,45.629224412885677],[-123.86356515774827,45.629038814856507],[-123.8634509432481,45.628853217469135],[-123.86330817579662,45.62871044929836],[-123.86315113142037,45.628639065390736],[-123.86293697934482,45.628567682020353],[-123.86270855124279,45.628539127892914],[-123.86233735568931,45.628510574379128],[-123.86206609681284,45.628467744395266],[-123.86176628498509,45.628424914378719],[-123.86156640983438,45.628339253619146],[-123.86116666043125,45.628096548365214],[-123.86098106220535,45.627925227596222],[-123.86086684770517,45.627811013459315],[-123.86068124947927,45.627711075741573],[-123.86049565215167,45.627611138473881],[-123.8603243308506,45.627496924953377],[-123.86016728647429,45.627382709943817],[-123.86005307287245,45.627282772718857],[-123.85991030452264,45.627197112098521],[-123.85976753707118,45.627111451975516],[-123.85963904654452,45.626997237436932],[-123.85946772434511,45.626883023922034],[-123.85938206369455,45.626840193322792],[-123.85922501931827,45.626740256387073],[-123.85899659121627,45.626725978859731],[-123.85875388618943,45.62671170195695],[-123.85856828796352,45.626654595565924],[-123.85836841371112,45.626554658299327],[-123.85818281548521,45.626497551120089],[-123.85802577110893,45.626411890556284],[-123.85781161993171,45.626383336587082],[-123.8576260208075,45.626369060225251],[-123.85739759270547,45.626397613573502],[-123.85726910217882,45.626411890556284],[-123.85705495100159,45.626426167535385],[-123.85695501342624,45.626454720854547],[-123.85684079892607,45.6265974884885],[-123.8567408613507,45.626725979487922],[-123.85661237082404,45.626825917077319],[-123.85639821964682,45.626940131336795],[-123.85619834449611,45.627068622179038],[-123.85592708651797,45.627111451975516],[-123.85567010456634,45.627097175170903],[-123.85545595338913,45.627082898990878],[-123.85522752528709,45.627054345363518],[-123.85497054243713,45.627025791721614],[-123.85474211433511,45.627011514895173],[-123.85439947173292,45.627011514895173],[-123.85411393593165,45.626982961859682],[-123.85387123180314,45.626968685022348],[-123.85359997292667,45.626940131964979],[-123.85334299097502,45.626911577636662],[-123.8531002859482,45.62685447019286],[-123.85287185784618,45.626840193951026],[-123.85267198269548,45.626797363947283],[-123.85251493921749,45.626783087062677],[-123.85231506406677,45.626783087062677],[-123.85214374186737,45.626797363947283],[-123.85187248388924,45.626911577636662],[-123.8516155028359,45.626997238065108],[-123.85132996703464,45.627054345363518],[-123.85107298508299,45.627111452603742],[-123.85080172620656,45.627197113354974],[-123.85055902117972,45.627282773975303],[-123.85033059307771,45.627282773975303],[-123.85008788805085,45.62731132811453],[-123.84987373687365,45.627354158353789],[-123.84967386172293,45.627411265288529],[-123.8494311566961,45.627482648875159],[-123.84920272859407,45.627596863681141],[-123.84891719279281,45.627782461459233],[-123.84871731854041,45.62796805925101],[-123.84826046143804,45.628439192729751],[-123.84816052386267,45.628624790859824],[-123.84807486411044,45.628838941736397],[-123.84803203333604,45.62902453979919],[-123.84803203333604,45.629252967920422],[-123.84801775641122,45.629395735337525],[-123.84791782063247,45.629766931558599],[-123.84778932830919,45.629966806395032],[-123.84766083778254,45.630352279210562],[-123.84754662418069,45.630637814990912],[-123.84747524045494,45.630837688606292],[-123.84743240968051,45.631051841078879],[-123.84730391915387,45.631323099451606],[-123.84717542772886,45.631494419885726],[-123.8470183842509,45.631737125502639],[-123.84688989372422,45.632236812851524],[-123.84678995614887,45.632479517137988],[-123.84666146472388,45.63272222225789],[-123.84661863394948,45.633007757899271],[-123.84657580407332,45.633250463244153],[-123.84656642925505,45.63335392753919],[-123.84656642925505,45.633487177566174],[-123.84658070617985,45.633639463102874],[-123.84658070617985,45.633729882719294],[-123.84656166998069,45.633853614920127],[-123.84654263467978,45.63393927541793],[-123.84650932245411,45.634010658856674],[-123.8464617333036,45.634096320370688],[-123.84640462650269,45.634205775512243],[-123.84634275952907,45.634277158611518],[-123.84625234050247,45.63436757845534],[-123.84616192057753,45.634405649594264],[-123.84605246535176,45.63443896197667],[-123.8459525286747,45.634477033695241],[-123.84585735037373,45.634505587310166],[-123.84575265352399,45.634524622207856],[-123.84566699287345,45.634534140910553],[-123.84558133222292,45.63455793514769],[-123.8455051901211,45.634562694496381],[-123.84540049416968,45.634605524847842],[-123.84523378841251,45.63466386306677],[-123.84509102096106,45.634778076430294],[-123.84500536031048,45.634863738027498],[-123.84481976298291,45.634949398865686],[-123.84469127065961,45.634977951611795],[-123.84453422718164,45.635077889563327],[-123.84436290498223,45.635220657217971],[-123.84417730765463,45.635306317510576],[-123.84404881712798,45.635363424508945],[-123.84389177185339,45.635391977672242],[-123.84372045145061,45.635449085211398],[-123.84349202334857,45.635463362401175],[-123.84326359434823,45.635477638331054],[-123.84307799702064,45.635477638331054],[-123.84290667571955,45.635477638331054],[-123.84269252364402,45.635563300115187],[-123.84244981861718,45.635648960512107],[-123.8422499443648,45.635634683369616],[-123.84206434524056,45.635634683369616],[-123.84192157868742,45.635634683369616],[-123.84176453431111,45.635634683369616],[-123.84150755146116,45.635691790661497],[-123.8413790609345,45.635706067789442],[-123.84112207988117,45.635748897895134],[-123.84092220473046,45.635791727968133],[-123.84066522277881,45.635891665724664],[-123.84046534852639,45.635877388644012],[-123.84025119645088,45.635820281541321],[-123.84006559822497,45.635777451490142],[-123.83982289319813,45.635748897895134],[-123.83960874202091,45.635748897895134],[-123.83928037634354,45.635748897895134],[-123.83890918079004,45.635763174380386],[-123.83868075268803,45.635763174380386],[-123.83848087753732,45.63579172859626],[-123.83823817251047,45.635834558636475],[-123.8380954041607,45.635848835728041],[-123.83788125298348,45.635891666352791],[-123.83765282488145,45.635991602674842],[-123.83742439588111,45.636005879726405],[-123.83716741482779,45.636005879726405],[-123.83695326365057,45.636005879726405],[-123.83676766452636,45.635991602674842],[-123.83659634412358,45.635977326875903],[-123.83635363819843,45.635963049817072],[-123.83621087074695,45.635934496316629],[-123.83598244264492,45.635920219246934],[-123.83573973761808,45.635920219246934],[-123.83551130951608,45.635920219246934],[-123.83519722076352,45.635963049817072],[-123.83488313201093,45.636062987268076],[-123.83468325686022,45.636162924540848],[-123.83445482875818,45.636262862263514],[-123.83429778438193,45.63633424588307],[-123.83416929385524,45.636348522847278],[-123.83402652550546,45.636348522847278],[-123.83381237522656,45.636362799807898],[-123.83365532995194,45.636362799807898],[-123.83334124119938,45.636434183300153],[-123.83311281219906,45.636434183300153],[-123.83291293794666,45.636462736545987],[-123.83267023291981,45.636505566701516],[-123.83248463469391,45.636534120539046],[-123.83215626901654,45.636619781336329],[-123.83194211694101,45.636634058227791],[-123.83177079653822,45.636619781336329],[-123.831556645361,45.636605504441178],[-123.83139960008641,45.636605504441178],[-123.83119972583401,45.636648334487546],[-123.83099985158159,45.636733995738339],[-123.83071431578033,45.636805379385855],[-123.83058582435538,45.6369195940377],[-123.8304573338287,45.637019531667079],[-123.83030028945242,45.637148022014877],[-123.83015752110263,45.637247959864979],[-123.82990054004929,45.63743355771819],[-123.82967211194726,45.637562048372835],[-123.82954362142063,45.637690538732798],[-123.82940085396913,45.637890414203937],[-123.82927236164583,45.638076011813482],[-123.82912959419436,45.63833299427835],[-123.82900110366768,45.638518592306255],[-123.82882978326492,45.638704190347489],[-123.82875839864086,45.638761296395415],[-123.82854424746367,45.638946894260833],[-123.82838720308736,45.639032555766278],[-123.82820160486146,45.639075385841814],[-123.82795889983464,45.639089662107679],[-123.82773047173264,45.639032555766278],[-123.82758770338283,45.63891834102467],[-123.82740210605523,45.638875510829088],[-123.82723078475415,45.638875510829088],[-123.82690241907675,45.638889788402011],[-123.82664543712512,45.638861233880569],[-123.82648839274883,45.638846958184601],[-123.82633134837255,45.638861233880569],[-123.82596015192073,45.638904064087072],[-123.82577455459312,45.638961171815566],[-123.82561750931853,45.639046832043043],[-123.82546046584056,45.639189599635209],[-123.82530342146428,45.639289537612619],[-123.82510354631356,45.639375197966146],[-123.82483228743713,45.639418027779776],[-123.82470379691047,45.639489412404622],[-123.82456102945899,45.63964645624921],[-123.82438970815788,45.63976067076279],[-123.82421838685678,45.639817778246304],[-123.82407561850701,45.639860608349714],[-123.82397568182996,45.639917715731379],[-123.82377580757756,45.640031929063923],[-123.82360448537814,45.640117589538633],[-123.82346171792669,45.640231804347941],[-123.82330467444869,45.640331741722569],[-123.82311907622278,45.640417402366985],[-123.82289064812078,45.640460232640052],[-123.82274788066928,45.640488786346623],[-123.82250517474414,45.640560170235318],[-123.82234813036786,45.64058872326288],[-123.82224819279249,45.640603000399253],[-123.82220536291638,45.640674384770506],[-123.82220536291638,45.640760044891067],[-123.82220536291638,45.640888535454401],[-123.82217680906676,45.641031303378369],[-123.82221963984119,45.641116963581268],[-123.82231957741654,45.641245454582162],[-123.82239096024398,45.641402499157358],[-123.82233385344304,45.641530990131479],[-123.82226246971732,45.641645204571823],[-123.82219108599158,45.641773694989325],[-123.82210542534104,45.641873632753956],[-123.82204831943841,45.642030677452489],[-123.82196265788954,45.642201998439724],[-123.82190555108863,45.642287658736912],[-123.82179133658848,45.642487533510426],[-123.82171995376103,45.642644578372249],[-123.82162001618566,45.642758791798499],[-123.8214772487342,45.642901559980984],[-123.82136303333573,45.643030050657345],[-123.82116315908333,45.643101435076488],[-123.82089190020686,45.643344140039495],[-123.8207634096802,45.643472630956879],[-123.82062064222873,45.643601121579522],[-123.82053498157819,45.64365822891682],[-123.82043504400285,45.643800996691304],[-123.82033510642748,45.643943764101962],[-123.82027799962651,45.644043701763792],[-123.82022089192729,45.644186469183971],[-123.82004957152451,45.64448628096374],[-123.8200210185732,45.644571941536384],[-123.8200210185732,45.644657602606074],[-123.82003529459968,45.644728986207454],[-123.82004957152451,45.64484320040841],[-123.82007812537414,45.645043074856773],[-123.8200210185732,45.645200119463091],[-123.81980686649767,45.645442824754205],[-123.8196355451966,45.645614145355303],[-123.81952133069642,45.645685529621758],[-123.81939284016977,45.645685530249771],[-123.81905019756755,45.645699806087336],[-123.81880749343904,45.645728360263604],[-123.81855051058908,45.645728360263604],[-123.8182078679869,45.645656976051718],[-123.81805082450892,45.645614145983316],[-123.81772245883153,45.645528485120238],[-123.81752258368081,45.645571315254138],[-123.81735126327804,45.645614145983316],[-123.81713711030422,45.645642700203197],[-123.81698006682625,45.645728360263604],[-123.81683729937477,45.645842573683062],[-123.81663742422403,45.645971065778099],[-123.81638044227238,45.646099556322397],[-123.81619484404649,45.646113833310473],[-123.81603780056852,45.646113833310473],[-123.8158664783691,45.646170939970354],[-123.81573798784247,45.646213770241062],[-123.81556666654134,45.646327984554816],[-123.81530968458972,45.64649930558884],[-123.8150527035364,45.646670627354872],[-123.81480999850956,45.646727733447136],[-123.81459584643403,45.646742010903061],[-123.81442452513294,45.646784840737141],[-123.81421037395572,45.646827671166434],[-123.81399622188019,45.646756287727399],[-123.81381062365429,45.646656350508707],[-123.81363930325151,45.646513582474988],[-123.81341087514947,45.646399367911634],[-123.81318244704747,45.646299431940214],[-123.81299684882154,45.646299431940214],[-123.81272558904679,45.646299431940214],[-123.81255426864401,45.646285154371434],[-123.81224017989142,45.646242324155303],[-123.81201175178941,45.646199494534436],[-123.81178332278908,45.646185216940232],[-123.81151206391262,45.646142387275702],[-123.81128363581058,45.646113833938479],[-123.81104093078375,45.646056726592377],[-123.81079822665524,45.645971066406119],[-123.810612627531,45.645928235321826],[-123.81042702930512,45.645856851992619],[-123.81028426185362,45.645856851992619],[-123.81008438760125,45.645856851992619],[-123.80998445002588,45.645814021449056],[-123.80979885269831,45.645742637346281],[-123.80962753049887,45.645671253780563],[-123.80925633494537,45.645656976679689],[-123.80905646069297,45.645656976679689],[-123.80881375566615,45.645614146611287],[-123.80854249678971,45.645528486376236],[-123.8081570243114,45.645499933354124],[-123.80799997903677,45.645499933354124],[-123.80788576543493,45.645557039383839],[-123.8076430604081,45.645685530877792],[-123.80730041780592,45.64588540546081],[-123.80698632905334,45.646013896829601],[-123.80668651632729,45.646113834566492],[-123.80634387462338,45.646228047827989],[-123.80617255332228,45.64631370824933],[-123.80588701752104,45.64645647616446],[-123.80568714326861,45.646556413739731],[-123.80547299119308,45.646670628610842],[-123.80535877759124,45.646713458499498],[-123.80510179563959,45.64682767242244],[-123.80484481458626,45.646956163513899],[-123.80467349238684,45.647027547326218],[-123.80453072493539,45.647084654310582],[-123.80431657375817,45.647156037959171],[-123.80411669860746,45.647198868104681],[-123.80390254743027,45.647270252235721],[-123.80360273470419,45.647370190243109],[-123.80340286045177,45.647441573527821],[-123.80323153915069,45.647527233977414],[-123.80303166399997,45.64764144812505],[-123.80277468294662,45.647755662039806],[-123.80258908472074,45.64781276953785],[-123.80224644211853,45.647898430047782],[-123.80191807644115,45.64798409105466],[-123.80158971076378,45.647998367562415],[-123.80134700573694,45.647955537400264],[-123.80104719390918,45.647898430047782],[-123.80084731965675,45.647898430047782],[-123.80059033680682,45.647912707205364],[-123.80029052497906,45.647955537400264],[-123.80011920367795,45.648026921822968],[-123.79990505250076,45.648112582005403],[-123.79967662439873,45.648226795587512],[-123.7994624723232,45.648255349731606],[-123.79930542884524,45.64831245734819],[-123.79911983061932,45.648455225192947],[-123.79904844599527,45.648612268397123],[-123.79899133919433,45.648812143840772],[-123.79890567854382,45.648940634147948],[-123.79889140251731,45.649054849181468],[-123.7988628486677,45.649226170039157],[-123.79877718801714,45.649383214849585],[-123.79867725044178,45.64951170510269],[-123.79857731286644,45.649625919599714],[-123.79846309926457,45.649825793938071],[-123.7983203318131,45.650068499282213],[-123.79829177796347,45.650111329084638],[-123.79816328743682,45.650268373925122],[-123.79806334986145,45.65048252498525],[-123.7979491362596,45.650682400034519],[-123.79789202856036,45.650825168118125],[-123.79782064483463,45.651039318933179],[-123.79769215340964,45.651196363683461],[-123.7976207705822,45.651296300965448],[-123.79739234248019,45.651339131712803],[-123.79722102028077,45.651381961799451],[-123.79706397680279,45.651410515591003],[-123.79687837767858,45.651439068740046],[-123.79669277945268,45.651481899378219],[-123.79645007532417,45.651524729355742],[-123.79630730787269,45.651539006844864],[-123.7961217096468,45.651596113625338],[-123.79590755757127,45.651681774628742],[-123.79579334396942,45.651681774628742],[-123.79557919189389,45.651681774628742],[-123.79539359456629,45.651710327639492],[-123.79523655019001,45.651724604453364],[-123.7950652288889,45.651724604453364],[-123.79493673836227,45.651738881891539],[-123.7947225853884,45.651781711672534],[-123.79447988125987,45.651838818205533],[-123.79439421971101,45.651867372392068],[-123.79426572918435,45.651938755597001],[-123.7941515155825,45.652024416076387],[-123.79403730108234,45.652110077680554],[-123.79390881055568,45.652195737897912],[-123.79382315080343,45.652267121312271],[-123.793780320029,45.652395611856754],[-123.79366610552884,45.652538379968753],[-123.79355189102868,45.652681147716812],[-123.7934662303781,45.652781084861104],[-123.79330918690015,45.652938129750858],[-123.79313786470073,45.653009513474856],[-123.79298082122277,45.653123727746284],[-123.79282377684649,45.653237942412716],[-123.79268100849669,45.653223665356684],[-123.79239547359374,45.653223665356684],[-123.79216704549171,45.653209388296972],[-123.791967170341,45.653195111233664],[-123.79171018838937,45.653166558351991],[-123.79139609873849,45.653109450661134],[-123.79115339460995,45.653109450661134],[-123.79085358278222,45.653109451289026],[-123.79059660083057,45.653123728374212],[-123.79041100170633,45.653123728374212],[-123.79023968130355,45.653166558351991],[-123.79011119077688,45.653237943040644],[-123.79003980615283,45.653295048716686],[-123.78992559255099,45.653423540670367],[-123.78983993190045,45.653537754097435],[-123.78971144047546,45.653651968547429],[-123.78956867302398,45.653751906471001],[-123.78945445942213,45.653780459682217],[-123.78925458427142,45.653894674265111],[-123.78916892362089,45.653994610499772],[-123.78902615616938,45.654065994760884],[-123.78882628101867,45.654094548439829],[-123.7886692375407,45.654094548439829],[-123.78848363931482,45.654094548439829],[-123.78835514788983,45.654051717915898],[-123.78826948723928,45.654023164843039],[-123.78808388901336,45.653880397376497],[-123.78792684463708,45.653809012878824],[-123.78775552333599,45.653723352617355],[-123.78761275588452,45.653666244866344],[-123.78744143548174,45.653666244866344],[-123.78717017660527,45.653666244866344],[-123.78691319465362,45.653651969175314],[-123.78671331950291,45.653594861979478],[-123.78654199820181,45.653594861979478],[-123.7863421230511,45.65360913894088],[-123.78618507957314,45.653651969175314],[-123.78595665057279,45.653723352617355],[-123.78575677632041,45.653723352617355],[-123.78554262424485,45.653723352617355],[-123.78534275089081,45.653723352617355],[-123.78511432099214,45.653723352617355],[-123.78490016981492,45.653694799377028],[-123.78462891183678,45.653651969175314],[-123.78438620680994,45.653594861979478],[-123.78422916153535,45.653566309301574],[-123.78404356420776,45.653566309301574],[-123.78381513520742,45.653566309301574],[-123.78362953787982,45.653609139568808],[-123.78351532427797,45.653651969803235],[-123.78330117220244,45.653794737224182],[-123.78315840475098,45.653880397376497],[-123.78294425357376,45.6539946111277],[-123.78280148522398,45.654051718543826],[-123.78265871777251,45.654123102732136],[-123.78253022724583,45.654180209389359],[-123.78238745979435,45.654237316616225],[-123.78224469144457,45.654280146998204],[-123.7819163257672,45.654437191451805],[-123.78180211126703,45.654508575148711],[-123.78163079086426,45.654622789502483],[-123.78144519263833,45.654722726949437],[-123.78131670121336,45.654779834251045],[-123.78115965773539,45.654822664845966],[-123.7810311663104,45.654822664845966],[-123.78087412193412,45.654851217511201],[-123.78067424678341,45.654936877931235],[-123.78051720330542,45.654993985642328],[-123.78023166750417,45.655136753409472],[-123.78001751542863,45.655236690567143],[-123.77993185477811,45.655236690567143],[-123.7797748104018,45.655279520812655],[-123.77946072164924,45.655393735477752],[-123.77920374059593,45.655465119211193],[-123.77906097314442,45.655479396323706],[-123.77876116041837,45.65550794928204],[-123.77861839296688,45.655522226383638],[-123.7782900272895,45.655579333497798],[-123.77803304533785,45.655664994059848],[-123.77767612581087,45.655750654490866],[-123.77746197463365,45.655879145205702],[-123.77734776013348,45.656050467165194],[-123.77724782255812,45.656236064892298],[-123.77716216190757,45.656478769456974],[-123.77703367138091,45.656621537206043],[-123.77686235097812,45.65673575164557],[-123.77670530570353,45.656807134924087],[-123.77666247582741,45.656978456556033],[-123.77666247582741,45.657121224286911],[-123.77670530660184,45.65727826830765],[-123.77676241340278,45.657520973378148],[-123.77679096635407,45.657749401494485],[-123.7768337971285,45.657992107034438],[-123.7768337971285,45.658191981653601],[-123.7768337971285,45.658320472417437],[-123.77677668942928,45.658434687158845],[-123.77667675185391,45.658563177993564],[-123.77659109210168,45.658677391612045],[-123.77661964595129,45.658862990050267],[-123.77664819890262,45.659048588501221],[-123.77670530660184,45.659234186336924],[-123.77680524417721,45.659419784185289],[-123.77684807405332,45.65957682803802],[-123.77693373470387,45.65977670265103],[-123.77694801162868,45.660005130982867],[-123.77696228765517,45.660219283110187],[-123.77693373470387,45.66043343379058],[-123.77686235187646,45.660619032058598],[-123.77673386045146,45.660790352701007],[-123.77666247672572,45.660990228004678],[-123.77669102967704,45.661132995552173],[-123.77671958442498,45.66126148647318],[-123.77680524417721,45.661404253956825],[-123.77689090482775,45.66160412895244],[-123.77696228855349,45.661718343274046],[-123.77699084240312,45.661875386957952],[-123.77693373560217,45.661989601981858],[-123.77687662790294,45.662060985468663],[-123.77674813737627,45.66216092282513],[-123.77657681697349,45.662275137266484],[-123.7764197716989,45.662360797630711],[-123.7762770042474,45.662432181272067],[-123.77603429922058,45.662560672978344],[-123.7758629779195,45.662632056364899],[-123.77574876341934,45.662674886604236],[-123.77559171994136,45.662731993957593],[-123.77550605839249,45.662831931371933],[-123.77550605839249,45.66297469924563],[-123.77549178236602,45.663117466755303],[-123.77547750544119,45.663288787286298],[-123.77540612171543,45.663431555250604],[-123.7753204601666,45.663545769611062],[-123.77522052438786,45.663645706200519],[-123.77514913976381,45.663774198260668],[-123.77507775603806,45.663902688770314],[-123.77503492616194,45.664059733232875],[-123.77499209448922,45.66415967078828],[-123.77493498858659,45.664273884291049],[-123.77492758018045,45.664277059692679],[-123.77483505101122,45.664316714529953],[-123.77469228355977,45.664330991896762],[-123.7746728664749,45.664332134487715],[-123.77466372881182,45.664330991896762],[-123.77440674775848,45.664330991896762],[-123.77429253325832,45.664330991896762],[-123.77414976580685,45.664330991896762],[-123.7738499539791,45.664345269259933],[-123.77366435575317,45.664373822091925],[-123.7735073113769,45.664402375537207],[-123.77330743622619,45.664459482384046],[-123.77313611582341,45.664459482384046],[-123.77289340989826,45.664502313108713],[-123.77280775014603,45.664530867116262],[-123.77275064244677,45.664702187716543],[-123.77266498179625,45.664816402623678],[-123.77255076729605,45.664887785645178],[-123.77235089394198,45.664973446406421],[-123.77222240341534,45.665044830483254],[-123.77207963506554,45.665159044063486],[-123.77190831376444,45.665258981539793],[-123.77177982233945,45.66535891946549],[-123.77153711731263,45.665558794153839],[-123.77130868921058,45.665687284961955],[-123.77110881405989,45.665758668128539],[-123.77089466378098,45.665787222750808],[-123.77069478863027,45.665787222750808],[-123.77053774335567,45.665787222750808],[-123.77032359217843,45.665801498486999],[-123.77016654780218,45.665801498486999],[-123.76986673597442,45.665858605789914],[-123.76962403094758,45.665901436071962],[-123.76942415579687,45.665929990621358],[-123.76922428064613,45.666001373478458],[-123.76906723716817,45.666058481205255],[-123.76885308509264,45.666129864526297],[-123.76846761351267,45.666229802152777],[-123.76825346143714,45.666315463371568],[-123.76802503243678,45.6663582939318],[-123.76779660433478,45.666458229894957],[-123.76756817623274,45.66651533715568],[-123.76739685493166,45.666558167562989],[-123.76709704310387,45.666672382450052],[-123.76693999872759,45.666743765615983],[-123.76668301677594,45.666900810269503],[-123.76646886470041,45.66698647108926],[-123.76624043659841,45.667072131150157],[-123.76602628542122,45.667100685730212],[-123.76585496412009,45.667100685730212],[-123.76525533956627,45.667057855110215],[-123.76499835851294,45.667015025085234],[-123.76475565348611,45.666957917706505],[-123.76448439460964,45.666872257470828],[-123.76422741265802,45.666772320363535],[-123.7639847076312,45.666672382450052],[-123.76377055645395,45.666600998565315],[-123.7632994224268,45.666558168190768],[-123.76291394994848,45.666486784788169],[-123.76277118249699,45.666443954326233],[-123.7625570313198,45.666429677498314],[-123.76225721859373,45.666443954953976],[-123.76207162036783,45.666458230522736],[-123.76175753161525,45.666558168190768],[-123.76148627363712,45.666672383077838],[-123.7612435686103,45.666758043619367],[-123.76104369345956,45.666886534185878],[-123.76090092600809,45.666957918334276],[-123.760729604707,45.667043579066643],[-123.76051545263147,45.667114962386997],[-123.76031557837906,45.667129239040143],[-123.76014425707797,45.667086409069782],[-123.75994438192726,45.667057855737994],[-123.75974450767484,45.666972195655255],[-123.759501802648,45.666886534185878],[-123.759273374546,45.666800873840977],[-123.75907349939529,45.66672949012009],[-123.75893073194379,45.666672383077838],[-123.75865947306735,45.666643830162641],[-123.75835966034127,45.66657244561371],[-123.75820261686331,45.66657244561371],[-123.75805984941182,45.666586723033006],[-123.75785997426111,45.666615275977321],[-123.75758871538467,45.666700936606247],[-123.75737456330911,45.666743766871555],[-123.75720324290636,45.666800873840977],[-123.75703192160526,45.666843704029809],[-123.75676066272879,45.666957918962055],[-123.75666072605176,45.667000749030741],[-123.75646085090105,45.667072132405714],[-123.75628952959995,45.667186346871873],[-123.75610393137404,45.667272007254631],[-123.75581839557277,45.667371944725367],[-123.75551858464335,45.667486159835292],[-123.75531870949264,45.667528989499786],[-123.75509028139061,45.667557543219026],[-123.75481902251414,45.667557543219026],[-123.75459059441209,45.667586096295921],[-123.75433361246047,45.667600373456672],[-123.75411946128327,45.667600373456672],[-123.75384820330511,45.667614650613793],[-123.75360549737997,45.667614650613793],[-123.75293448910041,45.667643203661562],[-123.75260612342304,45.667614650613793],[-123.75247763289637,45.667600373456672],[-123.75224920479434,45.667571820387067],[-123.75192083911696,45.667500435766044],[-123.75157819651476,45.667443328882527],[-123.75133549058961,45.667400498524707],[-123.75096429503611,45.667300562360495],[-123.7505502687082,45.667214900765835],[-123.75020762610599,45.667129240295694],[-123.74993636812786,45.667029303019433],[-123.74970794002583,45.666957919589834],[-123.74946523410068,45.666857982007699],[-123.74913686842331,45.666772321619106],[-123.74892271724609,45.666686661099376],[-123.74870856517056,45.666643830790377],[-123.74848013706855,45.666600999820879],[-123.74832309269227,45.666572446869225],[-123.74810894151506,45.666572446869225],[-123.74796617406358,45.666600999820879],[-123.74772346813843,45.666629554013433],[-123.74752359298772,45.666629554013433],[-123.74726661193438,45.666629554013433],[-123.74705245985885,45.666672384333353],[-123.74692396933219,45.666700937234019],[-123.74673837110629,45.666758044874925],[-123.7465242208274,45.666786597731857],[-123.74628151490225,45.666800875096541],[-123.74605308680022,45.666815152457517],[-123.74586748947263,45.666829429187132],[-123.74558195367138,45.666857982635435],[-123.74529641787009,45.666872259354122],[-123.74506798976807,45.666872259354122],[-123.74483956166607,45.666857982635435],[-123.74459685663922,45.666829429187132],[-123.74428276788666,45.666743768127105],[-123.7440543388863,45.666700937861762],[-123.74388301758523,45.666658107563684],[-123.74368314243449,45.666643831418163],[-123.74334050073064,45.666643831418163],[-123.74308351877899,45.666643831418163],[-123.74288364362828,45.666615277232843],[-123.74238395754811,45.666572447497011],[-123.74206986879553,45.666543894530847],[-123.7418271637687,45.666486787299249],[-123.74154162796744,45.666472509854472],[-123.74121326229006,45.666472509854472],[-123.7409420043119,45.666501064112609],[-123.74057080786012,45.666558170701855],[-123.74030861028993,45.666558170701855],[-123.74024244218275,45.666558170701855],[-123.74009967473125,45.666558170701855],[-123.73997118420459,45.666515340294552],[-123.73974275430595,45.666358296442894],[-123.73958571082797,45.666215529036904],[-123.73935728272593,45.666072761266747],[-123.73907174692469,45.665915716173465],[-123.73884331882266,45.665787225889673],[-123.73862916674713,45.66568728810087],[-123.73820086349441,45.66550169031175],[-123.73787249781701,45.665273262433033],[-123.73767262356461,45.66520187801968],[-123.73745847148911,45.66515904783023],[-123.73721576646227,45.665101940441424],[-123.73701589220985,45.665002003940373],[-123.73685884783357,45.664873512187135],[-123.73673035730691,45.66477357465044],[-123.73663041973154,45.664659361539329],[-123.7365304821562,45.664459486150839],[-123.73645909753215,45.664345273026676],[-123.73638771380639,45.664145397772359],[-123.73625922327973,45.66390269253715],[-123.73618783865568,45.663717094481626],[-123.73610217890345,45.663488666854605],[-123.73603079517771,45.663317344424051],[-123.73595941055368,45.663160301017989],[-123.73593085760234,45.662988978838172],[-123.73588802772623,45.662746274867636],[-123.73584519695183,45.66258922985967],[-123.73578809015089,45.662475015431241],[-123.73568815257552,45.662403632472326],[-123.73543116972556,45.662332248794534],[-123.73530267919891,45.662303694921277],[-123.73515991174743,45.662260864397972],[-123.73493148364541,45.662203757191833],[-123.73463167091934,45.66214664992745],[-123.73433185909154,45.662103819911827],[-123.73416053868878,45.662032436479592],[-123.73394638661325,45.661961052328564],[-123.7336894046616,45.661875391980594],[-123.73340386975866,45.661804008257107],[-123.73321827153275,45.661689794110259],[-123.73304694933336,45.661532749905767],[-123.73291845880669,45.661375705260767],[-123.73276141443039,45.661190107617514],[-123.73259009312932,45.661061616532692],[-123.73240449490339,45.660918849430978],[-123.73224745052711,45.660818911740954],[-123.73194763869935,45.660661866977165],[-123.73176204047343,45.660561929456243],[-123.73154788839793,45.660461991756932],[-123.73141939787126,45.660362055762754],[-123.73124807746848,45.660247841185729],[-123.73099109461852,45.659948028382175],[-123.7307912194678,45.659776707673814],[-123.73057706829061,45.659534002334993],[-123.73023442568838,45.659305574592544],[-123.73006310528561,45.659177083577887],[-123.72987750705971,45.659048592896205],[-123.72969190883381,45.658934378779151],[-123.7295063106079,45.658820163801316],[-123.72933498930682,45.658734503670722],[-123.72912083812959,45.658634565848949],[-123.72893523990366,45.65853462973238],[-123.72874964167778,45.658463245516735],[-123.72849265972613,45.658406138204278],[-123.72829278547373,45.658320477440348],[-123.72819284789836,45.658220540135318],[-123.72809291032301,45.658063496245774],[-123.72799297274764,45.657892174166342],[-123.72792158992023,45.657735130611563],[-123.72786448222101,45.657578085988504],[-123.72780737542007,45.657392487686394],[-123.72775026772082,45.657221167321175],[-123.7276646070703,45.656992737677861],[-123.7275218396188,45.656750034085078],[-123.72746473191958,45.656592989210758],[-123.72735051831771,45.656393113907036],[-123.72719347394143,45.656064748523733],[-123.72706498251642,45.655779212961939],[-123.7267937245383,45.655336633825414],[-123.72665095618852,45.655108205913024],[-123.72656529643626,45.654894053702662],[-123.7264510819361,45.654622795153635],[-123.72635114436076,45.654465750592664],[-123.72622265293577,45.654308706847075],[-123.72606560855947,45.654223046094081],[-123.72593711803283,45.654123109011259],[-123.72580862750617,45.654023171122184],[-123.72562302928027,45.653894680544262],[-123.72545170708085,45.65380901915799],[-123.72539406847726,45.65380901915799],[-123.7252946636029,45.65380901915799],[-123.72505195857606,45.653894680544262],[-123.72470931507553,45.654008894266283],[-123.72452371774794,45.654037447346468],[-123.72432384259723,45.654080278509184],[-123.72415252129613,45.654080278509184],[-123.72392409319413,45.654108832180846],[-123.72373849586653,45.654123109011259],[-123.72351006776449,45.654223046722009],[-123.72333874556507,45.654308706847075],[-123.72311031746307,45.654465750592664],[-123.7229532739851,45.654551412230191],[-123.72278195178569,45.654665625868674],[-123.72256780060847,45.654765563239188],[-123.72242503315698,45.65479411656149],[-123.72212522043093,45.65480839384508],[-123.72192534617851,45.654836946517584],[-123.72173974885094,45.654865501059277],[-123.72152559677542,45.654894054330576],[-123.72138282842562,45.654922608215223],[-123.72125433789896,45.655008268526068],[-123.72102590979692,45.655151036256811],[-123.7207832047701,45.65539374175674],[-123.72065471424342,45.655493678455791],[-123.7204976689688,45.655579339776764],[-123.72034062459255,45.655679276144554],[-123.72015502636664,45.655722107307369],[-123.71995515301255,45.655779213589788],[-123.71974100093702,45.655836321069792],[-123.71956967963592,45.655879151484591],[-123.71932697460909,45.655921981238777],[-123.71902716188302,45.65593625886266],[-123.71882728763062,45.655964811588063],[-123.71864169030304,45.655979088573133],[-123.71844181515233,45.655993366182514],[-123.71815627935104,45.656036196477196],[-123.71791357432421,45.656107579391673],[-123.71762803852295,45.656121856968284],[-123.71735678054482,45.656121856968284],[-123.71712835244278,45.656121856968284],[-123.71689992434075,45.656107579391673],[-123.71662866546434,45.656079026739121],[-123.71621463823807,45.656064749779489],[-123.71597193410956,45.656007642532444],[-123.71572922908273,45.655950535855062],[-123.7154579711046,45.655950535855062],[-123.71525809595386,45.655950535855062],[-123.7149582832278,45.655950535855062],[-123.71472985512577,45.65593625886266],[-123.71452997997505,45.655907706122761],[-123.71420161429768,45.65585059871556],[-123.71373048116882,45.655779214217695],[-123.71341639241624,45.655707830884637],[-123.71323079419034,45.655650723901516],[-123.71298808916352,45.655579340404628],[-123.71274538413665,45.655565063317596],[-123.71250268000817,45.655536509132659],[-123.71223142023339,45.655522233290476],[-123.71191733148083,45.655507956188877],[-123.71166035042749,45.655479403230594],[-123.71136053770141,45.65545084900193],[-123.71104644894885,45.655408018887449],[-123.71073235929795,45.65539374301251],[-123.7103897175941,45.655379465878205],[-123.7100756279432,45.65536518874022],[-123.70949028121248,45.655336635709091],[-123.70924757618566,45.655308081407632],[-123.70886210280904,45.655293805507256],[-123.70821964837907,45.655308081407632],[-123.70781989897596,45.655279528347428],[-123.70752008714823,45.655222420927529],[-123.70724882917007,45.655165314077308],[-123.70689190874477,45.6551224837444],[-123.70667775756755,45.655093930589565],[-123.70649216023995,45.65503682360832],[-123.7062494543148,45.654993993177136],[-123.70594964248703,45.654936886093971],[-123.70576404426114,45.654865502942968],[-123.70559272296003,45.654808395100858],[-123.70547850845988,45.654751287828425],[-123.70529291023396,45.654694180497714],[-123.70512158983118,45.654608520334364],[-123.70496454455657,45.654551414113946],[-123.70475039427768,45.654451476361267],[-123.70456479605177,45.654351539058162],[-123.70443630552512,45.654223048605722],[-123.70432209102493,45.654151663916942],[-123.7040936620246,45.654051726706683],[-123.703908064697,45.653980343683244],[-123.70373674339594,45.653851851751263],[-123.70357969901966,45.653737638336835],[-123.70337982386894,45.653651977966149],[-123.70319422564302,45.653651977966149],[-123.70299435049232,45.653651977966149],[-123.7028087531647,45.653680531228311],[-123.70252321736345,45.653751915261843],[-123.70235189606235,45.653780468472995],[-123.70218057565957,45.653823298576448],[-123.70193787063273,45.653851851751263],[-123.70168088778277,45.653908959312957],[-123.70143978355377,45.653925741570916],[-123.70134163182919,45.653922767770496],[-123.7012464526299,45.653907895626453],[-123.70118994141201,45.653884100815695],[-123.7011364027194,45.653842460657444],[-123.70110071085652,45.653794870970181],[-123.70105312170604,45.6537353841182],[-123.70101445552126,45.6537026665425],[-123.70096389204885,45.653681846713731],[-123.70091035335624,45.653649129106697],[-123.70085384213834,45.653628309258025],[-123.7007765097688,45.653610462590891],[-123.70069025353521,45.653583693835337],[-123.70062779277521,45.65356882160124],[-123.7005683063371,45.653548002350647],[-123.7005177428647,45.65352718246438],[-123.70045230778275,45.653494464766993],[-123.70041066727607,45.653467694700183],[-123.70038984702275,45.653443900958209],[-123.70034820651605,45.65340820812861],[-123.70029466782344,45.653375491617538],[-123.70024113002914,45.653339798744334],[-123.70018164359104,45.65331303048734],[-123.70004185046146,45.653241647150217],[-123.69997046673573,45.653217852056386],[-123.69992882622905,45.653194057580379],[-123.69988718572236,45.653164313529231],[-123.69986041682522,45.653146467970053],[-123.69980985335282,45.653122672835785],[-123.69975928988042,45.653092930002551],[-123.69971169983161,45.653063186525621],[-123.69962247017445,45.653012622955387],[-123.69956000941443,45.652988829020074],[-123.6994945743325,45.652956111636115],[-123.69943508789437,45.652929342567795],[-123.69936805201459,45.652895309645224],[-123.6991967298152,45.652852479460009],[-123.69903968633724,45.65279537207681],[-123.69883981118653,45.652752541815175],[-123.69863993603579,45.652709711520771],[-123.69856855320837,45.652624051461636],[-123.69846861563303,45.65249555955743],[-123.69845433870822,45.652381345888763],[-123.69834012510637,45.652267131359174],[-123.69812597303081,45.652167193925671],[-123.69796632174359,45.652068528509695],[-123.69761201002586,45.652049626414758],[-123.69749347283255,45.652032180495084],[-123.69728873599952,45.651930724292413],[-123.69703658428914,45.651841422889454],[-123.69664888578556,45.651762030209518],[-123.69651472149957,45.651741334619054],[-123.6963391242177,45.651680701480821],[-123.6960043095349,45.651583416048268],[-123.69560790006804,45.651437361994226],[-123.6953589535466,45.651358400138101],[-123.69507371329107,45.651237552433528],[-123.69456595405144,45.651146599685674],[-123.69411510128846,45.651101733619456],[-123.69354436745245,45.650855272597987],[-123.69318417895613,45.650607825864661],[-123.69293286357731,45.65048604654293],[-123.6927936929802,45.650304031706497],[-123.69264927801852,45.650128157693487],[-123.69247122833595,45.649879272232795],[-123.69230936809143,45.649288140262193],[-123.69230066251801,45.649131152958155],[-123.69220404152267,45.648981328461097],[-123.69206057787686,45.648599327745792],[-123.69177811072061,45.648283054835986],[-123.69137439076394,45.647961409020958],[-123.69124574572702,45.64790370258018],[-123.69117546064088,45.647827818507523],[-123.69102998656548,45.647713327799131],[-123.6909396807266,45.647661421792705],[-123.69085853860192,45.647581928989837],[-123.69072720221243,45.647433736882221],[-123.69064323937776,45.647197896605142],[-123.69048305538958,45.647037155591725],[-123.69037518389364,45.647006328753385],[-123.69023774345179,45.6469498905008],[-123.69012496895101,45.646934648501635],[-123.69002208040995,45.646873043678703],[-123.6899570846042,45.646803350856743],[-123.68977343572246,45.646734416565515],[-123.68943863271775,45.646641202001007],[-123.6892528674052,45.646598621371602],[-123.68885861569163,45.646471200823733],[-123.68871302034363,45.646417995594284],[-123.68855227850165,45.646336618285844],[-123.68807769494379,45.64623044050883],[-123.68785380243563,45.646112667739679],[-123.68767475382647,45.645946027916636],[-123.68741115578274,45.645724519379847],[-123.6872963142585,45.645613303197727],[-123.68698398889885,45.645493171587425],[-123.68673048432566,45.645469889424788],[-123.68666113708068,45.645415925237032],[-123.68636696218132,45.645256379239449],[-123.68623895045671,45.645101616361558],[-123.68603943103885,45.644966379282373],[-123.68550450854165,45.644780691453775],[-123.68515278037869,45.644540082134021],[-123.68487302433796,45.64440108436736],[-123.68467804680216,45.644355194875516],[-123.68397054356586,45.644064910782369],[-123.68314172824033,45.643939766717374],[-123.68300119130571,45.643791102118179],[-123.68275397763445,45.643606194803013],[-123.68259942787972,45.643485533854651],[-123.68242846141317,45.643400652264468],[-123.68224096594538,45.643387885630126],[-123.68207009470026,45.643368711807859],[-123.681894949271,45.643272232777846],[-123.68173255902045,45.643252827171622],[-123.68154834869165,45.643299526473079],[-123.68128915239281,45.643372083713068],[-123.68101450507112,45.643263336684555],[-123.6807313471104,45.643182602296854],[-123.68054889029307,45.643189725462186],[-123.68031249862604,45.643214017195099],[-123.68017034831718,45.643253614097681],[-123.67977971322095,45.643252321604599],[-123.67936338540922,45.643163932716128],[-123.67911937063873,45.643133291528819],[-123.67877046767732,45.643118948465457],[-123.67859425145626,45.643054510145078],[-123.67847533337726,45.643067101633477],[-123.67826781446176,45.643064657946667],[-123.67801896855164,45.643064951867338],[-123.67773004250851,45.643090578857624],[-123.67763907910283,45.643112445789889],[-123.67749137990046,45.643108375493888],[-123.67742545703335,45.643124713199178],[-123.67720208285309,45.643085523800487],[-123.67703979141723,45.643143276655088],[-123.67684816190251,45.643157788653497],[-123.67669230689565,45.643201191482987],[-123.67658967617108,45.643262165402149],[-123.67633233848657,45.643275617877549],[-123.67623222753637,45.643215299640538],[-123.67580304662961,45.643157497873503],[-123.67556111505223,45.643119751722352],[-123.67545254376869,45.643152474852151],[-123.67491286828535,45.643065878219964],[-123.67463731546182,45.642995936355334],[-123.67427605168211,45.643065291634635],[-123.67409578675404,45.643062609294205],[-123.67349867299143,45.64297918348025],[-123.67332029272883,45.642957979074922],[-123.67309857863523,45.642960259476794],[-123.67272818078571,45.643017947144784],[-123.67252377453271,45.643160465965153],[-123.67235032871596,45.643248543982423],[-123.67193917520029,45.643337112982771],[-123.67154301277012,45.643389541122616],[-123.67139888886257,45.643393449365909],[-123.67128802238346,45.643384543871356],[-123.67115233545307,45.643233378224366],[-123.67112362709322,45.643174603650564],[-123.6710443804138,45.643123151276079],[-123.6710055543289,45.643034873346203],[-123.67104139082053,45.64291479210187],[-123.67099244970554,45.642797009849929],[-123.6710022512236,45.642676406822552],[-123.67099687390829,45.642578809943195],[-123.6709216004774,45.64243564903952],[-123.67093154842084,45.64223615781642],[-123.67097365874641,45.641993534724051],[-123.67094598794073,45.641895998203857],[-123.67086059408982,45.641791260921494],[-123.67081836339,45.641640416934266],[-123.67079580040499,45.641384944408287],[-123.67081217399769,45.641273611585355],[-123.6707826005602,45.641218560586218],[-123.67077241905479,45.641114605853289],[-123.67057899829936,45.640839941168579],[-123.67047268178719,45.640759445092307],[-123.67043488517163,45.640688078415195],[-123.67035265159389,45.640584036025217],[-123.67012434117115,45.640292450507623],[-123.669922447506,45.640018014178288],[-123.66976134094799,45.639867537863303],[-123.66956763722327,45.63974176702672],[-123.66948901487299,45.639547366181759],[-123.66943958776942,45.639420663817091],[-123.66937271628134,45.63928550032707],[-123.66932771158395,45.639239076546659],[-123.66935962243775,45.63904763661445],[-123.66928460053515,45.638918649412993],[-123.66930348671569,45.638799028524716],[-123.66922941253564,45.638533040181549],[-123.66908702417322,45.638432946973438],[-123.66894425582345,45.638361564143096],[-123.66873010374789,45.638318733521913],[-123.66854450552201,45.638318733521913],[-123.66820186381814,45.638318733521913],[-123.66798771174261,45.638318733521913],[-123.66764507003873,45.638318734150005],[-123.66744519578633,45.638318734150005],[-123.66710255228583,45.638318734150005],[-123.66688840110861,45.638333011236753],[-123.66671707980751,45.638347287063667],[-123.66644582093105,45.638447224659139],[-123.66630305347958,45.638447224659139],[-123.66611745525368,45.638447224659139],[-123.6659461348509,45.638432947601494],[-123.66577481265149,45.638432947601494],[-123.66556066147427,45.638432947601494],[-123.66544644697412,45.638432947601494],[-123.66521801887208,45.638447224659139],[-123.66498959077006,45.638475778135366],[-123.66478971651765,45.638518609264601],[-123.66458984226527,45.638547162076357],[-123.66437568929143,45.638589992522931],[-123.66414726118938,45.638618545926413],[-123.66400449373793,45.638632822936763],[-123.66387600321127,45.638632822936763],[-123.66359046740997,45.638632822936763],[-123.66341914700719,45.638632822936763],[-123.66321927185648,45.638647099943441],[-123.66297656682966,45.638647099943441],[-123.66281952245338,45.638632822936763],[-123.66259109345302,45.638604269540508],[-123.66241977305025,45.638561439732953],[-123.66224845174916,45.638561439732953],[-123.66196291684622,45.638561439732953],[-123.66173448784588,45.638547162704448],[-123.66152033577036,45.638547162704448],[-123.66132046241626,45.638532885672277],[-123.66110631034076,45.638504332225139],[-123.66090643519004,45.638490055182096],[-123.66067800708801,45.638490055182096],[-123.66046385591079,45.638490055182096],[-123.66020687306083,45.638518609892657],[-123.66003555265804,45.638532885672277],[-123.65970718698067,45.638547162704448],[-123.65957869645399,45.638547162704448],[-123.65920750000218,45.638632823564812],[-123.65887913522313,45.638704207933827],[-123.65853649172261,45.63877559095576],[-123.65835089439503,45.63877559095576],[-123.65822240386836,45.63877559095576],[-123.65799397396972,45.638704207933827],[-123.65782265356694,45.638647100571525],[-123.65765133226581,45.638504332853238],[-123.65746573403993,45.638304457687724],[-123.65733724351325,45.638147413222214],[-123.65709453848643,45.638018922653693],[-123.65693749411015,45.637947539295958],[-123.65659485060964,45.637833324855016],[-123.65636642250763,45.637733386792732],[-123.65613799440563,45.637662003699297],[-123.6559523961797,45.637590619258766],[-123.6555812006262,45.637476405974645],[-123.65532421867456,45.637347915123662],[-123.65508151454604,45.637247978079891],[-123.65496729914754,45.637119486077005],[-123.65488163939531,45.636990995663766],[-123.65479597874476,45.636905334805881],[-123.6546674873198,45.636791120753095],[-123.65466458665973,45.636756762087458],[-123.65464079208449,45.636661583159871],[-123.65460509932331,45.6365426100582],[-123.65455751107113,45.636441483194275],[-123.65450397237852,45.63634630498742],[-123.6544385381949,45.636263023688251],[-123.6543552562832,45.636179742265348],[-123.65426602662606,45.636114306685052],[-123.65414705374985,45.63607861537465],[-123.65404592590673,45.636001283181969],[-123.65399238901071,45.635912053113124],[-123.65391505574286,45.635822823530312],[-123.65383177472951,45.635745490356555],[-123.65372469914091,45.63566815833228],[-123.65364141812753,45.635614620617858],[-123.65352839389513,45.635543236081595],[-123.65338562554533,45.635465903778226],[-123.65326665177079,45.635400469248765],[-123.65315957708052,45.63533503401478],[-123.65303465466215,45.635269598704383],[-123.65294542500496,45.635239855184871],[-123.65283240077255,45.635210112277761],[-123.65272532518397,45.635174420391465],[-123.65262419734083,45.635126831174368],[-123.65249332807528,45.635067344596202],[-123.65241004616362,45.635031653247118],[-123.65225538052621,45.634942422890589],[-123.65215425358141,45.634888885110968],[-123.65198345509981,45.634806650620035],[-123.6517835799491,45.634735266310791],[-123.65155515184706,45.634735266310791],[-123.65116967847047,45.63470671344102],[-123.65086986574438,45.63470671344102],[-123.65061288469107,45.634678159300478],[-123.65037017966425,45.634649606401574],[-123.65004181398685,45.634649606401574],[-123.64954212700836,45.634563945733319],[-123.64932797493283,45.634521115978174],[-123.64915665453005,45.63444973130526],[-123.64895677937933,45.634349794117881],[-123.64884256577747,45.634249857380404],[-123.64868552050289,45.634121366040503],[-123.64854275305142,45.633992875034053],[-123.64844281547605,45.633935767895331],[-123.64832860187423,45.633878661954697],[-123.64811444979867,45.633764447386241],[-123.64799426779008,45.633731748296015],[-123.6478800532899,45.633693677327386],[-123.64782294648896,45.633655605704796],[-123.64773252656407,45.63359374004807],[-123.64768017903749,45.633541391938046],[-123.6476183120639,45.633484284339254],[-123.64755168761253,45.63340338259318],[-123.64748030388678,45.633331999009087],[-123.647370848661,45.633222544045331],[-123.64727091108563,45.63313688370836],[-123.64719000881115,45.633046463763307],[-123.64708531285973,45.63295604430057],[-123.64699965220917,45.632894178499754],[-123.64690923318258,45.632841829736293],[-123.64682833090808,45.63280375879129],[-123.64674267025755,45.632784723309086],[-123.64663321503174,45.632760928319115],[-123.64652851908032,45.632760928319115],[-123.64647141227938,45.63273713394716],[-123.64639051000491,45.632689543916655],[-123.64634292085439,45.632646713985373],[-123.64627153712867,45.632618160679606],[-123.64619539412857,45.632599125134362],[-123.64612876877889,45.632570571176245],[-123.64604310902666,45.632522982888801],[-123.64596696602653,45.632484911099034],[-123.64586702845119,45.632451598183266],[-123.64578136780064,45.63243256258145],[-123.64565763565002,45.632413527601344],[-123.64555769897301,45.632404008538472],[-123.6454767966985,45.632394490730313],[-123.64534830617184,45.632361178388919],[-123.64533048000334,45.632351047493458],[-123.64518771255187,45.632293939938002],[-123.64505922112689,45.632208279437982],[-123.64494500752504,45.632136896216117],[-123.64480223917523,45.632065511646992],[-123.64465947172378,45.632008404428746],[-123.64453098119712,45.631965574605047],[-123.64441676669695,45.631894191074053],[-123.6443453829712,45.631822806823969],[-123.64427399924547,45.631779976858425],[-123.64410267794437,45.631680039307383],[-123.64401701729382,45.631637208604566],[-123.64395719758073,45.631603289006506],[-123.64391936413425,45.631581398737609],[-123.64388962181347,45.631563552584026],[-123.64384322203243,45.631533808982077],[-123.64381109917618,45.631519532675668],[-123.64379325324475,45.631517152558061],[-123.64377937517192,45.631518020054088],[-123.64377421704556,45.631518343559115],[-123.64375399237527,45.631526671143384],[-123.64370783064776,45.63155760386487],[-123.64368118122653,45.631586157710949],[-123.64365643443708,45.631612807577248],[-123.64363359117772,45.631647071403222],[-123.64361074881668,45.631671818533661],[-123.64358219496707,45.631692757100105],[-123.6435460269971,45.631713696286852],[-123.64351733031535,45.631722870605593],[-123.64324607143887,45.631851361163065],[-123.64306047411129,45.631922744120487],[-123.64286059896058,45.632008405056929],[-123.6427035545843,45.632108342650618],[-123.64250368033188,45.632308217303439],[-123.6423894649334,45.632393877650706],[-123.6422895291547,45.632465262429761],[-123.6421610368314,45.632522368554312],[-123.64194688655249,45.632593753169672],[-123.64173273447696,45.63267941308056],[-123.64158996612719,45.632750797495873],[-123.6414186457244,45.632836458423021],[-123.6412473244233,45.632922118591068],[-123.64101889632127,45.633036332991722],[-123.64086185194499,45.633150546531461],[-123.6407048066704,45.633236207475704],[-123.64056203921891,45.633336144764485],[-123.64041927176746,45.633436082503202],[-123.64043354869224,45.63357884994349],[-123.64047637856837,45.633693063633892],[-123.6405477631924,45.63386438561745],[-123.64060486999334,45.634049983370879],[-123.64066197679428,45.634249858008545],[-123.64074763744483,45.634635330260757],[-123.64077619129444,45.63487803546645],[-123.64080474514405,45.635077910291479],[-123.64081902206887,45.635292061636953],[-123.64076191436965,45.635606151057956],[-123.64076191436965,45.635806025170318],[-123.64069053154221,45.635948792854315],[-123.6406477016661,45.636005899826039],[-123.64056204011723,45.636048730330742],[-123.64034788894004,45.636234328387317],[-123.64017656763892,45.636405650139316],[-123.64001952326264,45.636534140638545],[-123.63984820196153,45.636691185856847],[-123.63969115758526,45.636833952541892],[-123.6395912200099,45.636948167135493],[-123.63941989960713,45.637119487961293],[-123.63927713125733,45.637190872373957],[-123.63912008688105,45.63727653279534],[-123.63893448865512,45.637333639670196],[-123.63879172120367,45.63737647041625],[-123.63856329310164,45.637504960573686],[-123.63822065049946,45.637676282837653],[-123.63804932919837,45.637790496342475],[-123.63779234724672,45.637976094283026],[-123.63754964311821,45.638147415106516],[-123.63733549104265,45.638275906636544],[-123.63706423216622,45.638390120175316],[-123.63680725021457,45.638518611776938],[-123.63652171620996,45.638604272680944],[-123.63623618040866,45.638647102455764],[-123.6358935378065,45.638747040144594],[-123.63555089520429,45.638789870438387],[-123.63523680645172,45.638832700699439],[-123.63499410142488,45.638875530927741],[-123.63472284254844,45.638975468837245],[-123.63445158457029,45.63901829895638],[-123.63413749491941,45.639118236611239],[-123.63386623604295,45.639175343493363],[-123.63359497806482,45.639346664418646],[-123.63339510291411,45.639503709291468],[-123.63326661238744,45.639660753096031],[-123.63306673723673,45.63983207504937],[-123.63286686388264,45.640003395850826],[-123.63260988103268,45.640131886265195],[-123.63239572985546,45.640288931449426],[-123.63216730085514,45.640474529279182],[-123.63193887275311,45.64066012712226],[-123.63179610530165,45.640802895000178],[-123.63168189169977,45.640945662514305],[-123.63155340117311,45.641102706673678],[-123.63142490974815,45.641259751020925],[-123.63131069614627,45.641388241694401],[-123.63129641922148,45.641545286497383],[-123.63126786537184,45.641673777144035],[-123.63121075857092,45.641773715086892],[-123.63113937394687,45.641973589809808],[-123.6310108834202,45.642130633600097],[-123.63088239289353,45.642444723000324],[-123.63073962544208,45.642658874454035],[-123.63058258016746,45.642858749159252],[-123.63042553668949,45.643030070126464],[-123.63025421449007,45.643130007534133],[-123.62998295651195,45.643172838245697],[-123.62972597545861,45.643130007534133],[-123.62949754555997,45.643058624407445],[-123.62931194823237,45.643001517087022],[-123.62895502870538,45.642901579450147],[-123.62868377072722,45.642830196660505],[-123.62842678877558,45.642730258718075],[-123.62802703937247,45.642616044605603],[-123.6275559062436,45.642516106909163],[-123.62699911246419,45.642558937462056],[-123.62669929973814,45.642558937462056],[-123.62635665713594,45.642616044605603],[-123.62591407785672,45.642673151690943],[-123.62564281898025,45.642658875082049],[-123.62530017637808,45.642644599097601],[-123.62510030122736,45.642573214724429],[-123.62490042697495,45.642444723628373],[-123.62472910567386,45.642330509561859],[-123.62451495449663,45.642202018537184],[-123.62430080242112,45.642030698178019],[-123.62405809649597,45.641845099850734],[-123.62385822314189,45.641702332116331],[-123.62371545479209,45.641602394674152],[-123.62345847284044,45.641502457053761],[-123.62320149178714,45.641388242950484],[-123.62301589356122,45.641316859488747],[-123.62271608083513,45.641259752277058],[-123.62224494770631,45.641145538935149],[-123.62198796665294,45.641102707301741],[-123.62171670687819,45.641088431548788],[-123.6214026181256,45.641088431548788],[-123.62091720807194,45.641088431548788],[-123.62056028854495,45.641088431548788],[-123.62017481606664,45.64107415453612],[-123.6199035571902,45.64101704707705],[-123.61948953176058,45.640959940187791],[-123.61907550543263,45.640888556808434],[-123.61888990720674,45.640817173338121],[-123.61873286283046,45.640731512048802],[-123.61853298767974,45.640660128378414],[-123.61831883650251,45.640517360764733],[-123.61813323827661,45.640417423721189],[-123.61784770337367,45.640274655489129],[-123.61761927437334,45.640231825702223],[-123.61721952497021,45.640174718640708],[-123.6169768208417,45.640117610892958],[-123.61664845516431,45.640060504971196],[-123.61637719538956,45.640003397735065],[-123.61613449126102,45.63990346040282],[-123.61593461611031,45.639860629704138],[-123.61560625043293,45.639832076933608],[-123.61533499245481,45.639760692745327],[-123.61512084037928,45.639717862565604],[-123.61483530457801,45.639732139295788],[-123.61452121582545,45.639789245552279],[-123.6142642338738,45.639874907026041],[-123.61406435962138,45.639989120445854],[-123.61387876139548,45.640060504971196],[-123.6137217170192,45.64010333551709],[-123.61340762826663,45.640246102929588],[-123.6131934761911,45.640331763704886],[-123.6130078779652,45.640431700901217],[-123.6128508344872,45.640474531163406],[-123.61253674483633,45.64057446873317],[-123.61239397738487,45.640660129006442],[-123.61225120993339,45.640774342709832],[-123.61215127325636,45.640845727490806],[-123.6118657374551,45.640945665026543],[-123.61172297000361,45.64101704833314],[-123.61148026497679,45.641059878147871],[-123.61122328212683,45.641074155164191],[-123.61103768479921,45.641102708557881],[-123.61085208657333,45.641188369907745],[-123.61065221142262,45.641302583790413],[-123.61053799782077,45.641431074365613],[-123.6104380602454,45.641559565902256],[-123.61030956971874,45.641688056516159],[-123.61009541764321,45.641816547463449],[-123.60992409724042,45.641959314906821],[-123.60972422208971,45.642159190223659],[-123.60958145463822,45.642287680718468],[-123.60948151706287,45.642459001547856],[-123.60941013333712,45.642744537192847],[-123.60932447268658,45.642930135052708],[-123.60925308896087,45.643101457057718],[-123.6091531513855,45.643244224366981],[-123.60905321470845,45.64337271488548],[-123.60892472328347,45.643544036165103],[-123.608781955832,45.643672527880057],[-123.6086391874822,45.643858125805743],[-123.60852497388034,45.644057999372571],[-123.60841075938016,45.644257874738422],[-123.60835365347755,45.644400642240782],[-123.60835365347755,45.644543410007387],[-123.60838220642887,45.644671900686248],[-123.60841075938016,45.64484322238895],[-123.60846786707943,45.64500026629949],[-123.60858208157958,45.645128757814511],[-123.60873912595589,45.645285801552603],[-123.60885334045605,45.645428569575436],[-123.60886761738084,45.645571337234408],[-123.60885334045605,45.645742658070446],[-123.60881050968162,45.645856872716777],[-123.60875340288071,45.645928256045963],[-123.60863918838052,45.646013917553717],[-123.60851069785387,45.646099577674491],[-123.60843931412812,45.646256621831007],[-123.60839648425201,45.646399389263614],[-123.60839648425201,45.646613541300276],[-123.60843931412812,45.646727754798938],[-123.60845359015462,45.646970460379364],[-123.60845359015462,45.6470846750343],[-123.6084250372033,45.647327380324214],[-123.60829654667664,45.647527254072962],[-123.60822516205259,45.64765574544365],[-123.60816805525165,45.647812789633306],[-123.60809667152593,45.647998387657807],[-123.60811094934905,45.6481982621521],[-123.60811094934905,45.648341030287916],[-123.60808239460113,45.648555181181379],[-123.60809667242424,45.648683672705999],[-123.60815377922518,45.648769333140002],[-123.6083393774511,45.648912101076171],[-123.60856780555311,45.648969208023182],[-123.608753403779,45.649026314283994],[-123.60892472418178,45.649111976077883],[-123.6090960463812,45.649226189506116],[-123.60918170703175,45.649311849738417],[-123.6092959206336,45.649411787243146],[-123.60958145553654,45.649554554797739],[-123.60970994785984,45.649683045913683],[-123.60985271531129,45.649811537362844],[-123.60996692891317,45.649897197955895],[-123.61005258956372,45.650025688285808],[-123.61015252713909,45.650197009313743],[-123.61025246471445,45.650425438419795],[-123.61033812446667,45.6506395895073],[-123.61039523216591,45.651010785046694],[-123.61043806294035,45.65129632043169],[-123.61046661589164,45.651539025683078],[-123.61042378511721,45.651781731138612],[-123.61039523216591,45.651967329198648],[-123.61039523216591,45.652138649938912],[-123.61039523216591,45.652309970783101],[-123.6103238493385,45.652452738485479],[-123.61022391176313,45.652538398806627],[-123.61012397418776,45.652666890612544],[-123.6100097596876,45.652809658033014],[-123.60988126916094,45.652938149216538],[-123.60976705466078,45.653023809423189],[-123.60966711798372,45.653195130071317],[-123.60953862655873,45.653309344592131],[-123.60945296590822,45.653452112258634],[-123.6094101360321,45.653552049910928],[-123.6094101360321,45.653723370826903],[-123.60942441295688,45.653966076235143],[-123.60935302833285,45.654137397140403],[-123.60925309075748,45.654322994928854],[-123.60913887715563,45.65445148640778],[-123.6090389404786,45.654622807711789],[-123.60898183277935,45.654765575169385],[-123.60892472597841,45.654979725987324],[-123.60892472597841,45.655165324123693],[-123.60892472597841,45.655350922272845],[-123.60883906532789,45.65553651980688],[-123.60873912775251,45.655679287446652],[-123.60872485172602,45.655864885776055],[-123.60881051237656,45.656036207779223],[-123.60899611060246,45.656250358761234],[-123.60916743100525,45.656535893804346],[-123.60929592153191,45.656721491806202],[-123.60948151975781,45.656949920044518],[-123.60962428720929,45.657135517929845],[-123.60979560940871,45.657406777492874],[-123.60986699313443,45.657735143169006],[-123.60986699313443,45.657935016821824],[-123.60983844018314,45.658120614581414],[-123.60978133248388,45.658291936589833],[-123.60968139490853,45.658520364700344],[-123.60961001208109,45.658691685485678],[-123.60958145733316,45.658891560746952],[-123.60956718130669,45.659105711482695],[-123.60953862745706,45.659219926505941],[-123.60943868988171,45.659376970919226],[-123.60939586000559,45.659519738813287],[-123.60939586000559,45.659691059680064],[-123.60945296770483,45.659848103399746],[-123.60955290528018,45.660033702352365],[-123.60963856503243,45.660176469199747],[-123.60979561030702,45.660333514069322],[-123.60992410083368,45.66051911204076],[-123.61003831533385,45.660747539855095],[-123.61015252893571,45.66093313770974],[-123.61025246651106,45.66119012017414],[-123.61030957421032,45.661347164711906],[-123.61036668101123,45.661532763090165],[-123.61036668101123,45.661761191163706],[-123.61030957421032,45.661889681898643],[-123.61009542213478,45.662075279734132],[-123.60993837865682,45.662146663111699],[-123.60966711978035,45.662303707477655],[-123.60942441475352,45.66246075265876],[-123.60923881652761,45.662574965860628],[-123.60903894137689,45.662746288051736],[-123.60888189700061,45.662874779037161],[-123.60876768339877,45.663031823244133],[-123.60851070144712,45.663331635229696],[-123.60835365707084,45.663545787189648],[-123.60821088961936,45.663731385185223],[-123.60812522807049,45.663945536243858],[-123.60801101446864,45.664102581213982],[-123.60781114021624,45.664202518692903],[-123.60758271211421,45.664331008847292],[-123.6073828369635,45.664530884066735],[-123.60714013193667,45.664659374723023],[-123.60681176625928,45.664873525998537],[-123.60655478430765,45.665087678338189],[-123.6062406964534,45.665358936415707],[-123.6059266068025,45.66554453467807],[-123.60568390087738,45.665772962705439],[-123.60565534792606,45.665944283271237],[-123.60566962574916,45.66612988147628],[-123.60568390177566,45.666229819102732],[-123.60576956332453,45.666429693820419],[-123.60584094615194,45.66660101488737],[-123.60591233077602,45.666772336685561],[-123.60601226745305,45.667057872059928],[-123.60604082130266,45.667214915832218],[-123.60604082130266,45.667486174901597],[-123.60604082130266,45.667671773016501],[-123.60598371450175,45.66787164697984],[-123.60594088372731,45.668128629610884],[-123.60595516155043,45.668299949872456],[-123.60599799142656,45.668499825359241],[-123.60599799142656,45.668685423251894],[-123.60599799142656,45.668842468107734],[-123.60596943757693,45.668999511895244],[-123.60592660770081,45.669227939634304],[-123.6059123316743,45.669313601287044],[-123.60581239409896,45.669513475037412],[-123.60574100947493,45.669713349957249],[-123.60562679587305,45.669870395067704],[-123.60548402842156,45.670070269340727],[-123.60541264379752,45.670184483338957],[-123.60525560031955,45.670327251293664],[-123.60508427812015,45.670427188959096],[-123.60489867989425,45.670569956922449],[-123.60472735949146,45.670655617149009],[-123.60451320741593,45.670727000257116],[-123.60431333316353,45.670769830580475],[-123.60407062813671,45.670841214798386],[-123.60389930773393,45.670941152801582],[-123.60367087783528,45.671026813087778],[-123.60351383435729,45.671069643181703],[-123.60337106690584,45.671083920081657],[-123.60317119175512,45.671083920081657],[-123.6029855935292,45.671098196350194],[-123.60275716542716,45.671126750759562],[-123.60251446040034,45.671169580777025],[-123.60228603229832,45.671255241341335],[-123.60195766662092,45.671398009075638],[-123.6017149615941,45.67156933000161],[-123.60144370271766,45.671769205112454],[-123.60120103003017,45.67197375282214],[-123.60105823023935,45.672111847933785],[-123.60068703468585,45.672411658995486],[-123.60048715953513,45.672511596705313],[-123.60028728528273,45.672654364373329],[-123.60013024090645,45.672768579375358],[-123.59993036575574,45.672982730385165],[-123.59978759740595,45.673139775109938],[-123.59967338470241,45.673282542430861],[-123.59954489237911,45.6733967561509],[-123.59949537454571,45.673407760280924],[-123.59947673989346,45.673411902443064],[-123.59941640185245,45.673425310642983],[-123.59930218825058,45.6733967561509],[-123.59923080362653,45.673311095725801],[-123.59911659002468,45.673196882458612],[-123.5989595456484,45.673125498106707],[-123.59885960807304,45.673054114919168],[-123.59867400984712,45.672997007424769],[-123.59850268944436,45.672939899872148],[-123.5984170287938,45.67288279288892],[-123.59807438619161,45.672782856469645],[-123.59783168116478,45.672697195104867],[-123.59761752998757,45.672640088501694],[-123.59743193176168,45.672611534864402],[-123.59703218146025,45.672468767087175],[-123.59683230630951,45.672383106497087],[-123.59650394063213,45.672268893219169],[-123.59628978945491,45.672240338764823],[-123.59591859390143,45.672226061532136],[-123.5956758888746,45.672168955703675],[-123.5955045675735,45.672168955703675],[-123.59501915751981,45.672168955703675],[-123.59469079184247,45.672168955703675],[-123.5944052560412,45.672168955703675],[-123.5940483374125,45.67221178617897],[-123.59370569481032,45.672240339392495],[-123.59317745398221,45.672283169185491],[-123.59293474895539,45.672268893219169],[-123.59272059777817,45.672226062159858],[-123.59244933890173,45.672197508939043],[-123.59220663387489,45.672168955703675],[-123.59204958949859,45.672126125823269],[-123.59190682114881,45.672111848561499],[-123.59170694779473,45.672040464081022],[-123.59154990252011,45.671983358063187],[-123.59133575134292,45.671911973418872],[-123.59119298389143,45.671869143341816],[-123.5909788318159,45.671812036521452],[-123.5907504037139,45.671797760434956],[-123.59042203803652,45.671826313231982],[-123.59015077916006,45.671911974046552],[-123.58996518183247,45.671983358063187],[-123.58973675373043,45.672069018637394],[-123.58942266407956,45.672197509566764],[-123.58906574545087,45.672340277408289],[-123.58876593272478,45.672425937436216],[-123.58858033449889,45.672483044885617],[-123.58833763037038,45.672483044885617],[-123.58812347829485,45.672483044885617],[-123.58792360314413,45.672483044885617],[-123.58776655966616,45.672483044885617],[-123.58755240759064,45.672511597960749],[-123.58736680936474,45.672511597960749],[-123.58726687178938,45.672540152276696],[-123.58706699753695,45.672611535492116],[-123.58678146263401,45.672625812626421],[-123.58656731055851,45.672654365628709],[-123.58635315938126,45.672668642752143],[-123.58619611410667,45.672668642752143],[-123.58598196382776,45.672711473472738],[-123.5856678750752,45.672782857725025],[-123.58539661530043,45.672839964182515],[-123.58509680437101,45.672925624701065],[-123.58492548217158,45.672939901755242],[-123.58475416087049,45.672982731640587],[-123.58454000969327,45.673025562120827],[-123.58428302774165,45.673054116174598],[-123.58404032271481,45.673125499362129],[-123.5838404484624,45.673139776365311],[-123.58362629638687,45.673168329733102],[-123.58342642123615,45.673168329733102],[-123.58321227005894,45.673182606725405],[-123.58306950260746,45.673182606725405],[-123.58295528810731,45.673111223610668],[-123.5827554138549,45.672997009307906],[-123.58259836947862,45.672854241258598],[-123.582441324204,45.672754304160577],[-123.58227000380124,45.672611536119831],[-123.58212723545144,45.672383107752474],[-123.58201302095127,45.672168956959062],[-123.58197019107516,45.671983359318581],[-123.58192736030072,45.671797761062678],[-123.58182742272538,45.671640716338409],[-123.5816561023226,45.671512226013867],[-123.58144195114538,45.671455118201592],[-123.58124207599467,45.671255243224472],[-123.581113585468,45.67108392259253],[-123.58107075469354,45.67082694034746],[-123.5809850931447,45.670569958805622],[-123.58084232569321,45.670355806724054],[-123.58077094196749,45.670170209348242],[-123.58067100439212,45.670041718786507],[-123.58049968398933,45.669927503869204],[-123.58034263871474,45.669813290602072],[-123.58015704138717,45.66972762971411],[-123.57995716623643,45.669627692682788],[-123.57971446210794,45.669499202131078],[-123.57951458695723,45.669427817457027],[-123.57934326475778,45.669370710028893],[-123.57911483665578,45.669327879890389],[-123.57892923842988,45.669256496881097],[-123.57875791802711,45.669156559008528],[-123.57862942750043,45.669028068630787],[-123.57847238222581,45.668928130978124],[-123.57832961477435,45.668828193774822],[-123.57821540117249,45.668713978892207],[-123.57810118667231,45.668642595727761],[-123.5779155884464,45.668585488754012],[-123.57774426714533,45.66851410542565],[-123.57760149969384,45.668428443804885],[-123.57748728519368,45.668328506964905],[-123.5773159638926,45.668228569946493],[-123.57714464259148,45.66818573956175],[-123.57671633933876,45.668257122681105],[-123.57637369763488,45.668342783308532],[-123.57605960888229,45.668428443804885],[-123.575674136404,45.66851410542565],[-123.57541715355404,45.668571211844522],[-123.57518872545201,45.668571211844522],[-123.57497457427482,45.668556935559138],[-123.57480325207537,45.66851410542565],[-123.57453199409724,45.668471275259435],[-123.57428928907042,45.66851410542565],[-123.57401803019398,45.668542658642366],[-123.57374677221586,45.668614041934262],[-123.57347551333939,45.668642596355518],[-123.57317570151162,45.668656873246803],[-123.57280450505981,45.668656873246803],[-123.57236192488227,45.668671149506686],[-123.57216205152817,45.668642596355518],[-123.57196217637745,45.668642596355518],[-123.57174802430194,45.668642596355518],[-123.57121978437215,45.668685426390645],[-123.57080575804422,45.668742533890232],[-123.57052022314127,45.668842471874235],[-123.57023468734,45.668999515661689],[-123.57000625923797,45.669113729961659],[-123.56980638408726,45.669285050974572],[-123.56954940213561,45.669413541390135],[-123.56924959030785,45.669570586086287],[-123.56900688528101,45.669684801104168],[-123.56887839475435,45.669684801104168],[-123.56863568972753,45.669641970578262],[-123.56843581457682,45.669570586086287],[-123.56819310865167,45.669456372718592],[-123.56792185067351,45.669384988617672],[-123.5676648696202,45.669285050974572],[-123.56736505689413,45.669199390533635],[-123.5671223518673,45.669128007360484],[-123.56685109299086,45.669042346051505],[-123.5665798350127,45.668970962678024],[-123.56636568293717,45.668956685239138],[-123.5660658711094,45.668956685866902],[-123.5658517190339,45.668999515661689],[-123.56556618323262,45.669085176408501],[-123.56543769270596,45.669085176408501],[-123.56518071165264,45.669070900254226],[-123.56493800662579,45.669113730589373],[-123.56462391697491,45.669156560891793],[-123.56439548887288,45.669213667910654],[-123.56415278474439,45.669285051602316],[-123.5638672489431,45.669384989245422],[-123.56369592674372,45.669370711912151],[-123.56345322171688,45.669313605681211],[-123.56321051758835,45.669256498136555],[-123.56291070486226,45.669227944028535],[-123.56262516995932,45.669227944028535],[-123.56231108120673,45.669213668538404],[-123.56213975900735,45.669185114408485],[-123.56192560783013,45.669170838279683],[-123.56159724215276,45.669242221398221],[-123.56134026109942,45.669242221398221],[-123.56116893890001,45.669242221398221],[-123.56095478772279,45.669156560891793],[-123.5607834664217,45.669099453814653],[-123.5605407622932,45.669028070514003],[-123.56035516406729,45.668970963305782],[-123.56014101199176,45.668871025551198],[-123.55995541376583,45.66877108824589],[-123.55972698566383,45.668671150762158],[-123.55951283448661,45.668542659897888],[-123.55941289691127,45.668428445688164],[-123.55929868241108,45.668314231873147],[-123.55911308418519,45.668200017197321],[-123.55887037915834,45.668085804171746],[-123.55864195105632,45.667985866719967],[-123.55844207590562,45.667900206174096],[-123.55825647767972,45.667843099070659],[-123.55805660432561,45.667743161185605],[-123.5578567291749,45.667628947855569],[-123.55767113094898,45.667529010215944],[-123.55744270284697,45.667443348970927],[-123.55702867651904,45.667272027970874],[-123.55672886379297,45.667229198109759],[-123.55655754339018,45.667172090321749],[-123.55638622119076,45.667129260384165],[-123.5562434537393,45.667086430413825],[-123.55612924013747,45.667015047057085],[-123.55601502563727,45.666900832241403],[-123.55591508806191,45.666772341707706],[-123.55577231971212,45.666558189535017],[-123.5557009368847,45.666429698842606],[-123.55560099930935,45.666229824124926],[-123.55548678480918,45.665987119765482],[-123.55540112415864,45.665801521087118],[-123.55524407978236,45.665601646637626],[-123.55510131233086,45.665444602106064],[-123.55492999013146,45.665287557133929],[-123.55470156202944,45.665159066663868],[-123.55454451855145,45.665073406186664],[-123.55431608955112,45.664916361428752],[-123.55417332120133,45.664802147981142],[-123.55394489309931,45.664702210317095],[-123.55377357269653,45.664630826431164],[-123.55360225139546,45.66455944308202],[-123.55338809931993,45.664473782315099],[-123.55320250109401,45.664373844692619],[-123.55304545671773,45.664273907519593],[-123.55283130554052,45.664216800483452],[-123.55264570731462,45.664145416606331],[-123.55236017241168,45.664131139819993],[-123.55217457418576,45.664116863030024],[-123.55184620850838,45.664116863030024],[-123.55163205733116,45.664116863030024],[-123.55133224460508,45.664131139819993],[-123.55108953957826,45.664131139819993],[-123.55093249610029,45.664159694016824],[-123.55070406709994,45.664173970168108],[-123.55048991592273,45.664259630765983],[-123.55030431769683,45.664316737758426],[-123.55006161267001,45.664402398137895],[-123.54981890764314,45.664488059641855],[-123.54951909581541,45.66455944308202],[-123.54929066771338,45.66458799643258],[-123.54901940793862,45.664659381000931],[-123.54866248930992,45.664830701835768],[-123.54839123133179,45.664944916480671],[-123.54819135618108,45.665002023401854],[-123.54802003487998,45.665030576526682],[-123.54784871357887,45.665173344443645],[-123.54770594612742,45.66535894269358],[-123.54754890175111,45.665687308189902],[-123.5475203479015,45.665901459299789],[-123.54754890175111,45.666072781355645],[-123.54763456240167,45.666244101631605],[-123.54762028547684,45.666401146431362],[-123.54744896507408,45.666658128280154],[-123.54724908992335,45.666815172546158],[-123.54703493874617,45.667029323735711],[-123.54689217129467,45.667143538289224],[-123.54670657306876,45.667300583076688],[-123.54646386804193,45.667457626795823],[-123.54622116301509,45.667571841730926],[-123.54597845708996,45.667643225005392],[-123.54573575206312,45.667700332312748],[-123.54550732396109,45.667743162441148],[-123.54506474468187,45.668028697885418],[-123.54497908403131,45.668157188674023],[-123.54477920977892,45.668271403437195],[-123.54452222692895,45.66848555470537],[-123.54429379882694,45.668656876385505],[-123.5440939236762,45.668842474385208],[-123.54392260327344,45.669099455697875],[-123.54380838967158,45.669285053485524],[-123.5436513452953,45.669413543901086],[-123.54363706747216,45.669599141902772],[-123.54367989824662,45.669727633480505],[-123.54375128287067,45.66992750763562],[-123.54382266569807,45.669984615123404],[-123.544008263924,45.670127382960175],[-123.54415103137546,45.670213043236345],[-123.54429379972525,45.670370088200187],[-123.54440801422543,45.670584238971635],[-123.5445079518008,45.670855498033816],[-123.54459361245132,45.671012541822805],[-123.54469355002668,45.67119814017174],[-123.54477920977892,45.671283801320072],[-123.54495053107999,45.671540782722886],[-123.54499336095613,45.671797764828931],[-123.54499336095613,45.671897701751838],[-123.54506474558018,45.672126130844944],[-123.54507902160665,45.672311728639684],[-123.54506474558018,45.672497326446617],[-123.54507902160665,45.672768585024691],[-123.54502191570407,45.673154057758779],[-123.54499336185445,45.673425316292246],[-123.54500763877924,45.673710851623795],[-123.5450647464785,45.673896449184724],[-123.54515040623073,45.674181984623296],[-123.54523606688127,45.674367582504807],[-123.54532172753183,45.674524626481904],[-123.54537883523108,45.674724501708987],[-123.54536455740795,45.674938653394207],[-123.54519323700517,45.675067144012012],[-123.5450647464785,45.675124251904641],[-123.54487914825258,45.675295572722248],[-123.54473638080111,45.675381232620552],[-123.54460789027445,45.675552553906762],[-123.54446512282297,45.675709598324524],[-123.54425097074746,45.675866643556901],[-123.54403681957022,45.675980857024484],[-123.54390832724692,45.676137901495608],[-123.54383694441951,45.67642343742326],[-123.54372272991934,45.676651865618439],[-123.54356568644138,45.676951678092543],[-123.54343719411808,45.677165828786599],[-123.54333725833936,45.677451364490302],[-123.54332298141455,45.677679792255255],[-123.54332298141455,45.677851113408487],[-123.54332298141455,45.678008158279646],[-123.54319449088788,45.678208032989765],[-123.54310882933902,45.67826514081532],[-123.54288040123701,45.678365076859194],[-123.54278046366164,45.678450738335201],[-123.5425092047852,45.678622059638556],[-123.54228077668316,45.678807657229868],[-123.54210945628039,45.678964701926908],[-123.54198096575374,45.67915030026456],[-123.54186675125355,45.679350174033019],[-123.54172398290378,45.679607156053876],[-123.54160976840359,45.679892691852245],[-123.54155266250099,45.680163950358313],[-123.5414384480008,45.680535145993495],[-123.54135278735028,45.68080640452294],[-123.54133851042546,45.68097772614491],[-123.54126712759802,45.68123470759425],[-123.54109580539863,45.681520243245643],[-123.54099586872158,45.68159162755844],[-123.54086737729659,45.68167728786036],[-123.54073888676996,45.681748671345183],[-123.54058184149534,45.68179150139234],[-123.54042479801737,45.681891438669119],[-123.54018209299055,45.682019929639523],[-123.53993938796371,45.682176974106859],[-123.53958246933502,45.682362572458203],[-123.53936831725949,45.682462509970108],[-123.53911133530784,45.682576724409486],[-123.53884007732971,45.682690937988035],[-123.53855454152844,45.682733768569058],[-123.53835466637771,45.682733768569058],[-123.53806913147478,45.682719492130744],[-123.53784070337275,45.682719492130744],[-123.53759799744761,45.682733768569058],[-123.53735529242078,45.682762322689904],[-123.53709831136744,45.682805152588621],[-123.53684132941579,45.682876536517171],[-123.53649868771191,45.682976473738577],[-123.53635591936212,45.682990750738867],[-123.53621315191066,45.683019304100945],[-123.53595616995901,45.683119241694882],[-123.53574201878179,45.683204902168292],[-123.53555642055589,45.683233456048676],[-123.53531371552904,45.683304839430726],[-123.53512811730315,45.683319116347214],[-123.53495679510377,45.683319116347214],[-123.53478547470098,45.683347669541718],[-123.53455704659895,45.683404777142187],[-123.53437144837305,45.683476160305638],[-123.53410019039489,45.683576097711054],[-123.53384320754493,45.683633205078351],[-123.53358622649161,45.683661758740136],[-123.53335779838959,45.683704589833063],[-123.53311509336277,45.683747420265604],[-123.53294377116335,45.683747420265604],[-123.53267251318522,45.683747420265604],[-123.53247263803449,45.683790250037767],[-123.53187301348066,45.683818803619403],[-123.53176060639085,45.683788147020557],[-123.53171597000271,45.683775973241502],[-123.53165886320174,45.683704589833063],[-123.53160175550252,45.683647482538632],[-123.53150181792716,45.683561822115287],[-123.53141615727662,45.683504714675124],[-123.53131621970128,45.683447607804261],[-123.53117345224977,45.683390500247562],[-123.53091647119646,45.683276286841959],[-123.53081653362109,45.683190626477852],[-123.53068804129782,45.683119242322476],[-123.53057382769595,45.683033581717901],[-123.53040250729316,45.68294792098218],[-123.53020263214245,45.682862260742887],[-123.53004558776617,45.682790876796133],[-123.52985998954026,45.682733769196609],[-123.52963156143825,45.6827052163164],[-123.52944596321232,45.6826338315417],[-123.52914615048624,45.682476787729158],[-123.52907476765883,45.682448234090181],[-123.52888916943294,45.682334020643758],[-123.52871784813183,45.68223408290234],[-123.52861791055648,45.682162698781674],[-123.5283180987287,45.681977100394832],[-123.52800400997614,45.681762949286416],[-123.52784696470155,45.681677289115591],[-123.52768992032524,45.681548798613463],[-123.52723306412123,45.681291816096362],[-123.52707601974492,45.681191879003705],[-123.52690469844383,45.681091941104924],[-123.52670482329312,45.681049111149854],[-123.52636218158923,45.680920620460313],[-123.52617658336334,45.680849235919005],[-123.52604809193835,45.680749299918688],[-123.52589104756207,45.680635084886781],[-123.52569117241137,45.680520870877032],[-123.52550557508376,45.680335272692282],[-123.52533425378266,45.680249612218468],[-123.52520576235769,45.680149674519505],[-123.52502016413179,45.67996407698633],[-123.52483456590586,45.679849863489636],[-123.52473462833052,45.679764202900316],[-123.52459186177735,45.679678541552256],[-123.52432060290091,45.679664265589601],[-123.52403506709963,45.679621435169231],[-123.5237638091215,45.679621435169231],[-123.52362104077173,45.679621435169231],[-123.52343544344413,45.679649988368027],[-123.52319273751898,45.679707095977129],[-123.52297858634176,45.679792756026259],[-123.52273588131493,45.679835586315427],[-123.52252173013771,45.679849863489636],[-123.52239323871274,45.679849863489636],[-123.52223619523477,45.679864139404941],[-123.5219649363583,45.679921246795466],[-123.52172223133148,45.679978354127712],[-123.52153663310555,45.680049738524872],[-123.52139386565409,45.680106845098344],[-123.52119399050339,45.680163952241152],[-123.52097983932617,45.680249612846104],[-123.5206943044232,45.680278166979541],[-123.52043732157325,45.680278166979541],[-123.52005184909494,45.68026388991467],[-123.51983769791774,45.68026388991467],[-123.51945222454113,45.680278166979541],[-123.51916668963818,45.680249612846104],[-123.51890970768653,45.680106845098344],[-123.51870983343413,45.679935524575455],[-123.51852423520822,45.679807033838983],[-123.51832436005751,45.679735649132219],[-123.51806737900417,45.679678542179843],[-123.51785322692864,45.67960715856438],[-123.51765335267625,45.679492944339152],[-123.51751058522476,45.679393007799135],[-123.51733926302535,45.679321623191733],[-123.5171822186491,45.679235963048981],[-123.51701089734797,45.679178855586656],[-123.5168110230956,45.679078918485686],[-123.51668253167061,45.678993257971321],[-123.5165254872943,45.678921874736858],[-123.51632561304194,45.678864767581572],[-123.51614001481602,45.678821937176906],[-123.5158973097892,45.6787933829279],[-123.51562605091273,45.678779106739405],[-123.51535479293457,45.678736276896764],[-123.51519774765998,45.678693445766093],[-123.51495504263315,45.678622062149103],[-123.51472661453111,45.678522124681308],[-123.51446963168117,45.678450741473412],[-123.51435541807933,45.678422187034975],[-123.51401277547713,45.678393634464925],[-123.51381290032641,45.678379356919137],[-123.51355591927309,45.678365079997398],[-123.51337032104716,45.678350804327223],[-123.51312761602034,45.678322249837841],[-123.51295629561756,45.678279419645506],[-123.51279925034297,45.678165206475867],[-123.51259937519225,45.678036714812222],[-123.51241377786467,45.677951053957699],[-123.5121425189882,45.677836840745428],[-123.51191409088619,45.677736903130508],[-123.51172849266027,45.677679796021152],[-123.51157144828397,45.677651242444618],[-123.51132874325714,45.677651242444618],[-123.51111459207995,45.677651243072233],[-123.5108718861548,45.677679796021152],[-123.51060062817665,45.677722626044805],[-123.51040075302595,45.677765456663337],[-123.51018660184873,45.677822563685261],[-123.5099581737467,45.677808286621421],[-123.50972974564468,45.677779733738106],[-123.50955842344527,45.677765456663337],[-123.50928716546711,45.677751180212567],[-123.50888741606403,45.677722626044805],[-123.50861615718756,45.677722626672463],[-123.50834489831112,45.677794010809194],[-123.50803081045686,45.677893948322165],[-123.50774527465559,45.677936778809553],[-123.50738835602689,45.678008162045479],[-123.5070314364999,45.678050992445449],[-123.50678873057475,45.678036714812222],[-123.50647464182217,45.677993885028989],[-123.50631759744589,45.677951054585307],[-123.50606061639256,45.677879671276528],[-123.50581791046741,45.677822564312876],[-123.50563231313981,45.677779733738106],[-123.50540388503781,45.677722626672463],[-123.50521828681191,45.677679796648761],[-123.50497558178508,45.677622689481119],[-123.50473287585993,45.677608412993941],[-123.50456155545716,45.677594135875452],[-123.50437595723123,45.677565582882863],[-123.50406186847864,45.677551305753447],[-123.50371922587648,45.677551305753447],[-123.50343369097354,45.677551305753447],[-123.50321953889799,45.677551306381105],[-123.50306249452171,45.677479921934712],[-123.50289117411894,45.677379984309951],[-123.50276268179564,45.677280047762025],[-123.50259136139286,45.677151555948775],[-123.50244859304308,45.677037342359974],[-123.5022772726403,45.676923127910413],[-123.50212022736571,45.676808914483026],[-123.50172047796256,45.676509101871694],[-123.50152060371018,45.676323504188254],[-123.50132072855946,45.676137906516921],[-123.50109230045743,45.675795263238086],[-123.50093525518282,45.675623942694891],[-123.5008638723554,45.675495452100215],[-123.50050695193008,45.675338407081497],[-123.50032135460251,45.675281300035046],[-123.50009292650047,45.675195639356133],[-123.49987877532325,45.675124256298403],[-123.49962179247329,45.675038594751406],[-123.49917921319407,45.674895826888807],[-123.49895078509203,45.674810166875183],[-123.49866524929077,45.67476733650539],[-123.49845109721527,45.67472450673047],[-123.49792285728549,45.674624569206152],[-123.49755166083365,45.674581738694272],[-123.49720901912977,45.674567462058945],[-123.49695203717812,45.674581738694272],[-123.49663794842556,45.67461029320939],[-123.49623819812415,45.67468167629508],[-123.49600977002213,45.674753060545051],[-123.49580989576971,45.674810166875183],[-123.49563857446863,45.674867274402409],[-123.4952388250655,45.67493865904332],[-123.49492473541463,45.674981489282025],[-123.49462492448518,45.674995765184093],[-123.49441077240965,45.674981489282025],[-123.49411096058188,45.674952934956309],[-123.49395391530729,45.67492438187135],[-123.49375404105488,45.674867274402409],[-123.49342567537748,45.674838721273787],[-123.49288315852291,45.674810167502869],[-123.49259762272166,45.674767337133041],[-123.49229781089389,45.674767337133041],[-123.49196944521651,45.674767337133041],[-123.49174101621617,45.674738783953423],[-123.49145548131321,45.674695954156654],[-123.4910842848614,45.674596016581347],[-123.49072736623273,45.674538909405008],[-123.49054176800684,45.674524632131053],[-123.49028478605516,45.674510356108804],[-123.49017057245334,45.674496079455253],[-123.48995642037778,45.674453248845047],[-123.48981365382464,45.674353311464003],[-123.48951384109856,45.67418199090018],[-123.48918547542118,45.674053498877733],[-123.48895704731915,45.673982115618465],[-123.48875717216843,45.673939285242596],[-123.4885287440664,45.673896455461637],[-123.48830031596439,45.673839348199131],[-123.48820037838902,45.673839348199131],[-123.48792911951257,45.673825070746709],[-123.48772924436187,45.673810795173701],[-123.48745798638375,45.673753687823726],[-123.48730094200744,45.673696580415523],[-123.48707251300711,45.673639472949056],[-123.48678697810416,45.673482429626503],[-123.48657282692695,45.673325384607892],[-123.48648716537808,45.673268277390299],[-123.48627301420086,45.673139787036177],[-123.48610169289977,45.673054126217764],[-123.48597320147479,45.672954188849012],[-123.48584471094811,45.672825698401482],[-123.48574477337277,45.672697206403534],[-123.48563055977091,45.672554438844806],[-123.48551634527074,45.672468778385841],[-123.48537357781926,45.672397394988387],[-123.48510231894281,45.672211797477736],[-123.48501665829227,45.672154689751558],[-123.48485961391599,45.672026199351642],[-123.48468829261489,45.67192626203046],[-123.48447414053938,45.671840601237754],[-123.48421715948605,45.671726386852725],[-123.48408866895939,45.671655003763789],[-123.48394590060958,45.671583619328395],[-123.48377457930849,45.671540789000062],[-123.48357470505609,45.671483681844656],[-123.48327489233,45.671455128872786],[-123.48306074115281,45.671398021629976],[-123.4828608660021,45.671355191159655],[-123.48258960802396,45.671255253895701],[-123.48241828582454,45.671198146448958],[-123.48228476383397,45.671198146448958],[-123.48227551837304,45.671198146448958],[-123.48214702784638,45.671212423316128],[-123.48186149204516,45.671212423316128],[-123.48161878701829,45.671212423316128],[-123.48140463584107,45.671212423943807],[-123.48119048376557,45.671255253895701],[-123.48094777963703,45.671312361284237],[-123.48081928821207,45.671340914328894],[-123.48060513703484,45.671412298446157],[-123.48037670893282,45.671469406302137],[-123.480134003906,45.671540789627784],[-123.47991985272878,45.67164072700956],[-123.47971997757804,45.671740664212876],[-123.47947727255122,45.671826325158541],[-123.47916318379866,45.671897708028972],[-123.47894903172312,45.671897708028972],[-123.47854928232002,45.671897708656701],[-123.47813525689041,45.671883432592054],[-123.4779353817397,45.671869155268368],[-123.47766412286323,45.671840602493155],[-123.4774214178364,45.671769217666757],[-123.47722154268568,45.671697834632447],[-123.47695028470753,45.671597896724919],[-123.47672185660552,45.671540789627784],[-123.47655053440612,45.671469406302137],[-123.47635066015371,45.671426575258657],[-123.47620789270222,45.671426575258657],[-123.47600801755152,45.671469406302137],[-123.47585097227692,45.671512236685047],[-123.47566537494932,45.671583619956124],[-123.47547977672342,45.671669280514422],[-123.4752370716966,45.671797772361515],[-123.47510858116993,45.671840602493155],[-123.47493725986882,45.671911985973097],[-123.47475166254125,45.671969093319198],[-123.47453751046572,45.672083306581207],[-123.47438046608941,45.672140413752508],[-123.47410920811129,45.672268905773358],[-123.47390933296056,45.672340289334699],[-123.47369518088504,45.672383119051204],[-123.47352386048226,45.672383119051204],[-123.47333826225635,45.672425949362605],[-123.47316694095527,45.672440226544296],[-123.47293851285323,45.672597271535956],[-123.47278146847695,45.672725761880208],[-123.47266725397677,45.672825699656869],[-123.4724959326757,45.672982743566862],[-123.47236744214904,45.673096957898785],[-123.47223895072405,45.673168341659377],[-123.47209618327257,45.67318261865163],[-123.47192486197146,45.67318261865163],[-123.47172498682075,45.673196895640295],[-123.47149655871874,45.673268278645715],[-123.47129668536466,45.673396769332541],[-123.47111108713874,45.673525260979723],[-123.47091121198802,45.673668029200321],[-123.47072561376211,45.673825072629768],[-123.47062567618674,45.673939287125691],[-123.47054001643454,45.674110608432507],[-123.47048290873528,45.674281929842508],[-123.47034014128383,45.674467528020244],[-123.47021165075716,45.674624571716876],[-123.47009743625699,45.674710232014597],[-123.47001177560642,45.674681679433498],[-123.46991183803108,45.674524634641784],[-123.46988328507976,45.674410420712775],[-123.46974051672998,45.674082054917783],[-123.46964057915461,45.673796519597047],[-123.46949781170315,45.673568091672458],[-123.46932649130036,45.673325386490966],[-123.46915516910096,45.673125511288411],[-123.46898384779988,45.672968467779029],[-123.46876969572432,45.67279714611427],[-123.46859837532156,45.67266865530619],[-123.46844133004697,45.67255444072795],[-123.46818434899363,45.672340289962413],[-123.46797019781643,45.672140414380188],[-123.46778459869219,45.67198337061739],[-123.46757044751497,45.67175494156934],[-123.46741340313869,45.671569343811363],[-123.4672420818376,45.671355193042793],[-123.46707076053652,45.671198148332103],[-123.46685660846099,45.671026827525395],[-123.46662818035895,45.670898336419249],[-123.4663569223808,45.670784121994593],[-123.46612849427882,45.67068418433869],[-123.46594289605289,45.670641354577519],[-123.46584295847752,45.670627078192418],[-123.46567163807475,45.670584247132084],[-123.46525761084852,45.670498586796292],[-123.46490069132149,45.670470033949655],[-123.46464370936987,45.670455756893105],[-123.46444383511746,45.670427203396876],[-123.46427251381637,45.670370096360671],[-123.46411546944009,45.670284435697127],[-123.46397270198861,45.670170221275157],[-123.463815656714,45.670056007875566],[-123.46364433631122,45.669913239856733],[-123.46348729103663,45.669813302529064],[-123.4632303099833,45.669699087773402],[-123.46297332803168,45.669570597385587],[-123.46275917685443,45.669527767400034],[-123.46261640850463,45.669499214058092],[-123.46240225642913,45.669456384017906],[-123.46220238307502,45.669399276618933],[-123.46200250792431,45.669356446502285],[-123.46183118572492,45.669299339001334],[-123.46165986532213,45.669213678582267],[-123.46153137389716,45.669142294171827],[-123.46134577656956,45.669042356723153],[-123.46113162449402,45.66897097334973],[-123.46101741089217,45.668928143533059],[-123.46080325881664,45.668871036222882],[-123.46057483071463,45.668842483173677],[-123.46036067953742,45.668742545189659],[-123.46017508131152,45.668571223771728],[-123.46004659078486,45.668399903084961],[-123.4599323762847,45.668157197462591],[-123.45988954551024,45.667985876764099],[-123.45978960793489,45.667800279062888],[-123.45957545675768,45.667571850519579],[-123.45937558160696,45.667486190595632],[-123.45914715350493,45.667400528657318],[-123.45900438605346,45.667286315255943],[-123.45884734077885,45.667186377632326],[-123.45861891267684,45.667114993775314],[-123.45849042215018,45.667072163166274],[-123.45831910084908,45.667072163166274],[-123.45811922659668,45.667072163166274],[-123.45789079849467,45.667100717746266],[-123.45767664641915,45.667086440458114],[-123.457433940494,45.66705788712634],[-123.4572483431664,45.667029333152236],[-123.45711985263972,45.667000779791337],[-123.45700563724125,45.666943673025848],[-123.45693425441381,45.666900842913506],[-123.45674865618791,45.666743797632286],[-123.45664871861254,45.666672414466397],[-123.45653450411238,45.666558200207135],[-123.45642029051054,45.666415432055409],[-123.45623469228464,45.666215558542369],[-123.45606337188184,45.666087066435701],[-123.45589204968245,45.666001406122938],[-123.45566362158041,45.665830085104211],[-123.45552085412895,45.665715871009688],[-123.45533525590304,45.665658764816762],[-123.4550782748497,45.665644487788576],[-123.45482129199974,45.665630210756753],[-123.4545785869729,45.665573103220801],[-123.45440726657014,45.665473165677476],[-123.45422166834423,45.665401782146873],[-123.4540075162687,45.665301844925501],[-123.45360776686559,45.665073416859066],[-123.4534364464628,45.66497347905149],[-123.45317946361284,45.664859265720416],[-123.45289392870987,45.66483071188042],[-123.45255128520941,45.664787881407001],[-123.45226575120475,45.664745051528577],[-123.45199449143,45.664745051528577],[-123.45176606332797,45.66475932815834],[-123.45158046600038,45.664773604784472],[-123.45139486777447,45.664787881407001],[-123.45116643967243,45.664859265720416],[-123.45098084144654,45.66488781891811],[-123.45068102872045,45.66493064931506],[-123.45028128021566,45.664959202476339],[-123.45005285211363,45.66500203407427],[-123.44988152991424,45.665030587199091],[-123.44953888821036,45.665059140309403],[-123.44909630803282,45.665087694660691],[-123.4489107098069,45.665073417486866],[-123.44865372875357,45.665044864383844],[-123.44848240655415,45.665073417486866],[-123.44821114857602,45.665101970575272],[-123.44806838112454,45.665130524904725],[-123.4478256751994,45.665159077964056],[-123.44734026604405,45.66520190815347],[-123.44699762344186,45.665301845553252],[-123.44672636456542,45.665344675633484],[-123.44635516901192,45.665473166305269],[-123.44615529386118,45.665444613406194],[-123.44598397345842,45.665387506308704],[-123.44588403588305,45.665287568434046],[-123.445812651259,45.665144800808434],[-123.44569843765714,45.664987757506402],[-123.4455985000818,45.664802159281408],[-123.44552711545772,45.664659391673418],[-123.44544145480718,45.664516623701331],[-123.44534151813015,45.664430963496699],[-123.44525585747959,45.664388133345199],[-123.44515591990422,45.664359579264897],[-123.44498548703696,45.664333331069237],[-123.44467050985057,45.664359579264897],[-123.44424220749615,45.664430963496699],[-123.44384245719469,45.664559454382328],[-123.44348553856601,45.66467366895283],[-123.44310006518941,45.664802159281408],[-123.44272886963591,45.664859266976023],[-123.44242905690983,45.664887820173661],[-123.44212924508207,45.664902097394823],[-123.44185798710392,45.664930650570668],[-123.44155817437786,45.664987757506402],[-123.44117270189955,45.665044865011645],[-123.44083006019567,45.665073418114659],[-123.44053024746961,45.665059140937196],[-123.44018760486742,45.665059140937196],[-123.43994489894227,45.665087695288484],[-123.43967364096414,45.665116248369621],[-123.43938810516285,45.665173355743825],[-123.43911684718472,45.66518763289217],[-123.43868854393197,45.665173355743825],[-123.43843156287865,45.665116248369621],[-123.43813175015256,45.665101971830872],[-123.43783193742648,45.665144802063985],[-123.43767489394855,45.665144802063985],[-123.43711810016913,45.665216186550118],[-123.43674690371732,45.665259016695849],[-123.43634715431422,45.665273293822381],[-123.4359902347872,45.665316123924406],[-123.43533350433076,45.66541606174809],[-123.43509079840561,45.66543033757894],[-123.43479098567953,45.66541606174809],[-123.43449117475008,45.665401784658016],[-123.43427702267455,45.665330401036336],[-123.43406287149733,45.665273293822381],[-123.43377733569611,45.665144802063985],[-123.43352035374446,45.665044865639445],[-123.43324909486799,45.664930651198461],[-123.43300638984115,45.664816437780011],[-123.43279223866394,45.664673670208444],[-123.43244959606174,45.664416688038756],[-123.43226399783585,45.66420253689909],[-123.43204984665863,45.664074045194248],[-123.43182141855662,45.663988384940176],[-123.43162154340591,45.663874170854946],[-123.43139311530388,45.663774233417691],[-123.43122179490109,45.663688573332692],[-123.43097908897595,45.663602911860977],[-123.43072210702429,45.663560081703785],[-123.43047940199747,45.663545805396005],[-123.43027952774504,45.663517251513831],[-123.43007965259434,45.663417314067246],[-123.42993688514288,45.663274546066624],[-123.42976556384178,45.663074672011973],[-123.42957996561589,45.662874797243731],[-123.42943719816441,45.662603539057883],[-123.42933726058904,45.662432217057727],[-123.42922304608886,45.662189513184877],[-123.42910883248702,45.661932530912836],[-123.42896606503554,45.661604164738627],[-123.42885184963706,45.66133290667473],[-123.42876618988483,45.661033094030941],[-123.42865197448634,45.6608474965076],[-123.42846637715874,45.660661898369057],[-123.42823794905674,45.660390640134835],[-123.42803807390602,45.660147934945876],[-123.4278524756801,45.659948059774507],[-123.42763832450289,45.659748185773203],[-123.42746700320181,45.6595768638255],[-123.42729568190069,45.659391265869949],[-123.4270815307235,45.659219945341569],[-123.4268959324976,45.659120007758403],[-123.42666750439557,45.659005793159167],[-123.42631058486856,45.65887730271227],[-123.42603932599211,45.658820195194238],[-123.42569668338992,45.658820195194238],[-123.42529693398679,45.65887730271227],[-123.42499712215904,45.658948687027916],[-123.42464020263202,45.658991517573604],[-123.42419762245449,45.659120008386225],[-123.42369793637432,45.659234222752488],[-123.42314114259493,45.659391266497821],[-123.42274139229352,45.659534034355424],[-123.42244158136407,45.659762462421519],[-123.42229881301427,45.6601336583958],[-123.42224170621333,45.660504854420566],[-123.42211321568666,45.660833220135942],[-123.42184195681018,45.66113303259435],[-123.42174202013317,45.66120441654548],[-123.42151359203115,45.661361460415257],[-123.42135654675653,45.661575612377518],[-123.42124233225637,45.661775486761385],[-123.4210995648049,45.662061021882394],[-123.42072836835307,45.66237511190986],[-123.42042855742362,45.662532155635013],[-123.42024295919774,45.662674923017569],[-123.41997170121961,45.662860521388971],[-123.41978610209537,45.66300328918981],[-123.41958622784297,45.663217441150124],[-123.41938635359058,45.663403038978643],[-123.41905798791318,45.663702850231871],[-123.41881528198806,45.663959833167169],[-123.41855830093472,45.664259644577541],[-123.41834414885919,45.664545179584962],[-123.41810144383237,45.664944929664252],[-123.41790156957997,45.665301848692188],[-123.41774452520369,45.66567304435241],[-123.41758748082738,45.66607279453897],[-123.41747326722553,45.666272668561753],[-123.41728766899962,45.666486820571222],[-123.41705924089761,45.666615311132524],[-123.41681653587078,45.666672418860777],[-123.41650244711819,45.666772356146424],[-123.41627401811787,45.666900846680086],[-123.41583143883862,45.667086444852458],[-123.41548879623645,45.667200659289421],[-123.41523181518312,45.667286319650316],[-123.41456080600523,45.6674576406066],[-123.41386124477435,45.667671793104837],[-123.41351860217218,45.667800283457176],[-123.41329017407014,45.667843114136865],[-123.41293325544144,45.667957327657639],[-123.41264771964018,45.668042988743863],[-123.41236218473723,45.668142926721366],[-123.41199098828542,45.668242863264965],[-123.41164834568322,45.668299970588279],[-123.41131998000584,45.668357077853372],[-123.41099161432849,45.668485568515891],[-123.41067752557591,45.668556952508396],[-123.41037771374815,45.668599783236807],[-123.410135007823,45.668628336409824],[-123.40990657972097,45.668656890195976],[-123.40967815161895,45.668699720220211],[-123.40932123299025,45.668799658280697],[-123.40910708091472,45.66888531870562],[-123.40896431346326,45.668956701560518],[-123.40873588536122,45.669113746910696],[-123.40853601110884,45.669285067295846],[-123.40836468890942,45.669413558339123],[-123.40823619838275,45.66954204971519],[-123.40815053863052,45.66967054079624],[-123.40800777028075,45.669827585399062],[-123.40785072590444,45.669956075824672],[-123.4076080208776,45.67011312088183],[-123.40743669957654,45.67024161127965],[-123.40726537917375,45.670370102010239],[-123.40710833389916,45.670484316652072],[-123.40687990579713,45.670598530433139],[-123.40676569129695,45.670698467614194],[-123.40656581704454,45.670855512471476],[-123.40633738804424,45.671026833802628],[-123.40618034456625,45.671126770846655],[-123.4060088561785,45.671169581404762],[-123.40600709907382,45.671172941592786],[-123.40576198386707,45.671672706582513],[-123.40566777933986,45.672202754703108],[-123.40525945192408,45.672900797243507],[-123.40503621788105,45.673537704386824],[-123.4046672007421,45.674215922381123],[-123.40462411754109,45.674266100235982],[-123.40431172211281,45.674629947183561],[-123.4042876876874,45.674884964279137],[-123.40425920031312,45.675187229760532],[-123.40441198487832,45.675550951461666],[-123.4044472671094,45.675983551597106],[-123.40411672750903,45.676359263378835],[-123.40404788691386,45.676680842119261],[-123.40402825513166,45.677063301526317],[-123.40401040830189,45.677319094608031],[-123.40398237008525,45.677390122753955],[-123.40392117864475,45.677545143495493],[-123.40382093294724,45.67768262357319],[-123.40371297611132,45.677830677891251],[-123.40376056526183,45.67797344579806],[-123.40407584338384,45.678032932004577],[-123.40436137918512,45.678038880810014],[-123.4047242464576,45.678009138031676],[-123.40476201432708,45.678010980793957],[-123.40496814175219,45.678021035019363],[-123.40515849925248,45.67809836757462],[-123.40536670178585,45.678282775640795],[-123.40562844301188,45.678360107834266],[-123.40588423469576,45.678550465044239],[-123.40617278075156,45.678683640205428],[-123.40627089744184,45.67872892477191],[-123.40652074138023,45.678937127486542],[-123.40674084120126,45.679056100297863],[-123.40688043131156,45.67912265185516],[-123.40710336262237,45.679228934846911],[-123.40733855503848,45.67946439921937],[-123.40728367965271,45.679974624799151],[-123.40716167047083,45.680486516440183],[-123.40699890292787,45.680989995301999],[-123.40691135312028,45.681651804047227],[-123.40689056969788,45.682038676641639],[-123.40674989352438,45.682447373658768],[-123.40667349989427,45.682797934047542],[-123.40661100679493,45.683157572783536],[-123.40653021770815,45.683687284940767],[-123.40658121955842,45.684095713236218],[-123.4066205460049,45.684410640436575],[-123.40662079753319,45.684947763580354],[-123.4066677111506,45.68518520267466],[-123.40669305621802,45.685313480240048],[-123.40673560581976,45.685623393296559],[-123.40667120829201,45.685945385067612],[-123.40637995920554,45.686301279056281],[-123.40603653506905,45.686422881329435],[-123.40581253206811,45.686484150204492],[-123.40550606641904,45.68656797183084],[-123.4051506371971,45.686718140687177],[-123.40510280819643,45.686826757523534],[-123.40505414376254,45.686937271213623],[-123.40493982415947,45.687335886798117],[-123.40460589521555,45.687645715856227],[-123.40441580900648,45.687700078623337],[-123.40395645728259,45.687831442907736],[-123.40368861559746,45.688037428568158],[-123.40337402917824,45.688279357694036],[-123.40289047145068,45.688555198518763],[-123.40283062658477,45.688605549262491],[-123.4024519462683,45.688924153450643],[-123.40210158444289,45.689441695562714],[-123.4020956007648,45.689476109134596],[-123.40203905630923,45.689801329866292],[-123.40161835100716,45.689990797246843],[-123.40115545902273,45.69014361503698],[-123.4005309394574,45.690291011384957],[-123.40010405733943,45.690358123745476],[-123.3996585270945,45.690322040296053],[-123.39941618408874,45.690582469620921],[-123.39908647632832,45.690976986137073],[-123.39897402611938,45.691051325819025],[-123.39882247583935,45.6911515101026],[-123.39875583072676,45.691337162136556],[-123.39862760430478,45.691466232550155],[-123.39813057903447,45.69169355518747],[-123.39765146437432,45.691826465637931],[-123.39718141641036,45.69192510303084],[-123.3966372215028,45.692052053066455],[-123.3963726721432,45.692051031518751],[-123.39599839446996,45.692014892060222],[-123.39569733578061,45.691967740178221],[-123.39518647914986,45.691970657366383],[-123.39477712765468,45.691988341835781],[-123.39462610648238,45.692097998222216],[-123.39428125851616,45.692110304472131],[-123.39404855623002,45.692105337922975],[-123.39393634048136,45.692134669107134],[-123.39362217806695,45.692260649204336],[-123.3932889776567,45.69251122557899],[-123.39254775346124,45.692866452825648],[-123.39231989938271,45.693031671711886],[-123.39221813643069,45.693077276599013],[-123.39195696473656,45.693194317468759],[-123.39163632996052,45.693527329206781],[-123.39152392736227,45.693730615232532],[-123.39140438495417,45.693946812496456],[-123.3911879161235,45.694170857226517],[-123.39085101734925,45.694516089182983],[-123.39056228534221,45.694812845595266],[-123.39017417810517,45.694810603069868],[-123.3898760362455,45.694773071815312],[-123.38954604192253,45.694731530462882],[-123.38909321286589,45.694784078015992],[-123.38855067894332,45.694897944159408],[-123.3882563010247,45.695082528382372],[-123.38809302773026,45.695358452361432],[-123.38763947373317,45.695564692025478],[-123.38716047315906,45.69560014401857],[-123.38639504385833,45.695642655384738],[-123.38545698081781,45.695606663187242],[-123.38472686069761,45.695512344106724],[-123.38410359607875,45.695362192585996],[-123.38374385584174,45.69525283499167],[-123.3831551808529,45.69511955935009],[-123.38275937864715,45.694963800476771],[-123.38255120126659,45.694889074463688],[-123.38223543985093,45.694775729090473],[-123.38144281764824,45.694611999921328],[-123.38061236469393,45.694366443857632],[-123.37988138039441,45.694254384348881],[-123.37936735899892,45.694432524803943],[-123.37887978849702,45.694633657243031],[-123.37838570700592,45.695041824281809],[-123.37786636488903,45.694776780706277],[-123.37721475932126,45.694396769007469],[-123.37712295688911,45.694346291082901],[-123.37660764461459,45.694062947371229],[-123.37582687927528,45.693798405522017],[-123.37505247760147,45.693492327678165],[-123.37386976737649,45.692948010993319],[-123.37342126819954,45.692580727858143],[-123.37274831866064,45.691941142242335],[-123.37191297527795,45.691258249649636],[-123.37159203417637,45.690911472759339],[-123.37105768300769,45.690682233063271],[-123.37053382236496,45.690494109000554],[-123.3695926709165,45.690493276930518],[-123.36926786166931,45.690543270762809],[-123.36872177670642,45.69062179395204],[-123.368297041562,45.690614654857349],[-123.36774738669416,45.69050044051334],[-123.36738154330313,45.690339826942711],[-123.36730302156414,45.690320791559699],[-123.36717215229862,45.690287479153227],[-123.36711028532497,45.690275582263766],[-123.36702938394882,45.690247028212809],[-123.36700321063469,45.690211336256084],[-123.36704604051083,45.690149470938636],[-123.36705317762575,45.690113778292137],[-123.36699845136032,45.69006856882892],[-123.36692230836022,45.690054291752446],[-123.36689851378495,45.690032877385839],[-123.36685806264772,45.690013840643381],[-123.36685568301051,45.689971010616006],[-123.36687709884689,45.689913904070998],[-123.36691992872302,45.689825863680227],[-123.36697703552396,45.689740203304794],[-123.36699607172315,45.689687854954151],[-123.36698503771649,45.689637096673437],[-123.36698417353719,45.689633127023569],[-123.36682027681192,45.689480609673481],[-123.36661017613832,45.689272121767779],[-123.36579001338561,45.688679744628189],[-123.36577906112566,45.688671833430803],[-123.3657606663236,45.688669721184226],[-123.36518530526557,45.688603612720399],[-123.36431181761927,45.688506766076962],[-123.36369485468215,45.688480480258391],[-123.36288591637891,45.688494349217073],[-123.36240872141852,45.688565122206711],[-123.36237586014711,45.688563055765442],[-123.36193495622588,45.688535327291653],[-123.36171954291568,45.688603061125939],[-123.36171075649389,45.688605824745942],[-123.3614538356277,45.688866265199401],[-123.36122188972303,45.689120185143636],[-123.36061519632622,45.689300508141898],[-123.35981311396522,45.689113222817674],[-123.35927853282784,45.688878025588828],[-123.35915452399615,45.688449215630669],[-123.3591359549209,45.688385002666649],[-123.35885114944999,45.688084597569329],[-123.35852343325452,45.687938918611003],[-123.35850346190915,45.687930507165454],[-123.35786017294429,45.687659569333469],[-123.35766174587781,45.687569840458607],[-123.35704010271806,45.687449062125914],[-123.35642827455108,45.687186183352907],[-123.35613156101275,45.687085807469302],[-123.35588759564955,45.68703519241722],[-123.35574185297786,45.686999500921146],[-123.35568901497116,45.686936095824308],[-123.35568236653972,45.686928117860667],[-123.35559611120448,45.686847810396763],[-123.35527785786225,45.686684223062827],[-123.35507857829457,45.68660391587634],[-123.3548792987269,45.68654740394696],[-123.35468894122661,45.686476019682004],[-123.35451345533586,45.686464123236981],[-123.35436771356248,45.686520634622973],[-123.35417447336845,45.686625201025898],[-123.35385663684451,45.686687365815779],[-123.35334282565481,45.686699887877012],[-123.35284380971785,45.686670669938884],[-123.35238772157339,45.686486727547184],[-123.35220012190102,45.686411117913586],[-123.35200048660049,45.686330658467796],[-123.35135938952494,45.686157127309116],[-123.35075807164678,45.685935339169255],[-123.35005626552602,45.685727815155857],[-123.34977271230659,45.68568827652463],[-123.34933446021206,45.685627166177689],[-123.34878456908731,45.685421848779555],[-123.34850854824154,45.68512711600912],[-123.34816251449914,45.684780889137627],[-123.348019149668,45.68464526967221],[-123.34779092638186,45.684429372830984],[-123.34769934044373,45.684370663456292],[-123.34734674989808,45.684144638378221],[-123.34703938862867,45.683897949392247],[-123.34658709047635,45.683619320480034],[-123.34626142872798,45.683343521839227],[-123.34592038512702,45.683097649576567],[-123.34560665659886,45.682892488578204],[-123.34556437200011,45.682839695761444],[-123.34532803423201,45.682544614252272],[-123.34502302654867,45.68234515104573],[-123.34459606088735,45.68223730937558],[-123.34420745688197,45.682223107494572],[-123.34399222413317,45.682133762147856],[-123.34344647154695,45.682011071081057],[-123.3430230129085,45.681974067834801],[-123.34294472832475,45.681965056134793],[-123.34267211029727,45.681698872995632],[-123.34238508958089,45.681351197102757],[-123.34207543042095,45.681057265682611],[-123.34171494907388,45.680758657629241],[-123.34105360217515,45.680514634259779],[-123.34036702429508,45.680442631625837],[-123.33988520660424,45.680418854368085],[-123.33934384857638,45.680384696940415],[-123.33888438546137,45.68030126835243],[-123.33840547202385,45.680299453280767],[-123.33825184124564,45.680298871478712],[-123.3374415572661,45.680283045457053],[-123.33678925819893,45.680222013306611],[-123.33660339856331,45.680187787348252],[-123.3362786827409,45.680127988994954],[-123.33578147960421,45.680134121470346],[-123.33552882753223,45.680311651665775],[-123.33544809593764,45.680438309858175],[-123.33535663127203,45.680581804165904],[-123.33509875549669,45.680824477876094],[-123.33482401744511,45.680896147384537],[-123.33436078769417,45.680907362172519],[-123.33406136304028,45.68099145010293],[-123.33395740999559,45.681277679874093],[-123.33381918352788,45.681552918834477],[-123.33366208704931,45.681958648971502],[-123.33354999706481,45.682250986582467],[-123.33347364296058,45.682755243468335],[-123.33315475450944,45.682958013858538],[-123.33279955795116,45.683108464778179],[-123.33252617725401,45.683109357206376],[-123.33223465597801,45.683110308627668],[-123.33184808935169,45.68330880137114],[-123.33187394466221,45.683491407420732],[-123.33203777940371,45.683712098199067],[-123.3320636095614,45.683746890588537],[-123.33202208314076,45.683931127537051],[-123.33185624785108,45.684159744734359],[-123.3317165517396,45.684405461711897],[-123.33162826980504,45.684839077200969],[-123.33138923798941,45.685122660932159],[-123.33107265371696,45.68537265364813],[-123.33074125353055,45.685664378494813],[-123.33015309147976,45.68570814939072],[-123.33008971713311,45.685718976638789],[-123.32970986271857,45.685783878582669],[-123.32925065652175,45.685877724576891],[-123.32895294226016,45.685997220443703],[-123.32883674158491,45.686066115187565],[-123.32852683987987,45.686249851870386],[-123.32831334896439,45.68653872181887],[-123.32808968911991,45.68679237181631],[-123.32802200196156,45.687130915171537],[-123.32740419011648,45.687258137145584],[-123.326919119626,45.687340777211034],[-123.32562305908016,45.687738518901952],[-123.32502237361597,45.687871225389678],[-123.32445029590033,45.687791694911908],[-123.32393547949582,45.687720122091747],[-123.3227835230946,45.687617862047965],[-123.32202891759469,45.687535568164762],[-123.32170967251238,45.68773240232094],[-123.32155290930879,45.68827796520798],[-123.32138461263526,45.688580656596443],[-123.32137390561539,45.688698439824179],[-123.32133107484096,45.688848346304539],[-123.32128824406655,45.688930436822027],[-123.32123470627222,45.689133882003475],[-123.3211918763961,45.689230249392423],[-123.32112049267035,45.689337325817377],[-123.3210598159645,45.689487231840495],[-123.32101698519008,45.689637136834314],[-123.32114904651999,45.689904826506393],[-123.32120972232754,45.690069009967473],[-123.32130609089627,45.69031171531612],[-123.32131139904131,45.690644825793569],[-123.32128626956954,45.690963910324584],[-123.32120440789431,45.691698448356796],[-123.3211984233179,45.691752142673536],[-123.32120509780047,45.691771677050994],[-123.32131659759185,45.692098023949143],[-123.3215761604033,45.692578032202398],[-123.32170156881021,45.692740724456989],[-123.32175666518154,45.692809375591033],[-123.32199494510728,45.693106272829539],[-123.32231379313423,45.693406084977696],[-123.3227373380109,45.693605959895969],[-123.32317108595258,45.69368531645506],[-123.32330840781681,45.693746347722197],[-123.32360108163132,45.694203203538137],[-123.32347259110466,45.694324557099705],[-123.3229372122633,45.694367386930487],[-123.321887870417,45.694138958904759],[-123.32089562010025,45.694005681236042],[-123.32069320092066,45.69400444450369],[-123.31998874027819,45.69408642580462],[-123.31929878113941,45.694292179485203],[-123.31880055122832,45.694451937773017],[-123.31855501740667,45.694777019766931],[-123.31830369484129,45.694984029578286],[-123.31783366035205,45.695030804327892],[-123.31742870611015,45.695028724949012],[-123.3171381855574,45.695124373160759],[-123.31692926886333,45.695336270145226],[-123.31658237633154,45.695486468166685],[-123.31593864090399,45.695431019952309],[-123.31538497595672,45.695320208064309],[-123.31482202153107,45.695191885054868],[-123.3144017087928,45.695127279517543],[-123.31405716984706,45.695074320678195],[-123.31348719059592,45.695147121422337],[-123.31310948045997,45.695357154796419],[-123.31309916959715,45.695364673519954],[-123.31282443873211,45.69556496245508],[-123.31267606848822,45.695648656278117],[-123.31246328364854,45.695768685304714],[-123.3120640435902,45.696056070508263],[-123.31190080353339,45.696197367618524],[-123.31169180599096,45.696378270767227],[-123.31139356711329,45.696564133209954],[-123.31130709977559,45.696618018614899],[-123.31125939204752,45.696683371586552],[-123.31099088560907,45.697051171759959],[-123.31074327757742,45.697334912550737],[-123.31056393162589,45.697634747203331],[-123.31050339685383,45.697949460773508],[-123.31047454386524,45.698222040904234],[-123.31047910191695,45.698487907630614],[-123.31052336101273,45.699048352498728],[-123.31052237915409,45.699373457337579],[-123.31045482853969,45.699520832497363],[-123.31034706394325,45.699755941679797],[-123.31022128632877,45.699990468903721],[-123.31013833499711,45.700145139047322],[-123.30996746195532,45.700273360972822],[-123.30970654448441,45.700261377117641],[-123.30929113115771,45.700242299311746],[-123.30883824730383,45.700123128754186],[-123.3081915851651,45.700008601308213],[-123.30761319049638,45.699910166392073],[-123.30773857105554,45.700232242178501],[-123.30775337618974,45.700277486088595],[-123.30779806018857,45.700414045129875],[-123.30781477783604,45.700756456702287],[-123.30783264981861,45.701122484700782],[-123.30786765986016,45.701494011801636],[-123.30777910843105,45.701857353565423],[-123.30760396479842,45.702398070257885],[-123.30747904327836,45.702737143383068],[-123.30736097410731,45.702883554827579],[-123.30712358620866,45.703013131851407],[-123.30704861371336,45.703072138476756],[-123.30679052234234,45.703275267469351],[-123.30669251344987,45.703514038435202],[-123.30669344500285,45.703525261235868],[-123.30671304175075,45.703761790222323],[-123.30682388038208,45.704131499915121],[-123.30676163521774,45.704511032037459],[-123.30669025239033,45.704775151820378],[-123.30679732797891,45.704946472805545],[-123.30686157279311,45.705296254186216],[-123.30684015875335,45.705688864574888],[-123.306740221178,45.706002953786275],[-123.3065658725544,45.706277305120189],[-123.30601838711797,45.70646773733867],[-123.30553823490366,45.706827960361274],[-123.30512015537717,45.707423116857008],[-123.30480009103132,45.707779502114747],[-123.30444516486594,45.708113080646974],[-123.30403643320828,45.708554334785759],[-123.30336157654604,45.708901477134809],[-123.30238220178227,45.709232257515197],[-123.30196302271787,45.709385597324442],[-123.3017771262513,45.709453598223504],[-123.30094587738962,45.709881302435448],[-123.30054351927896,45.710281017206185],[-123.30015806297033,45.710562313472579],[-123.29969559588901,45.710825305050264],[-123.29907130269915,45.711110613121107],[-123.29897244849202,45.711133305324303],[-123.29882600064286,45.711220463472124],[-123.2984521532626,45.711513099151958],[-123.29789444050668,45.71166827184836],[-123.29707510869561,45.711475058475784],[-123.29643859123138,45.711224280417312],[-123.29559725069583,45.71092519421628],[-123.29481576850094,45.710642404346174],[-123.2943375602409,45.7103586376236],[-123.29393158191961,45.71033952311732],[-123.29343189404283,45.710428752527314],[-123.29317610235893,45.710506084818327],[-123.29261692984063,45.710506084818327],[-123.2921350878953,45.710410907033094],[-123.29185550073782,45.710208652681921],[-123.29159681558039,45.709923637967606],[-123.29048787590489,45.709427531765634],[-123.28987898163562,45.709223346810042],[-123.28918255372845,45.709127631130762],[-123.28849770420699,45.709096649664417],[-123.28806794478517,45.709106878963759],[-123.2874515262271,45.709269310476678],[-123.28697978943036,45.709457850001996],[-123.28667044737576,45.709689806046583],[-123.28598816703601,45.709711944931222],[-123.28507906837523,45.709579888703601],[-123.28449104735992,45.709457926531485],[-123.28365551263605,45.709276827329454],[-123.28305778173085,45.708954130557942],[-123.28245705943574,45.70874380261607],[-123.28194860579841,45.708696773362696],[-123.28162767817157,45.708863976666258],[-123.28138158829275,45.709183076426861],[-123.28114843235737,45.709357882938519],[-123.28088987206577,45.70943945406335],[-123.28069654114191,45.709552478022324],[-123.28056864529997,45.709597092118791],[-123.28037828779969,45.709626836293666],[-123.28024146899202,45.709689296688389],[-123.28004219032266,45.709799346801113],[-123.27984231517195,45.710124738521195],[-123.27986672688979,45.710277144368533],[-123.27987339418583,45.710374909914542],[-123.27989086462149,45.71063106441887],[-123.27967875082332,45.71095526323969],[-123.27914558722748,45.71057191146155],[-123.27913931249522,45.710566034489112],[-123.2788009593485,45.710249098592421],[-123.27849660563868,45.710061273076462],[-123.27816583157799,45.709850429907448],[-123.27789233679481,45.709602764696776],[-123.2775705647516,45.70940352908498],[-123.27721008250619,45.7092761341707],[-123.27673562022089,45.709234186442778],[-123.27643753495512,45.709252729235573],[-123.27612161094443,45.709272380449057],[-123.27556202699775,45.709214714621815],[-123.27505829670218,45.709090708552743],[-123.27480912290699,45.708647414904569],[-123.27460306105891,45.708398145995687],[-123.27445285196362,45.708082537732786],[-123.27424565464503,45.707809652498767],[-123.27380593470333,45.707613198896006],[-123.27371956618032,45.707588333509641],[-123.27332299501668,45.70748810841345],[-123.27321075501351,45.707459743190029],[-123.27305609027441,45.707400256281936],[-123.27288476987165,45.707336010500619],[-123.27278007302191,45.707321733441198],[-123.27266823815891,45.707359805800657],[-123.27255640419425,45.707469260788336],[-123.27248264083131,45.707583474350905],[-123.27234650833655,45.70771336730995],[-123.27215217758777,45.7077823764483],[-123.27174588485613,45.70757921427478],[-123.2715734810851,45.707537172431088],[-123.27137028396446,45.7074876222458],[-123.27112743610552,45.707540254417545],[-123.27100293140374,45.70756723825869],[-123.27059117242361,45.707600619413235],[-123.27029471490512,45.707400765033618],[-123.27013610656191,45.707085350626258],[-123.27008765862202,45.706943885933697],[-123.2700477554571,45.706827378835186],[-123.269863643943,45.706700459205337],[-123.26971617830257,45.706598801593309],[-123.26937475651087,45.706340902835919],[-123.26925327194509,45.706095535036013],[-123.26894413740132,45.705807319402773],[-123.26862800228652,45.705548821653032],[-123.26828971651346,45.70535586001801],[-123.26793108479754,45.705441170260229],[-123.26757557742216,45.705591421437759],[-123.26749733685587,45.705622381008205],[-123.26698782769805,45.705823993256395],[-123.26661735708502,45.705838653997944],[-123.26661073290811,45.705837384278766],[-123.26612352263061,45.705743929354448],[-123.26601070231575,45.705720507256963],[-123.26570270773406,45.705727480062087],[-123.26546952035767,45.705765552252686],[-123.26534578820707,45.705827417860441],[-123.26526841810826,45.705902119845909],[-123.26518398455643,45.706032051215097],[-123.26508880625541,45.706065363652883],[-123.26473988892097,45.706069069912878],[-123.26460815547614,45.706103435613372],[-123.26441779797585,45.706193854298412],[-123.26417509294902,45.706350899274341],[-123.26396815614186,45.706513442931794],[-123.26385615868379,45.706660373946626],[-123.26380909325113,45.706909723374032],[-123.26378361523305,45.707081727239618],[-123.26401405466298,45.707312708260112],[-123.26438613056547,45.707682196866429],[-123.26458533377634,45.707789795013419],[-123.26476729562198,45.708240604300329],[-123.26476804212199,45.708607034328857],[-123.26478942202573,45.709227126253978],[-123.2646685033986,45.709519591083563],[-123.26470182191251,45.709861610662394],[-123.26485955529662,45.710159320022903],[-123.26510572871874,45.710366286686103],[-123.26512693255273,45.710631755678996],[-123.26474639002871,45.710788498385206],[-123.26450272200788,45.711000792036003],[-123.26449537109389,45.711007197127117],[-123.26425987414891,45.711373290993144],[-123.26406537451686,45.711714774207429],[-123.26405740556197,45.712075498470377],[-123.26412613296942,45.712452143963347],[-123.26419874648877,45.712734131827396],[-123.26417763787622,45.712915821362152],[-123.26416294233648,45.713042317911786],[-123.26386276669105,45.713291727311884],[-123.26382135974634,45.713329020327009],[-123.26357972820625,45.713546643438427],[-123.26342593483298,45.71385761187684],[-123.26335442893637,45.714125268403166],[-123.26330687212523,45.714540119341471],[-123.26333573319869,45.714764325548899],[-123.26315855039037,45.715140569685126],[-123.26301601560253,45.715510376607241],[-123.2627801692129,45.715727415435737],[-123.26276553835186,45.715740878724809],[-123.26265026922957,45.716151415596286],[-123.26255631084072,45.716478704030052],[-123.26246307290076,45.716568304983056],[-123.26237741225022,45.716673002112195],[-123.26229651087404,45.716844323009582],[-123.26220133257306,45.716915707398044],[-123.26207760042244,45.716996608298579],[-123.26195862754624,45.717091787412656],[-123.26188248454611,45.717248831247971],[-123.26175399401947,45.717424911467255],[-123.2616207442184,45.717610509511928],[-123.26141611069164,45.717719964496176],[-123.26118292331526,45.717748518944013],[-123.26089738751398,45.717758036671917],[-123.2607688969873,45.717743759138649],[-123.26052143358443,45.717767554398201],[-123.26026445073445,45.717877009702036],[-123.26009788870773,45.718053089823421],[-123.26003649245132,45.718122078042072],[-123.26001101443323,45.718205259550707],[-123.25998543221057,45.718288772092784],[-123.25985037410089,45.718463354441553],[-123.25969448944963,45.718555682365476],[-123.25952132660221,45.718612567113432],[-123.25932505639069,45.71879590961499],[-123.25925540641346,45.719000905669851],[-123.25919587955116,45.719200820801532],[-123.2590008148788,45.719457187606672],[-123.25887363499412,45.719687747450735],[-123.25877180826173,45.720014544165437],[-123.25874586671294,45.720041608533897],[-123.25862698815985,45.72016562856286],[-123.25863917111171,45.720419535578699],[-123.25874656919552,45.720496896065569],[-123.2589835591405,45.720609939683186],[-123.25911288510039,45.720671697294513],[-123.2591816457455,45.720704532515086],[-123.25930459546349,45.720817839748456],[-123.25932069596834,45.720855061888997],[-123.25935124497619,45.720925681660184],[-123.25944373461954,45.721124437812243],[-123.25943781831506,45.721289198157535],[-123.25939404251295,45.721457270029561],[-123.25928806466564,45.721481553516576],[-123.25912110468524,45.721531482640621],[-123.25892745485942,45.721601406669457],[-123.25875683963416,45.721719205638031],[-123.25860061182647,45.721848770356516],[-123.25847156883592,45.722040637747959],[-123.2583742633243,45.722173656680972],[-123.25834867391514,45.722360666964072],[-123.25851055841416,45.722565053526409],[-123.25863866446191,45.722676674362965],[-123.25868370060034,45.72271591403581],[-123.25877949694225,45.722839544318482],[-123.25881004774676,45.722971974346954],[-123.25876119017508,45.723106273559331],[-123.25859968027349,45.723269855943158],[-123.25854661678969,45.723532560071469],[-123.25854487495636,45.72378437347696],[-123.25848095802722,45.723965024306359],[-123.25837587400363,45.724224112297307],[-123.2582639699704,45.724413153867054],[-123.25803497233646,45.724466962259761],[-123.2576908798534,45.72449926972147],[-123.25735691228191,45.724526495596322],[-123.25715300818713,45.724599078005653],[-123.25690741417834,45.724595172922747],[-123.25660817817069,45.724553794831152],[-123.25638156017398,45.724513129746647],[-123.25629173223881,45.724500137031427],[-123.25612325949548,45.72443032198715],[-123.25594480018115,45.724406527056573],[-123.25574849493537,45.724382732115814],[-123.25547783074363,45.724391656082076],[-123.25494542532586,45.724305400213055],[-123.25486809295634,45.724308374663693],[-123.25477588897726,45.724317298014746],[-123.25463312152577,45.724329194559623],[-123.25453496890289,45.724311349114217],[-123.25441897034857,45.724323245660365],[-123.25436245823238,45.724350015701972],[-123.25433866275878,45.724460065792925],[-123.25432379204759,45.724584986594074],[-123.25422266510277,45.72480211246345],[-123.2541274859035,45.724888367565541],[-123.25398839795142,45.724990631570506],[-123.25382144785249,45.725113178181076],[-123.25371158838482,45.725273118057601],[-123.25363152962841,45.725405726061226],[-123.25357035525586,45.725571784441016],[-123.2534367685866,45.72566933760632],[-123.25342945001196,45.725677458667626],[-123.2532562566218,45.725869669733953],[-123.25316043692371,45.726034120091853],[-123.25320719782752,45.72614438258887],[-123.25335454578862,45.726261965034688],[-123.2536123811398,45.726376950407534],[-123.25363237045147,45.726385620079334],[-123.25379240442103,45.726455029454563],[-123.25396621764874,45.726547780633531],[-123.25403636169936,45.726713172149495],[-123.25403756544186,45.726882605432884],[-123.25405360036969,45.727000851044579],[-123.25410671146425,45.7271714855911],[-123.25425580215698,45.727325338678853],[-123.2543487247883,45.727461146235264],[-123.25430344610471,45.727670404158786],[-123.25421108042887,45.727834775219442],[-123.25411581768626,45.727938690585347],[-123.25392596414085,45.728088405328144],[-123.25372238882947,45.728168236555554],[-123.2535322783659,45.72824048752436],[-123.25342711888379,45.728354319388984],[-123.25325992444313,45.728472028242265],[-123.25291802834093,45.728622892239748],[-123.25277303216922,45.72869892451007],[-123.25267602849158,45.728766567051025],[-123.25258537141144,45.728894581605381],[-123.25255934542105,45.728977474299768],[-123.25254938130789,45.729009207890712],[-123.25255850729287,45.729127615801396],[-123.25263024944641,45.729254238062673],[-123.25260876354143,45.72938304850193],[-123.25253583381509,45.729520330930761],[-123.25252649942098,45.729583958633526],[-123.252474455525,45.729667509976331],[-123.25242175496052,45.729741912968393],[-123.25241553143223,45.729823345231154],[-123.25234721096162,45.729984726402229],[-123.25226739564863,45.730194796318003],[-123.25218584119726,45.730368593385528],[-123.25210071863755,45.730540053507788],[-123.25206046153642,45.730637833768604],[-123.25196034699295,45.730712811102201],[-123.25174202224292,45.730799569378668],[-123.25164899989862,45.730843587117754],[-123.25160157244487,45.730857280654433],[-123.25145041922021,45.730900926507218],[-123.2513517410829,45.731011698594138],[-123.25133967131873,45.731055247760722],[-123.25132584714483,45.73110512757038],[-123.25126314743295,45.731370662329333],[-123.25126269558035,45.731372575443665],[-123.25101153471176,45.731591243163976],[-123.25057547630318,45.731826070730015],[-123.2505581693609,45.731834131327474],[-123.25029478601456,45.731956774537615],[-123.25008238116226,45.732103607309078],[-123.24994399569272,45.732240654810226],[-123.24990510762406,45.732279166675156],[-123.2495786284088,45.732280727991828],[-123.24927227954069,45.732282193372143],[-123.24894293649632,45.732278097580767],[-123.24859595862456,45.73228058251977],[-123.24858015725871,45.732280696013078],[-123.2478110349838,45.732257359653936],[-123.24738952389292,45.732267241725673],[-123.24702395718299,45.732388106344565],[-123.24656565558966,45.732511143995573],[-123.24616331275031,45.732520572051179],[-123.24601768955455,45.732523984359844],[-123.24573754903489,45.732666485994798],[-123.24547821439552,45.732891242107087],[-123.24538582266855,45.733253934586749],[-123.24556965839986,45.733568784960489],[-123.24561663579765,45.733845468914197],[-123.24566747774779,45.733985608971444],[-123.24575271259688,45.734220539959423],[-123.2457935158737,45.734544651456176],[-123.24561681815564,45.734909318923798],[-123.24535299014322,45.73521692561819],[-123.24524034410153,45.735525388978928],[-123.24519624939749,45.735646138076142],[-123.24530365287119,45.735884547540238],[-123.24530954402283,45.735897626640671],[-123.24550915147559,45.73636577428227],[-123.24557750518387,45.736736522269219],[-123.2455482021393,45.736850807056115],[-123.24547078353149,45.737152742052942],[-123.24531291001018,45.737558340277431],[-123.2450903497036,45.737669938051525],[-123.24474978220971,45.737961608239452],[-123.24466270850922,45.73825916099581],[-123.24479258513637,45.738504351842352],[-123.24481151263942,45.738530174640744],[-123.24501830841108,45.73881230989479],[-123.24513132635529,45.739057895804201],[-123.24516347705931,45.739413207848592],[-123.24516708289684,45.739453047672107],[-123.24524772555823,45.73954979164823],[-123.24547151476013,45.739818265523326],[-123.245580334877,45.740152602002318],[-123.24569621036214,45.740634531126112],[-123.24585452495626,45.741121374399683],[-123.24598359938783,45.741526160132949],[-123.24610029323817,45.741848492638631],[-123.24623075107533,45.742105488385981],[-123.24630359546173,45.742393383907618],[-123.24643405958707,45.742630552103627],[-123.24653470413656,45.742813509218415],[-123.24673842228005,45.743040248797108],[-123.24684674742522,45.743160813004536],[-123.24702021569986,45.743434531795309],[-123.24671641984378,45.743613049023836],[-123.24634319409776,45.743751819855113],[-123.2460526214427,45.743734759232559],[-123.24576756893505,45.743718021461582],[-123.24532770077134,45.743698772924724],[-123.24465738060128,45.743803123938051],[-123.24462206333588,45.743812990801672],[-123.24445252698726,45.74387247844227],[-123.24425027309766,45.743946835552912],[-123.24415509389839,45.744095551984806],[-123.24415806911861,45.744282934601344],[-123.24408744626588,45.744451020667221],[-123.24391578001172,45.744712934338715],[-123.24387731055802,45.744967976041714],[-123.24389299154961,45.745296376392218],[-123.24389619853517,45.745363521769065],[-123.2439600409041,45.745639809391051],[-123.24383360841775,45.745997384590027],[-123.24372713919196,45.746419504454707],[-123.24308882240221,45.746487634555443],[-123.24258503461446,45.746429269928854],[-123.24257950368728,45.746428629261679],[-123.24203814565939,45.746405831659601],[-123.24178125264096,45.746506403825066],[-123.24160505528451,45.746882870497714],[-123.24163433137959,45.747319544510404],[-123.24163347438682,45.747369490031645],[-123.24162539044757,45.747839854604671],[-123.24161868362567,45.74823008681345],[-123.2416217756269,45.748615181754616],[-123.2417644801963,45.748899088921284],[-123.24196673408586,45.749137036229321],[-123.24218088616142,45.749309546359086],[-123.24228201310618,45.749440417356531],[-123.24230580678311,45.74954749191734],[-123.24224632034503,45.749583184854593],[-123.24207397406616,45.749568531828757],[-123.24188655854844,45.749557392241883],[-123.24169836778465,45.749546206893463],[-123.24124356153605,45.749568662838442],[-123.24078595613706,45.749709387139866],[-123.24056718492436,45.749788866520014],[-123.24042082690669,45.74984203804555],[-123.23998036315994,45.749988268411975],[-123.23949291213397,45.750045076646217],[-123.23940946493228,45.750054801995503],[-123.23910195274588,45.750156551049329],[-123.23898344789194,45.750278687655062],[-123.23882031114141,45.750446821484722],[-123.23860781106768,45.750426121019977],[-123.23818418624093,45.750384847941106],[-123.23779092896237,45.750281738449786],[-123.23721693064864,45.750283321202247],[-123.23685488443633,45.75048090101221],[-123.23668173236867,45.75074499282502],[-123.23654767408388,45.750991292852397],[-123.23647926468004,45.75115488069666],[-123.236449521461,45.751288725395725],[-123.23642275256383,45.751440415959138],[-123.23639003502286,45.751574260600279],[-123.23638210559386,45.751596727012085],[-123.23633004013833,45.751704043148436],[-123.23631100483743,45.751768287435212],[-123.23630927108893,45.751862882661271],[-123.23636811163837,45.752039547030954],[-123.23640856277559,45.752184694151431],[-123.23639428585081,45.752237041645749],[-123.23627701079046,45.75231784187563],[-123.23619075545518,45.752350559457383],[-123.23612064823548,45.752313184678584],[-123.23604926450973,45.752241801019245],[-123.23600405499644,45.75214186411894],[-123.23584700972184,45.752025270111041],[-123.23574945178365,45.751968163021665],[-123.23564237619505,45.75194436791373],[-123.23552102368164,45.752022890728519],[-123.23549246983202,45.752072859620995],[-123.23540918881865,45.752132345981238],[-123.23524500642914,45.752191832904842],[-123.23508938857751,45.752219433903271],[-123.2350170535359,45.752249891263837],[-123.2349523326146,45.752267023247619],[-123.2348780931446,45.752274637739532],[-123.23478018486347,45.752229417119707],[-123.23474820663597,45.752163177595804],[-123.23471576577613,45.752133654764414],[-123.2346400988831,45.752093679822934],[-123.23457442664595,45.752086541056926],[-123.23444736264396,45.75213936502027],[-123.23437455149524,45.752213604561504],[-123.23433172072079,45.752260718161729],[-123.2342974077719,45.75232972556141],[-123.23429005775624,45.75233607765027],[-123.23426653267558,45.752321596466217],[-123.23419711626032,45.752325656939703],[-123.23414191298947,45.752297102615771],[-123.23400675965834,45.752255224167897],[-123.23391348488747,45.75222096018782],[-123.23382211364665,45.75217146717781],[-123.23371932122532,45.752097227580563],[-123.23365465959283,45.752039198522994],[-123.2336450817553,45.752030602409725],[-123.23360510672514,45.751984917123366],[-123.23350612136397,45.751910678531573],[-123.23341284569476,45.751904966998673],[-123.23327959589375,45.751946846336196],[-123.23321868113433,45.75199443465938],[-123.23320505279312,45.752008064089075],[-123.23317680347242,45.752036313929771],[-123.23311779314139,45.752047735087643],[-123.23301499982175,45.752089614318095],[-123.23291982152077,45.752129589262474],[-123.23274659668958,45.752133395264295],[-123.23264380426825,45.752072481653023],[-123.23256194977957,45.751971592319485],[-123.2324800970875,45.751918292445282],[-123.23246030091357,45.751892405009073],[-123.23245535119636,45.751885931894492],[-123.23239443643695,45.751849764050398],[-123.23229925813595,45.751826921651251],[-123.23206131148521,45.751781236198163],[-123.2319661331842,45.751758393144179],[-123.23187856990191,45.751731743425026],[-123.23176435540171,45.75174126100422],[-123.23162729764219,45.751792656781411],[-123.23141980926944,45.751849764050398],[-123.2313074991977,45.751895449447389],[-123.23109995602771,45.751951443389679],[-123.23107157465461,45.751959100548007],[-123.23104408800356,45.751958696879882],[-123.23086932076501,45.751956125689468],[-123.23068788712877,45.751866896783838],[-123.23054809310089,45.751828229814812],[-123.23041722293702,45.751846075870418],[-123.23023281408057,45.751929356970081],[-123.23011086778075,45.751997766799498],[-123.22991158731476,45.752060228092923],[-123.22964092312301,45.752134586206878],[-123.22940892691268,45.752191097655299],[-123.22925859115495,45.752250684179216],[-123.22885275746241,45.752325129165946],[-123.22853046170138,45.752360119554105],[-123.22847303689686,45.752359430063791],[-123.22841774020122,45.752354312792129],[-123.2283753558895,45.752362953985788],[-123.22794025149175,45.75238325445482],[-123.22781483230503,45.752408845182821],[-123.22774944752877,45.752416472818361],[-123.22767206485356,45.752454531375811],[-123.22762066954121,45.75246404883174],[-123.22756546537205,45.752460241598833],[-123.22750981384191,45.752439190868095],[-123.22747218970284,45.752429784353055],[-123.22741174296567,45.752391452490016],[-123.22733560984702,45.752375057672012],[-123.22726279779998,45.75237934003205],[-123.22720569099907,45.75237934003205],[-123.22714572845386,45.752357925094579],[-123.22707148898384,45.752330799286376],[-123.22700777327736,45.752304369224049],[-123.22691703534883,45.752282112451745],[-123.22686814364117,45.752279475461165],[-123.22684987819652,45.752278557184127],[-123.22683354323138,45.752277737943132],[-123.22679666199907,45.752278927002166],[-123.22675621086184,45.75225870108568],[-123.22670267216922,45.752237286728736],[-123.22665746265591,45.752220630485269],[-123.22656585336155,45.752169472036975],[-123.22650636692343,45.752134969815735],[-123.22642685973258,45.752083349954916],[-123.22614762471473,45.7519592359398],[-123.22597170134443,45.751881039605891],[-123.22568021240775,45.751787343264446],[-123.22554411943884,45.75178318998308],[-123.22544722715232,45.751780231412368],[-123.22533146844818,45.751761235755026],[-123.22526722273567,45.751742675101752],[-123.22516871348161,45.751742675101752],[-123.22506020957171,45.751724115695907],[-123.22495027823881,45.751708412060623],[-123.22490526994812,45.751722700344295],[-123.22486033531932,45.751736964805303],[-123.22478609584931,45.751726971471683],[-123.2247075741103,45.751708412060623],[-123.22466046016861,45.751672720482432],[-123.22455914098433,45.751613810931424],[-123.22450981718703,45.751591308797877],[-123.22440201306472,45.751542128638782],[-123.22427854052721,45.751510971988914],[-123.22420622075697,45.751513533797592],[-123.22414078657336,45.751512344095417],[-123.2241062831816,45.751514723499696],[-123.22408367887411,45.751482600279388],[-123.22408101536932,45.751472615048876],[-123.22407891959976,45.751464754734336],[-123.22405155601786,45.751449287963908],[-123.22401110488065,45.751452857701175],[-123.22397422364834,45.75145523710799],[-123.22389174483052,45.751447268351257],[-123.22380945915049,45.751426697382435],[-123.22366193152631,45.751402902670478],[-123.22350793513381,45.751376832590431],[-123.22310566505801,45.751439368543494],[-123.22296330184838,45.751582639277927],[-123.22272693533422,45.751820505569306],[-123.2224302945594,45.752152455983357],[-123.2221930036788,45.752311629563323],[-123.22192481793891,45.752327269721107],[-123.2216643747785,45.75231839973636],[-123.22138240798385,45.752368368364259],[-123.22112899503882,45.752468306112618],[-123.22093625879968,45.752596797867227],[-123.22083494859857,45.752775779717915],[-123.22082020275316,45.752790683250346],[-123.2207601369017,45.752937790310277],[-123.2207149264901,45.753042486344235],[-123.22068161426438,45.753099593587947],[-123.22060071288823,45.753147183435416],[-123.22050791422443,45.753204290572],[-123.22045318616237,45.753218566563504],[-123.22035086894984,45.753211427941423],[-123.22026282866211,45.753168598070047],[-123.22015813271068,45.753082937601839],[-123.22004153857333,45.75300679499238],[-123.21996777521039,45.752935411593434],[-123.21984166432092,45.752916374960265],[-123.21973916205542,45.752835837600998],[-123.2197084145199,45.752811679316544],[-123.21964179006851,45.752766469787531],[-123.21952757556835,45.752754571778212],[-123.21934673661683,45.752702224142496],[-123.21926233899757,45.752678539665339],[-123.21902638930166,45.752556259131097],[-123.21896340572215,45.752542205486741],[-123.21890915286889,45.752545060593853],[-123.21880207728026,45.752553627167913],[-123.21868500883247,45.752512224032664],[-123.21857079343395,45.752437984261874],[-123.21849369911797,45.752362317774363],[-123.2184265985595,45.752298072917732],[-123.21820267191536,45.75209170223004],[-123.21808107236527,45.751979636219012],[-123.21786745838058,45.751718553326256],[-123.21771874138699,45.751611477289046],[-123.21751648749741,45.751480606367544],[-123.2174153596543,45.751337838708267],[-123.21728448949044,45.751195070683806],[-123.21717146525801,45.751052304174642],[-123.21697516001224,45.750969023019934],[-123.21681454662932,45.75090358747115],[-123.21671936743004,45.750802460337724],[-123.21639219202039,45.750754870998243],[-123.21605906706864,45.750618051969553],[-123.21592224826099,45.75052882217831],[-123.21583301770549,45.750457438744121],[-123.21555224207691,45.750149297951751],[-123.21540947372711,45.750077914658952],[-123.2152881212137,45.750070776261957],[-123.2150946708139,45.750093618753006],[-123.21503899143597,45.750103613005869],[-123.21499616155987,45.75011075139868],[-123.2149561865297,45.750115272129591],[-123.21490859737922,45.750098615879686],[-123.2148633878659,45.750062924525693],[-123.21479795188567,45.750021283852568],[-123.21472359383802,45.750011171113009],[-123.21460462096181,45.750026042161366],[-123.21455405748939,45.750043888793279],[-123.21449457105129,45.750094452443264],[-123.21438154681888,45.750092072351542],[-123.21432539133382,45.750074939700141],[-123.21427494643905,45.750078747095763],[-123.21423592362311,45.750080651420312],[-123.21419975655145,45.750079699258045],[-123.21413408251766,45.750070181395515],[-123.21410552866803,45.750080651420312],[-123.21407983146102,45.750099686513394],[-123.21404651833701,45.750121577457854],[-123.21402653082197,45.750133951168912],[-123.21399702565644,45.750142516859412],[-123.21397132665281,45.750142516859412],[-123.21389899161119,45.750152986870653],[-123.21387614925013,45.750166312108711],[-123.21385520952087,45.750180588877313],[-123.21382760788543,45.750189154560623],[-123.21379334344556,45.75018725149345],[-123.21374004370482,45.750180588877313],[-123.21368674396405,45.750178684556175],[-123.21365533526844,45.750185347172518],[-123.21362678141882,45.750195817175729],[-123.21359632493744,45.750219611775506],[-123.21357913836944,45.750244530903693],[-123.21357728873825,45.750247213122421],[-123.21356206049754,45.750268152476806],[-123.21354112076828,45.750274815082491],[-123.21350971207268,45.750273862923528],[-123.21347287395952,45.750255429649563],[-123.21333939239314,45.750226568998613],[-123.21323231680454,45.75020753394886],[-123.21311810230435,45.750188497638874],[-123.21299437105208,45.750221810080077],[-123.21291346877759,45.750205153861963],[-123.2128325665031,45.750219430620675],[-123.2127064547153,45.750224190166215],[-123.21261127641434,45.750205153861963],[-123.21246613022399,45.750167083114462],[-123.21236143337426,45.750112354841548],[-123.21218297316159,45.750083801892579],[-123.21205448263493,45.75005524830221],[-123.21167852780705,45.750062386074305],[-123.2116142829929,45.750050489369016],[-123.21150720650596,45.750043350341706],[-123.21143344314304,45.750031453632367],[-123.21135968067841,45.750029074791648],[-123.21128591731549,45.750043350341706],[-123.21123356889063,45.750102836984581],[-123.21113125167807,45.750169461949298],[-123.21102655572668,45.750200395568442],[-123.21098634623625,45.75020735467448],[-123.21092082581436,45.750207121492394],[-123.21086514553809,45.750195700584705],[-123.21079661755664,45.750164291195944],[-123.21073808243442,45.750144303963779],[-123.21070239146987,45.750141448733864],[-123.21064385544933,45.75015858073801],[-123.21058817607137,45.750178568591899],[-123.21052393035889,45.750205694192452],[-123.21047967305979,45.750245669232548],[-123.21042532768006,45.750270687388678],[-123.21029368137179,45.750276538245714],[-123.21022705692043,45.750290815612971],[-123.21012236096901,45.750326506821189],[-123.21002004285815,45.750407408229542],[-123.20999624918122,45.750524001856199],[-123.20993914238031,45.750664390276299],[-123.20989869124305,45.750800019474042],[-123.20985110119425,45.750916613534216],[-123.20978209710569,45.75112362604618],[-123.20975830253045,45.751242600099935],[-123.20972645455868,45.751322255940742],[-123.209684814052,45.751373414538847],[-123.20965031245686,45.75139007040832],[-123.2096086710519,45.751394829854078],[-123.20954323596997,45.751376984280967],[-123.20945082358175,45.751351708997412],[-123.20923779619696,45.751296137557823],[-123.20896073779701,45.751251968578963],[-123.20886889763563,45.751233027275333],[-123.20882892260549,45.751207328194752],[-123.20877942992492,45.751187816467564],[-123.208748020331,45.75117068540613],[-123.20870423824067,45.751156884022464],[-123.2086385651052,45.751147841475422],[-123.20856242210508,45.751150221522074],[-123.20852958598651,45.751159263441942],[-123.20846438895815,45.751159263441942],[-123.20839025908258,45.751159225832595],[-123.20830538086464,45.751149881157261],[-123.20815568560569,45.751101559357352],[-123.20800221023602,45.751090851957912],[-123.20785587377794,45.751130113666107],[-123.20775236809428,45.751183651231898],[-123.20766313753877,45.751272879976248],[-123.20754557861082,45.75132097534545],[-123.20753094505483,45.751322907207744],[-123.20745630583448,45.751371273947107],[-123.2073792115185,45.751395543802239],[-123.20731496580602,45.751386978304076],[-123.20723787059171,45.751287040499847],[-123.20719228827757,45.751143987767833],[-123.20717361230281,45.751111729567093],[-123.20702208268403,45.75095514824789],[-123.20699042515513,45.750924818053157],[-123.20688119001656,45.750820160670784],[-123.20672652527749,45.75075829472916],[-123.20657423927723,45.750698808158027],[-123.20639815960008,45.750686910334764],[-123.20621494011304,45.750705947101544],[-123.20593892286055,45.75079874576187],[-123.20585088347111,45.750924857543126],[-123.2057820051467,45.750987175240752],[-123.20562126510136,45.751070004428414],[-123.20555285659583,45.751105696392038],[-123.20551418951273,45.751180054524042],[-123.20552013815654,45.751287130762151],[-123.20549173432561,45.751401226553533],[-123.20542827823223,45.751480546192909],[-123.20524268000631,45.751651866902137],[-123.2051237071301,45.751747045891399],[-123.20499997497949,45.751804152580192],[-123.20480010072708,45.751799394422989],[-123.20456691335069,45.751718491898217],[-123.20437179747434,45.75165662632557],[-123.20416402253903,45.751584298465332],[-123.2040386725226,45.751487287633054],[-123.20393635620837,45.751404006500628],[-123.20376979328333,45.751299311153872],[-123.20371030684521,45.751292172286256],[-123.20361512854421,45.751237444489711],[-123.20352946879201,45.751185096057874],[-123.20346921429432,45.75117918888207],[-123.20332419027483,45.751147959944959],[-123.2032028368631,45.751140821058023],[-123.20309576217282,45.751126544534991],[-123.20300653161732,45.751119405645326],[-123.20290302593368,45.751108698249304],[-123.20276382659048,45.751076575422097],[-123.20269958087802,45.751051591475708],[-123.20258893628278,45.751008761200453],[-123.20246401476275,45.75096593089237],[-123.20227127852358,45.750933807982996],[-123.20214992511185,45.750901685055126],[-123.20187866713373,45.750915962262461],[-123.20148605574384,45.751083714317296],[-123.20123877829222,45.751266668174459],[-123.20114441116993,45.751302464064629],[-123.20092457365699,45.751676912007902],[-123.2008587406214,45.751741087376104],[-123.20042004386079,45.752168732399426],[-123.20032452150507,45.752406842528735],[-123.20019569141523,45.752727973932792],[-123.19999377978375,45.75277838534484],[-123.19896310313243,45.752950657317513],[-123.19857644128467,45.752879273219946],[-123.19834444417604,45.752706762840845],[-123.1979161409233,45.752510457688743],[-123.19737481253981,45.752480713777878],[-123.19685728052823,45.752617532628093],[-123.196738307652,45.752807889657838],[-123.19676210222724,45.752962554658211],[-123.19685728052823,45.753075579581974],[-123.19683348505465,45.753230243840505],[-123.19669666714532,45.753271884626706],[-123.19654291689118,45.753257779138231],[-123.19625164085527,45.753012668754238],[-123.19578170877392,45.752753609632649],[-123.195599629249,45.752628701690867],[-123.19546161927528,45.75259538880583],[-123.19514039250944,45.752547799114645],[-123.19492386079671,45.752497830647393],[-123.19476205804438,45.752452621490967],[-123.19456694216804,45.752409791037259],[-123.19427664888904,45.752307474440506],[-123.19409818777805,45.752228951399296],[-123.19379123793706,45.752195638902464],[-123.19353901525979,45.752159947635853],[-123.19333914010907,45.752081425640718],[-123.19317495771955,45.752026697364435],[-123.19286086806866,45.751971970288139],[-123.1925015698028,45.751929140092351],[-123.19221413047144,45.751900425727854],[-123.19212912199777,45.751884502757065],[-123.19201611303671,45.751863335221593],[-123.19140694747625,45.751812679151811],[-123.1912074406348,45.751842289280283],[-123.19104980067547,45.751842289280283],[-123.19089811025829,45.751877982003684],[-123.1907464198411,45.751940442177521],[-123.19041627010955,45.75205049243727],[-123.18984222418514,45.75228249041831],[-123.18951203313107,45.752415747600693],[-123.18902707672665,45.75254140944147],[-123.18857537505569,45.752754928430164],[-123.18834865734597,45.752887385310203],[-123.18804892097671,45.753062504505444],[-123.18747472952518,45.753195716576222],[-123.18692128376686,45.753208401125256],[-123.18668449863773,45.75311927513664],[-123.18650502332882,45.753051719131989],[-123.18602632997853,45.752970340799124],[-123.18551112370518,45.752954440071669],[-123.18486088267838,45.753154023081954],[-123.18440872735822,45.753358301350204],[-123.18426572095487,45.753525824178254],[-123.18407103806649,45.753753881642709],[-123.18393488580878,45.754227958159568],[-123.18364860710076,45.754594656972444],[-123.18311909246158,45.75483763812619],[-123.1828856005563,45.754928033108186],[-123.18253600229887,45.755063373654856],[-123.181707436705,45.755682569549691],[-123.18139505115819,45.756055220620233],[-123.18125757119047,45.756219223582967],[-123.18082157117242,45.756487758316474],[-123.18052112872729,45.756679345638688],[-123.18043081390528,45.756736937407013],[-123.18038599605742,45.75676551640997],[-123.1796993319391,45.75731681165086],[-123.17907209227511,45.757728226277422],[-123.17859352289233,45.757933083838118],[-123.17787129087861,45.758004987937817],[-123.17729358881098,45.758064352653832],[-123.17719415519051,45.758052373670346],[-123.17684251236749,45.758010010052693],[-123.17611554802886,45.757980432026955],[-123.17522628596616,45.75814847559289],[-123.17455002254216,45.758357825977555],[-123.17429289326684,45.758502208337298],[-123.17406794883149,45.758635665639694],[-123.17392058919228,45.758723090626134],[-123.17309132021751,45.75904673523948],[-123.17261100540816,45.759214668422977],[-123.17244190833571,45.759269106367533],[-123.17236404057024,45.759294173750909],[-123.17170178906807,45.759521656120654],[-123.17152599864843,45.759745152210058],[-123.17146511982163,45.759822550357669],[-123.17127193711976,45.759774957428668],[-123.17100672749845,45.759765869900221],[-123.17082999833934,45.759800155570431],[-123.17068271505693,45.759886721999514],[-123.17061065489979,45.759964012780948],[-123.17023836340165,45.759976273379756],[-123.17004287831772,45.760007528086213],[-123.16985215879639,45.760038021933376],[-123.16974079105734,45.760020416652182],[-123.16945476208097,45.759975203562263],[-123.16902703913992,45.759841208599788],[-123.16865505486561,45.759719838098967],[-123.16854810504113,45.759650353496916],[-123.16846244439058,45.759593246062678],[-123.16835203784892,45.759558981574116],[-123.16827399042042,45.759511392180649],[-123.16823211275847,45.75945809324017],[-123.16815025916812,45.759439056951841],[-123.16806840557773,45.759385756688786],[-123.16801891289715,45.759332456374814],[-123.16798274492719,45.759302000372692],[-123.16795895035195,45.759289150498127],[-123.16787614454738,45.75926059723021],[-123.167827604081,45.759247748599591],[-123.16778762905084,45.759233471016778],[-123.16775479293227,45.759203490023808],[-123.16771767274808,45.759186357662479],[-123.16763343952054,45.759182075198083],[-123.16755777262752,45.759179220430489],[-123.16749495523635,45.759166370527694],[-123.16745113631508,45.759144700607273],[-123.16742732916344,45.759132926797548],[-123.16697944533244,45.758919500525501],[-123.16674154269913,45.758800090960037],[-123.16636132806018,45.758525056778566],[-123.16625816283799,45.758281546414302],[-123.16624747288611,45.758285132636615],[-123.16624999715205,45.758236578852177],[-123.16611142842622,45.757979688079175],[-123.1657816137663,45.757786246285839],[-123.16539982617729,45.757564435204195],[-123.16520304482441,45.757326596528117],[-123.16500361523806,45.7571117888711],[-123.16496997872056,45.757067368151468],[-123.16495238162247,45.75704412989738],[-123.1648691006091,45.756996540239271],[-123.16484768567103,45.756934674876561],[-123.1648738598835,45.756818080853591],[-123.16495476036133,45.756684831049121],[-123.16502614498538,45.756615826527458],[-123.1650482085071,45.756593763263673],[-123.16509514907393,45.756546822547236],[-123.16506421558715,45.756380260215693],[-123.16503187713522,45.75623493785757],[-123.16505817801011,45.756023773789167],[-123.1649549993132,45.755801538272323],[-123.16474546547654,45.755652639297679],[-123.16444497182751,45.755507684841341],[-123.1643827536126,45.755477671134571],[-123.16434890688933,45.755354620158329],[-123.16431167082249,45.755219244591657],[-123.16394732043145,45.75500885263294],[-123.16362842659041,45.754868347277494],[-123.16345603180257,45.754831846664779],[-123.16304863504145,45.754745587038315],[-123.16258614550223,45.754785640308405],[-123.16246276010133,45.754794632750325],[-123.16215725744625,45.754838964395823],[-123.16176464605638,45.75477471862947],[-123.16143866091451,45.754658125734544],[-123.16118405770175,45.754567705870706],[-123.16099608073696,45.7544891835025],[-123.16088861707615,45.754408842716678],[-123.16074948331,45.754312489279727],[-123.16061821339585,45.754221581214537],[-123.1600294548637,45.754087189466674],[-123.15959971161155,45.754162417997193],[-123.15929248149615,45.7542161989821],[-123.158757641644,45.754334708261908],[-123.15850536596614,45.75437336346576],[-123.1583563058161,45.754437192881468],[-123.15799272438295,45.754458132544286],[-123.15772432035244,45.75441815738737],[-123.15757774673914,45.754372470921489],[-123.15744259250967,45.754334400509428],[-123.1572864994493,45.754311557246858],[-123.15714563552791,45.754250642878993],[-123.15702951839596,45.754180210656152],[-123.15698763983573,45.754105971850578],[-123.15694183204444,45.754054615811171],[-123.15653398612567,45.753856168008923],[-123.15638468343049,45.753731325214183],[-123.15622525941704,45.753617111961169],[-123.15588023807595,45.753493379315231],[-123.15563753304913,45.753450549033431],[-123.15553997511095,45.753452928355131],[-123.15532582393374,45.753436272474467],[-123.15504028903079,45.753521933653907],[-123.15493774813773,45.753575893892808],[-123.15484863436323,45.753601794964482],[-123.15461674415413,45.753655182862545],[-123.15435262418923,45.753686116430146],[-123.15417957722447,45.753664485123146],[-123.15416226668894,45.753662321427868],[-123.15397191008699,45.753643285669455],[-123.15383628154707,45.753659942115092],[-123.15358881634754,45.753747981633545],[-123.15354062083425,45.753796887193836],[-123.15349283854596,45.753879640130485],[-123.15344961880101,45.754087055960397],[-123.15338418371911,45.754197105748062],[-123.15325747724656,45.754340468435537],[-123.15320393945228,45.754359503956138],[-123.15308079569819,45.754360793256737],[-123.1530171509586,45.754349986196651],[-123.15288628079477,45.754359503956138],[-123.15276492828136,45.754385677943084],[-123.15265071467948,45.754414231825166],[-123.15250556759082,45.754476097475013],[-123.15236993815259,45.754514168417195],[-123.15217720191345,45.754540343585141],[-123.15204157247524,45.754518927596536],[-123.15197494802385,45.754485615212992],[-123.15190886884989,45.754446656095723],[-123.15160254872787,45.754425823609076],[-123.15122085007208,45.754387175962989],[-123.15076964337287,45.754279595467224],[-123.15070012454967,45.754263019435342],[-123.15027625897442,45.754225321887716],[-123.1498496786904,45.754311793545746],[-123.14968012796874,45.754408304307219],[-123.1494712543938,45.75452719614475],[-123.14925687684115,45.754638419657205],[-123.14924349194342,45.754638323759252],[-123.14885994275812,45.754635569044659],[-123.1486642402819,45.754665859615834],[-123.14845756937608,45.754697848125957],[-123.14802390857098,45.754814022874477],[-123.14768356296098,45.754939909343612],[-123.14731247340868,45.754948288769519],[-123.1468156906835,45.754977234728038],[-123.14629387909788,45.755012652170592],[-123.14573724342198,45.755025214711495],[-123.14530112841955,45.755088244238785],[-123.14512728015755,45.755204158688748],[-123.14498107485349,45.755401361936329],[-123.14497171530653,45.755413985813632],[-123.14466833447214,45.755669779011718],[-123.14445418239664,45.75578875152226],[-123.14416864659536,45.755794699577038],[-123.1440848768985,45.755764399590227],[-123.14406871261325,45.755758552442394],[-123.14388906033622,45.755693572531328],[-123.1436689605152,45.755705470540839],[-123.14337747696844,45.755770906100601],[-123.1427885603328,45.756044543629287],[-123.14255656232584,45.756205157072174],[-123.1425263573727,45.756258017250211],[-123.14249365959468,45.756315239662086],[-123.14246138402484,45.756371719299594],[-123.14240784533223,45.756455001167033],[-123.1421758491219,45.756579922481571],[-123.14192005564139,45.756633460460321],[-123.14168805943106,45.756645357015948],[-123.14108724550778,45.756740536263827],[-123.14060855036085,45.756920682503605],[-123.14038312083524,45.757013461429075],[-123.14018447368151,45.757283883257472],[-123.14014689176329,45.757568407551112],[-123.14017893017791,45.758081853259036],[-123.14014854735836,45.758334775030036],[-123.13983445950413,45.758577480428514],[-123.1396515652072,45.758599428214694],[-123.13934505733734,45.758636209649019],[-123.13929907976444,45.758641726203997],[-123.13896357607383,45.758691694184044],[-123.13868517918412,45.758805908959282],[-123.13852813480784,45.758998645274801],[-123.13843533614404,45.759212796373461],[-123.1383335121066,45.759296438131578],[-123.13823546099333,45.759376979328579],[-123.13775005093967,45.759541161800591],[-123.13723608703637,45.759719622505031],[-123.1366155245499,45.759728172309572],[-123.13601040050989,45.759789056882745],[-123.13586824211619,45.75992497538752],[-123.13571921520381,45.76006746036272],[-123.13551372737921,45.760373486368024],[-123.13527151912072,45.760615326803759],[-123.13518680259953,45.76067731656245],[-123.1350581665458,45.76081726769047],[-123.13494395294396,45.760942189266558],[-123.13486532071217,45.761018110473451],[-123.13481831726324,45.761057434135992],[-123.13479618816454,45.761089556858693],[-123.13479761558752,45.761118111070765],[-123.13481117924999,45.761139525780202],[-123.13481688894194,45.761173076101791],[-123.13483041307855,45.761240844756877],[-123.13483330834872,45.761327662140992],[-123.13474050878661,45.761402615186576],[-123.134529926616,45.761466860216004],[-123.13426937565774,45.761456152925106],[-123.13414445413771,45.76139190725668],[-123.13409400475135,45.761361198561872],[-123.13406236249378,45.761341938561252],[-123.13395992221204,45.761349822552916],[-123.13388378370351,45.761371285429917],[-123.13376481082727,45.76142482382523],[-123.13362501679939,45.761406977072461],[-123.13350084447431,45.761352652141113],[-123.13348224934794,45.761344516839728],[-123.13335137828575,45.761308825157222],[-123.13327404591618,45.761329645046985],[-123.13324121069593,45.761365937729309],[-123.1332175346983,45.761392106549792],[-123.13312533071922,45.761433746886105],[-123.13304903320888,45.761439196733562],[-123.13295638905532,45.761432794917532],[-123.13292519146383,45.761420939491906],[-123.13288500443129,45.761405668506761],[-123.1327864951772,45.761391391476096],[-123.13262516673534,45.761414234347335],[-123.13255521222922,45.761435650196496],[-123.13247616497577,45.761500814566531],[-123.13241446598714,45.761525951138395],[-123.13230441607662,45.761576514412866],[-123.13206349600225,45.761624103298331],[-123.13198318931079,45.761671692769966],[-123.13187016507838,45.761653846722837],[-123.13179878045433,45.761570565720966],[-123.13171549944096,45.761451593003642],[-123.1316351927495,45.761404003344268],[-123.13150432168734,45.761335593764578],[-123.13136452945609,45.76129990207636],[-123.13118716518809,45.761274212645162],[-123.13108881134258,45.761282517794946],[-123.13069102116509,45.761261892794195],[-123.13049388407936,45.76117390962655],[-123.13042963836688,45.761123940735835],[-123.13031542386669,45.761081110670119],[-123.13009413467626,45.761013296071042],[-123.12990853645036,45.760920497474189],[-123.12963370856725,45.760849112917114],[-123.12942669540328,45.760784867803132],[-123.12910546863748,45.760652807577898],[-123.12899125413732,45.760567147316976],[-123.12886276361064,45.760545731761177],[-123.12879851699982,45.76064566928008],[-123.12881923215029,45.760678091810036],[-123.12888060864374,45.760774159754682],[-123.12886990162387,45.761041849695424],[-123.12885093100172,45.761075193260979],[-123.12875211811709,45.761248862878688],[-123.12865574954837,45.76144516800089],[-123.12854510495313,45.761616490082112],[-123.12844942718884,45.761840002848487],[-123.12841253338014,45.762016773508321],[-123.1284035268711,45.762318430767763],[-123.12838211283133,45.762589689217812],[-123.12829288227586,45.76283596329138],[-123.12829645218081,45.762957316359937],[-123.12830358929573,45.76309651412916],[-123.12817153066075,45.763228574837107],[-123.12799307134644,45.763310666420146],[-123.12788242495454,45.763349926424979],[-123.12768304926715,45.76340573841577],[-123.12760391128386,45.763547329624529],[-123.12727858999702,45.764003771557384],[-123.12713775931329,45.764432440596295],[-123.12699369020295,45.764790262002158],[-123.12685339491512,45.765230738256371],[-123.1267807652261,45.765546418484178],[-123.12679834345958,45.76565062776055],[-123.12686306527917,45.765726770664159],[-123.12692397824195,45.765785781248958],[-123.12694491797123,45.765877153000787],[-123.12688781117029,45.765934260269646],[-123.12681357259858,45.765993270634951],[-123.12673933312855,45.766031341239284],[-123.12661560007965,45.76604657085236],[-123.12652042267699,45.766057991649447],[-123.12633808892882,45.766137218390966],[-123.12631079182228,45.766157691818982],[-123.12623876669943,45.766248134261375],[-123.12611605144171,45.7664022042906],[-123.12592548463398,45.766728995877955],[-123.12580816016632,45.766920252885491],[-123.1257811235712,45.767053082207411],[-123.12574400518366,45.767118756370436],[-123.12569118065167,45.767155874962334],[-123.12565190451082,45.767157229138135],[-123.12556697239398,45.767160158694651],[-123.12547131798591,45.767210127192151],[-123.12545846938239,45.76726295125227],[-123.12545846938239,45.767340045702817],[-123.12544867594917,45.767409578378953],[-123.12544419245758,45.767441410443162],[-123.12541421118497,45.76749566239527],[-123.12536851658142,45.767519548001104],[-123.12530465444956,45.767621513361021],[-123.12528524455121,45.767658893552834],[-123.12525788096934,45.767687446909243],[-123.12522052362991,45.767729325055235],[-123.12521148118827,45.76782878662263],[-123.12523860671661,45.767905881544429],[-123.12521719267684,45.767975837746448],[-123.12515580181035,45.768052932464961],[-123.12506012404607,45.768130990837243],[-123.12500730939558,45.76825657405152],[-123.12487258635744,45.769004235425484],[-123.12461158534325,45.769760632428259],[-123.12440700930864,45.770273460891403],[-123.12409167818603,45.770765126153762],[-123.12399029342474,45.771133806620092],[-123.12359216817568,45.771107254504528],[-123.12312736277966,45.77109992267215],[-123.12274961581282,45.771149739136554],[-123.12240768916789,45.771429238859902],[-123.12238288219132,45.77145309333131],[-123.12218117357909,45.771647059192681],[-123.12224311241793,45.771893887915333],[-123.12247431990745,45.772148752778179],[-123.1227091143699,45.772297159722356],[-123.12286349074979,45.772328553520715],[-123.12307565844687,45.772371700775388],[-123.12304111103765,45.772427259998878],[-123.12300485233783,45.772485572373959],[-123.12279278255716,45.772649881060445],[-123.12290345679679,45.77285425149288],[-123.12301417056229,45.772898262392836],[-123.12349434433617,45.773044684853005],[-123.12360144867084,45.773100220222773],[-123.12375132538949,45.773177935060538],[-123.12389409284096,45.773268354841917],[-123.12390837066408,45.773344497372229],[-123.12388457519053,45.773392086244243],[-123.12384174531444,45.77348726511962],[-123.12384174531444,45.773587201385453],[-123.12379415616392,45.773658585933994],[-123.12362759413719,45.773734728558097],[-123.12339916513687,45.773810871704825],[-123.12332656329559,45.773830899332651],[-123.12312314878267,45.773887014121009],[-123.12305710284635,45.77390862443044],[-123.12286782422272,45.773970556185006],[-123.12258859010318,45.77409645519802],[-123.12237050071178,45.774314085290392],[-123.12207243700554,45.774444856294956],[-123.12175978825238,45.77464088315562],[-123.12166191500553,45.774702247688282],[-123.12154363293376,45.775071303123234],[-123.12147484983078,45.775293795838635],[-123.12144471045468,45.775391286572962],[-123.12129527570715,45.775545944738745],[-123.12112871457876,45.775739276084423],[-123.12102163809185,45.775822557236829],[-123.12090538531429,45.775839164456464],[-123.12089671657179,45.775840403137082],[-123.12070041132601,45.775849325771837],[-123.12053087497739,45.775950453251433],[-123.12052492543526,45.776054555374742],[-123.12063497534578,45.776128913467645],[-123.12073438471175,45.776185718898809],[-123.1208343097107,45.776242818746383],[-123.12092645979085,45.776295475110786],[-123.12110194478329,45.776328192417246],[-123.12131312163861,45.776319269859108],[-123.12150050481698,45.776381731495142],[-123.121562965577,45.776470960044712],[-123.121562965577,45.776551267810184],[-123.12159270969435,45.776753521919709],[-123.12161352904938,45.77689628971136],[-123.12160163266007,45.777089620761203],[-123.12156891422082,45.777190747871167],[-123.12154026065819,45.777260215638698],[-123.12143328568089,45.777327566905221],[-123.1212000983045,45.777403709532038],[-123.12102877700339,45.777579789937285],[-123.12103829465381,45.777884360322687],[-123.12119533903012,45.778212726117467],[-123.12130804795386,45.778347525257978],[-123.1213349758528,45.77845640009231],[-123.12139997345521,45.778498261381387],[-123.12150466940663,45.778593439686631],[-123.12147135628261,45.778674341462882],[-123.12143804405696,45.77886945754458],[-123.12130003587984,45.778926564668218],[-123.1212647805982,45.778951136420069],[-123.12114299060524,45.779036019772889],[-123.12108112542828,45.779174028403759],[-123.12110492000352,45.77934534991649],[-123.12114775077795,45.779426251228287],[-123.12123341053018,45.779526188754751],[-123.12135053916514,45.779621451136293],[-123.12132383045511,45.779868831595763],[-123.12130479425592,45.779973527216541],[-123.12122389287974,45.78008298214548],[-123.12114775077795,45.780335205243802],[-123.12102401862734,45.78042562532378],[-123.12095263490161,45.78045893788191],[-123.12090616145869,45.780588506647234],[-123.12073893378036,45.780756826057669],[-123.1206966087574,45.780946282675835],[-123.12070398123097,45.781106151584702],[-123.12068970340783,45.78118824191705],[-123.1206425535335,45.78118824191705],[-123.12062082149016,45.78118824191705],[-123.12056835179271,45.78118824191705],[-123.12030423182783,45.781073433949196],[-123.12016384311524,45.781056777542965],[-123.12004011096462,45.781068674529038],[-123.11997110687609,45.781085330305217],[-123.11986403038915,45.781082951535431],[-123.11973078148642,45.781066295131993],[-123.11959039277386,45.781021085943102],[-123.11938576014535,45.780952080823809],[-123.11917675272149,45.780881348389187],[-123.11908171725261,45.780849186944245],[-123.1188986989882,45.780780196021482],[-123.11869374745783,45.78056777726885],[-123.11853629165316,45.780425030780904],[-123.11851158798282,45.780397936159382],[-123.11842564705793,45.780303677497187],[-123.11837210836529,45.780214448189199],[-123.1183671541565,45.780191656871189],[-123.11835426243388,45.780132356423046],[-123.11838281538517,45.780011004381869],[-123.11838638529011,45.779950327322439],[-123.11835426243388,45.77988608290547],[-123.11828287960644,45.779857528276096],[-123.11804346331185,45.779823875168695],[-123.1176588936404,45.779812156469809],[-123.11749286251802,45.779771444544195],[-123.11736785026814,45.77980319249361],[-123.11708720938687,45.779874463206696],[-123.11702896531878,45.779891822272724],[-123.11681070614578,45.779956871734697],[-123.11666793869431,45.779964010067438],[-123.11663213184708,45.779965715398355],[-123.11644307870058,45.779974717564862],[-123.1161896666539,45.780053240402772],[-123.11601477544784,45.78007822452021],[-123.11578991725077,45.780206715343311],[-123.11570562293775,45.780326131715007],[-123.11570425749854,45.780328067585046],[-123.11551865927261,45.78042443623805],[-123.11532235312853,45.780460127593365],[-123.11526324577947,45.78046156978175],[-123.11517601667045,45.780463696727651],[-123.11505109425207,45.780495819552328],[-123.11504231861007,45.78050117043103],[-123.11490475779397,45.780585049663074],[-123.1147869742872,45.780649294527628],[-123.11459733723578,45.78076104672288],[-123.11448585091914,45.780782332352551],[-123.11431524647361,45.780830729313735],[-123.11417485776101,45.780852143347133],[-123.1140225726591,45.780914010379917],[-123.11387266629605,45.780961599057207],[-123.11380842058357,45.780987773720845],[-123.11367517168085,45.780947322646242],[-123.11359902868075,45.780928287425901],[-123.11346339834422,45.780930666828795],[-123.11336584130434,45.780952081450302],[-123.11323497024219,45.780940184439352],[-123.11313503266682,45.780928287425901],[-123.11305175255178,45.780899733330223],[-123.11296609100292,45.780852143973632],[-123.11285425703824,45.78083548750125],[-123.11276347329563,45.780790051962327],[-123.11275051150439,45.780727936701709],[-123.11275051150439,45.780682727238457],[-123.11272464271917,45.780638044617987],[-123.11269816397785,45.780592307575418],[-123.11261964223887,45.780518543711246],[-123.11246735623864,45.780447160426064],[-123.11233172769873,45.780406709585705],[-123.11227224126063,45.780359119808296],[-123.1121794416985,45.780302012272351],[-123.11207236610989,45.780275838539787],[-123.11196528962297,45.780244906557428],[-123.11182014253431,45.780247285362975],[-123.11169307943061,45.780238243771208],[-123.11164358675006,45.780251568716345],[-123.1116036117199,45.780251568716345],[-123.11155031197916,45.780278218597033],[-123.11151224047909,45.780329615028037],[-123.11144180806924,45.78038101141167],[-123.11133140152756,45.780390529116055],[-123.11125335499737,45.780394335696194],[-123.11112962284676,45.780413372351795],[-123.11101445703071,45.780390291048199],[-123.11100589069618,45.780367447803009],[-123.11095021131823,45.780337466890948],[-123.11086597898897,45.780328901450098],[-123.1108031615978,45.780330328605977],[-123.11072463896049,45.780304630396742],[-123.11067038790384,45.780270366099309],[-123.11061899079486,45.780301775457076],[-123.11056902200721,45.780318907598776],[-123.11054510975264,45.780322833844359],[-123.11047336759911,45.780334611952966],[-123.11036914685647,45.780340321828746],[-123.11022352366071,45.78035174408457],[-123.11014500192172,45.780357454585101],[-123.11006219701548,45.780361737930008],[-123.10997653636491,45.780368876210915],[-123.10990658006217,45.780373158928434],[-123.1098080708081,45.780370303365771],[-123.10974276777854,45.780364018997368],[-123.10953942602913,45.780391885476504],[-123.10946928108018,45.780426907757089],[-123.1094123656204,45.780433002290685],[-123.10932813329116,45.780450135018569],[-123.10921677363696,45.780492965248996],[-123.10914967397683,45.780541505301656],[-123.10908685568732,45.780575770058967],[-123.10904830808016,45.780595757667733],[-123.10903688779796,45.780620028594356],[-123.10903746361804,45.780642509623895],[-123.10903831432263,45.780675707404512],[-123.10903260373235,45.78071710968922],[-123.10904402491289,45.780784210569671],[-123.10904688155549,45.780819902321163],[-123.10904688155549,45.7808627335205],[-123.1090283205651,45.780934116900177],[-123.10902974888639,45.780992651554115],[-123.10899262870221,45.781079740164664],[-123.10902951083283,45.781190860626332],[-123.10905628062831,45.781312809018367],[-123.10905768020351,45.781345721349815],[-123.1090622283738,45.781452601247878],[-123.10905925405189,45.781535882638096],[-123.10909197159286,45.781642958886458],[-123.10919607285956,45.781750033676197],[-123.10933884120934,45.781830341356404],[-123.10941022493509,45.781898750235044],[-123.10941914790079,45.78204449188992],[-123.10935073759865,45.782133722028071],[-123.10925555929767,45.782193208916297],[-123.10894325549759,45.782187259917066],[-123.10875884664108,45.782193208916297],[-123.10858336164868,45.782234849387031],[-123.10843167123146,45.782315156995381],[-123.10831864699905,45.782282438816374],[-123.10825630571496,45.782256978940346],[-123.10822779678109,45.782267536896768],[-123.10809569143376,45.782316465070579],[-123.1079112834756,45.78223913321419],[-123.10776851602411,45.782114211091731],[-123.10774271281589,45.782096665401532],[-123.1076197990305,45.782013084140388],[-123.1074591856476,45.782060673759034],[-123.10737127112401,45.782152104050247],[-123.10731046865399,45.78221533848609],[-123.10726556277126,45.782240114271936],[-123.10713795798348,45.782310516084557],[-123.10701840299893,45.782397398406736],[-123.10686560585732,45.782508437306902],[-123.10679888528624,45.782572257087999],[-123.10673099331198,45.782628832932083],[-123.10665611783475,45.782691229865158],[-123.1064836062659,45.782828049811229],[-123.10613858402652,45.783196866660681],[-123.10590468877766,45.783470212431446],[-123.10576128531899,45.783723706949296],[-123.10569496359987,45.783955467363192],[-123.10558788890957,45.784133928270592],[-123.10545225857304,45.784241003287946],[-123.10520241553294,45.784315956241514],[-123.10493115755482,45.784351647611423],[-123.10477775225374,45.78435397299355],[-123.10469559054124,45.784355217749521],[-123.10442790067141,45.784365925030031],[-123.10416021169986,45.784373063424745],[-123.10392821369292,45.784344510466902],[-123.10374618537196,45.784287403254375],[-123.10365196557338,45.78422262696607],[-123.10363197087177,45.784208880115237],[-123.10348206540706,45.784166050233615],[-123.10328575926296,45.784169619757087],[-123.10319652960581,45.784198172804508],[-123.103207237524,45.784305248951348],[-123.10332502103078,45.784419462654839],[-123.10341489118676,45.784527307654756],[-123.10343209661939,45.784547954122786],[-123.10347288192992,45.784613640887017],[-123.10358128882179,45.784788236401134],[-123.10359951114734,45.784814381704692],[-123.10349448910745,45.785106291657421],[-123.10343834260557,45.785336176403618],[-123.10343468197075,45.78535116395156],[-123.10341612098038,45.785427158431553],[-123.1035128192308,45.785696861824341],[-123.10355770175735,45.785777321054198],[-123.10361174620149,45.785987528074514],[-123.10356118272908,45.786109475371099],[-123.10358795162624,45.786198705267417],[-123.10368312902891,45.786293883582552],[-123.10380805144725,45.78635336979039],[-123.10398965666172,45.78646133758712],[-123.10400534034829,45.786489541794417],[-123.10410603340679,45.786670628075697],[-123.10413669560236,45.787160458698523],[-123.10415309883946,45.787280734654253],[-123.10418731836359,45.787531650437479],[-123.10419163207359,45.787543618705911],[-123.10429719400094,45.787836584903168],[-123.1043117332338,45.787876933885585],[-123.10355680613702,45.787971148423452],[-123.10341731304474,45.787931603192867],[-123.10303480949845,45.787823167182793],[-123.10280442756068,45.787585978688057],[-123.10195106307509,45.787208953481944],[-123.10148002696428,45.786981372289524],[-123.10130738244476,45.786952847603708],[-123.10115033717017,45.786943329766736],[-123.10102184664349,45.786936191074723],[-123.1009480832806,45.78691001732453],[-123.10093504333592,45.786888125779107],[-123.10092838142975,45.786871945311233],[-123.10092457347127,45.786839584987788],[-123.10091315318907,45.786831018040189],[-123.10085985344833,45.786834825433409],[-123.10080274574908,45.786851005912048],[-123.10075896365875,45.786861475299403],[-123.10073502804802,45.786863513049262],[-123.10060506877586,45.7868247982951],[-123.10052863202665,45.786778194347526],[-123.10047152522574,45.786719184048323],[-123.10041061046633,45.786702051367655],[-123.10037634692473,45.786677305753805],[-123.10030781714666,45.786654463205295],[-123.10024499975547,45.786660173686698],[-123.1001955070749,45.786677305753805],[-123.10008272089601,45.786638758125562],[-123.1000241857738,45.786613060318381],[-123.09997992757637,45.786591645365576],[-123.0999028341587,45.786591645365576],[-123.09986571397452,45.786581651384047],[-123.0998243115214,45.786573085023186],[-123.09971674096107,45.78655522439157],[-123.09967099784849,45.786544771233793],[-123.09922168749281,45.786442089385183],[-123.09883896835088,45.78653963830471],[-123.09883038854157,45.786540334263279],[-123.09861886852985,45.786557483907139],[-123.09837794755715,45.786611021932934],[-123.09823518100401,45.786625893249621],[-123.09811323290756,45.786667534168096],[-123.09802697757229,45.786774609956922],[-123.09798533706561,45.786902505907584],[-123.09794072223703,45.787024453081841],[-123.09789313308653,45.787131528811457],[-123.09787231193489,45.787238604961814],[-123.09791395244154,45.787321886478694],[-123.09794964520275,45.787402192396861],[-123.09797938842181,45.787509268653679],[-123.09799723435323,45.787675831380668],[-123.09799786227562,45.787706052020901],[-123.09792583535614,45.787859585449112],[-123.09792024963168,45.788228641498151],[-123.09791948336876,45.788279318376496],[-123.09780801501842,45.788429530910442],[-123.09730558817833,45.788353383295814],[-123.09722962753619,45.788341870597812],[-123.0966111841755,45.788302373237073],[-123.09575404946064,45.788214965792683],[-123.09527249587448,45.78821379942373],[-123.09480605464636,45.788360040727405],[-123.09438944296703,45.788487449457023],[-123.09433272783157,45.78851464726209],[-123.09376932155335,45.788784828693849],[-123.09332214739146,45.788983825632918],[-123.09289398247925,45.789229678741435],[-123.09230440378526,45.789455458019027],[-123.09191869145677,45.789706278823878],[-123.09143010765519,45.789923911883598],[-123.09087898224524,45.790066097864255],[-123.09030937848988,45.790173231015906],[-123.09006763196547,45.790178568438073],[-123.08966799754671,45.790187389183252],[-123.08925713867846,45.79025555604521],[-123.08885328756776,45.790333070960209],[-123.08880488005202,45.790342361467872],[-123.0884857858867,45.790384860259117],[-123.08817227924241,45.790551339854069],[-123.08776647070273,45.790731673187274],[-123.08725752478861,45.790872911278584],[-123.08674804617353,45.791002339961715],[-123.08640416030299,45.791057197874224],[-123.0857867580897,45.791041258518078],[-123.0854663784352,45.790987073316984],[-123.08519939104792,45.79094191789855],[-123.08474207131317,45.790916535889636],[-123.0846025836108,45.790941882821521],[-123.08431874023553,45.79099346171899],[-123.08429797477942,45.790997235003623],[-123.08428370953273,45.791005746189896],[-123.08392776827108,45.791218137699587],[-123.08355649636076,45.791415424728818],[-123.08351092392809,45.791432639894424],[-123.08319100510931,45.791553486023069],[-123.0826216376109,45.791666486008062],[-123.08195996462375,45.79179333284555],[-123.0812613448273,45.791850072834777],[-123.08080667422435,45.791883713045536],[-123.08038130037772,45.792005354304671],[-123.08020910321925,45.792083401700197],[-123.07998389557751,45.79218547498126],[-123.07961207389825,45.792370941683366],[-123.07918329453842,45.79260493543854],[-123.07873391950406,45.792756645831837],[-123.07826235877712,45.79279064815502],[-123.07793096218398,45.792718225173559],[-123.07764807910773,45.792656401931829],[-123.07736586258146,45.792579866739331],[-123.07694043753088,45.7925123854506],[-123.07656568824211,45.792632899147961],[-123.07626901422965,45.792798975545381],[-123.07596942428579,45.792900108611484],[-123.07574794555079,45.793235912819085],[-123.07569684937744,45.793603435050855],[-123.075669746307,45.793940882926911],[-123.07552130779113,45.794210076624957],[-123.07518613018895,45.79445972983774],[-123.07504947038309,45.794590240013967],[-123.0748902862198,45.794811836850727],[-123.07480105746095,45.794990296197525],[-123.07471777554927,45.795139013135923],[-123.07461069996066,45.795162807984589],[-123.07450957301587,45.794972450789615],[-123.07446793161088,45.794728555877199],[-123.07439516178464,45.794530274681151],[-123.07422897435542,45.794402952419759],[-123.07408020795447,45.794288977763706],[-123.0736636861067,45.793854889212426],[-123.07339520212615,45.793524096377787],[-123.07316874582617,45.793440077521147],[-123.07300218379943,45.793330622509693],[-123.07289748784801,45.79325447971177],[-123.07282610322396,45.793178337436132],[-123.07281658557355,45.793102194430148],[-123.07281182629917,45.793016533893812],[-123.07284989779922,45.792911838339094],[-123.07289272857365,45.792783346733152],[-123.07287845075054,45.792678650740378],[-123.07282610322396,45.792602507678019],[-123.07270237107335,45.792521606069222],[-123.07235687003194,45.792448332769105],[-123.07227383156371,45.792437496758303],[-123.07178169043361,45.792389186915386],[-123.07158609665356,45.792342437293662],[-123.07126079243463,45.792264682145124],[-123.07088178513145,45.792101606939099],[-123.07073812565289,45.79193387924532],[-123.07068577722804,45.791791111124233],[-123.07062391205105,45.791615032380683],[-123.07057156272785,45.791429432878083],[-123.07063818807755,45.791372326659946],[-123.07070481252892,45.791196246593351],[-123.07078264346343,45.791050085390445],[-123.07082153332871,45.790944630106011],[-123.07090535961946,45.790552754847027],[-123.0707560748906,45.790426012297338],[-123.07049374796303,45.79038094035959],[-123.07039001231063,45.790363116651868],[-123.06988392034415,45.790380112282321],[-123.06958527632628,45.790453854955693],[-123.06923430634139,45.790602570845834],[-123.06882384902009,45.790775082434941],[-123.06856210869239,45.790858363679028],[-123.06844855714891,45.790888089635509],[-123.06835247604107,45.790892331456831],[-123.06783397564561,45.79082094454207],[-123.0673407942664,45.790749003191252],[-123.06714130179799,45.790704192714529],[-123.06683732987216,45.790635915532121],[-123.06647983542337,45.790651818674242],[-123.06625165076478,45.790652539636589],[-123.06617074938863,45.790733442079379],[-123.06606605253889,45.790880967734473],[-123.0658947321361,45.791095119831027],[-123.06573768686151,45.791261682491118],[-123.0655568488083,45.79148059290933],[-123.06543324332016,45.791690306767741],[-123.06536677876889,45.791755457714935],[-123.06510726536479,45.79199751786512],[-123.06464572444654,45.792066704737977],[-123.06427253642973,45.792222602570405],[-123.06402140700217,45.792405448461153],[-123.06390435382571,45.792490673364867],[-123.06366962134702,45.792720370442524],[-123.06357781801655,45.792828995479887],[-123.06346099660543,45.792967223640552],[-123.0633296467412,45.793241938306629],[-123.06306115018425,45.793472370751552],[-123.06252469156796,45.793566823864708],[-123.06212135609022,45.793500228799452],[-123.06171533195484,45.793433189574017],[-123.0616395752303,45.793420680152863],[-123.06127192442892,45.79332233340606],[-123.06057012100308,45.793118993803731],[-123.06021565118186,45.793126729243056],[-123.06001704624894,45.793219707260775],[-123.0595995326611,45.793329280243718],[-123.05884968733388,45.793564292798948],[-123.0584524684849,45.79375024408747],[-123.05789646791791,45.793975113768617],[-123.05775056444779,45.79397126364551],[-123.05740590243282,45.793962169161432],[-123.05676184271346,45.793917107599427],[-123.05639603615336,45.793860073454297],[-123.05631576000462,45.79387276692168],[-123.05587591789205,45.793942319129478],[-123.0557052281066,45.793836954500208],[-123.05558925560344,45.793765365289801],[-123.05533369568488,45.793717744324354],[-123.05484920820101,45.793651469501953],[-123.05422124539322,45.793588316310021],[-123.05372434498875,45.793622770347362],[-123.05338960396782,45.793761461286621],[-123.0533178815772,45.7937911769259],[-123.05276081111671,45.793992405809909],[-123.05236278198736,45.794160624622251],[-123.05199352409994,45.794215934148312],[-123.05186257668096,45.794186395363226],[-123.05151564103002,45.794108134199028],[-123.0510480355853,45.79404147589382],[-123.05066194506607,45.793908039412869],[-123.05018065648292,45.793723483520324],[-123.0497779516225,45.793596314749514],[-123.04917059616734,45.793426313526609],[-123.04871935443384,45.793347471922345],[-123.04832818573831,45.793480069813718],[-123.04814009648412,45.793620076434244],[-123.04786603396566,45.793726491853427],[-123.04784676061124,45.793737615732041],[-123.04781263541022,45.793757312382581],[-123.04761068874446,45.793873871790588],[-123.04764409529324,45.793888723005651],[-123.04776448840595,45.793902185615238],[-123.04795960338397,45.79394739625873],[-123.0480833364329,45.79398070825313],[-123.04821658623393,45.794054471216178],[-123.04830700526054,45.794104440043874],[-123.04833793784903,45.794156787665123],[-123.04844501433597,45.794235310570635],[-123.04856160667667,45.794325729401471],[-123.04867106280078,45.794418529418188],[-123.04876413006087,45.794527829467121],[-123.048929194596,45.794648938834484],[-123.0489477798409,45.794667875419819],[-123.04900204616891,45.794742135408178],[-123.0490353583946,45.794801621995028],[-123.04906629188139,45.794882524052049],[-123.04912339868233,45.795003876291055],[-123.04915195253193,45.795125228265761],[-123.04920430005851,45.795206130479336],[-123.04932565347023,45.795308446692829],[-123.04953266573588,45.795372692753546],[-123.04969446938655,45.795446456379437],[-123.04983435144932,45.795489198050596],[-123.04995307279727,45.795637236602346],[-123.05001022092068,45.795972842684648],[-123.05009750482695,45.79637419794075],[-123.05020843328982,45.796669498959403],[-123.0501867317892,45.796731504389889],[-123.05012515227648,45.796907444838162],[-123.05001212804405,45.797097802312749],[-123.04996169572567,45.797287682519297],[-123.04997643618118,45.797567745170078],[-123.05005376855071,45.797698615705549],[-123.05021438193364,45.797793793799023],[-123.0504463799406,45.79793656157392],[-123.05063781541921,45.798040609493242],[-123.05072812664798,45.798250167771201],[-123.05067529313287,45.798582255277054],[-123.05065202047879,45.798819145835651],[-123.05053590424519,45.799058053276319],[-123.05049496352609,45.799277598182123],[-123.05065157132114,45.799569674135171],[-123.05084063075584,45.799831496931311],[-123.05113675499938,45.800221003520157],[-123.05132964215551,45.800471091990246],[-123.05139675708702,45.800558107584322],[-123.05156520916908,45.800660689528321],[-123.05175280524819,45.800774930466815],[-123.05182636738849,45.800909251072454],[-123.05177456603761,45.80108397841186],[-123.05174320495273,45.801189759579891],[-123.05173819684502,45.801206647949471],[-123.05153233352462,45.801707530728166],[-123.05138533500816,45.802012115842523],[-123.05145461218457,45.802430190974846],[-123.05188502468158,45.802799045959041],[-123.05200709494892,45.803074143010143],[-123.05167491322823,45.803394574443821],[-123.05121873165895,45.803776796220845],[-123.05085907227033,45.804239653356476],[-123.05063819001667,45.804593119470823],[-123.05048929605499,45.805045482563067],[-123.05052847517777,45.805546946395438],[-123.05059197888183,45.805835135796308],[-123.05060745685419,45.806183464424727],[-123.05056033842089,45.806834542409327],[-123.05045810564999,45.807386354078659],[-123.05042004672636,45.807670840081556],[-123.05053258317358,45.808111611958665],[-123.05098148928737,45.808515525381296],[-123.05106612765512,45.808708702944259],[-123.05106110876761,45.8087716956055],[-123.0510444279511,45.80898101439908],[-123.05110963126768,45.809210408063052],[-123.05111454415398,45.809227691619434],[-123.05111445252581,45.809605905986437],[-123.05109249231039,45.809872313346567],[-123.05130713306943,45.810328594644361],[-123.05147908408954,45.810584876751854],[-123.05160851874557,45.811025279934924],[-123.05168415060427,45.811395938289579],[-123.05168091307598,45.811703304981066],[-123.05146158311116,45.812092194473514],[-123.05121844868964,45.812706163361028],[-123.0508394404881,45.813305357083614],[-123.05056047226988,45.813683719701046],[-123.05001474034486,45.814144703204761],[-123.04985663775319,45.814390429031384],[-123.04963193945626,45.814840152408735],[-123.04962380610966,45.814856431194634],[-123.04963785126911,45.814907004343198],[-123.04974453159902,45.815291114967124],[-123.04987029034889,45.815648865468077],[-123.05009128758688,45.816057731102219],[-123.05013125902377,45.816576902985922],[-123.05010714195332,45.816985184557552],[-123.0500439580495,45.817465229219586],[-123.0499509824176,45.817845458698741],[-123.04974105961044,45.818446881642977],[-123.04953149433273,45.818675995285275],[-123.04905220539943,45.819111890092145],[-123.04857086651062,45.819311445482484],[-123.04825813511245,45.819501430910343],[-123.04823252773696,45.819582285833263],[-123.04853273662007,45.819785034905436],[-123.04868440637603,45.819964936815182],[-123.04913470577681,45.820398374322721],[-123.04924422208805,45.820537602744203],[-123.04935865128554,45.820683077460437],[-123.04975782217365,45.820916698146185],[-123.05020211274348,45.820982737700547],[-123.05020875758164,45.820983726214855],[-123.05025373532959,45.821000784500171],[-123.05062141038552,45.821140227397834],[-123.05099079673199,45.821274029372049],[-123.05119958496697,45.821353211462188],[-123.05123517621853,45.821552713745312],[-123.05109240786875,45.821781142252348],[-123.05063555166471,45.822123784507639],[-123.05044995433711,45.822552086865443],[-123.05040712356268,45.823237372298216],[-123.05039317811621,45.823568513943435],[-123.05028560396264,45.823854079782819],[-123.05028335727609,45.823876940261215],[-123.05026232232539,45.824090966167823],[-123.05022346300285,45.82435773805566],[-123.05016745214657,45.824618973597374],[-123.05005600266082,45.824964144302605],[-123.04995399446877,45.825078674686722],[-123.04976616842094,45.825289553504774],[-123.04973286517841,45.825491199461347],[-123.04973143326384,45.825499121332371],[-123.0496718156717,45.825829367513357],[-123.04936671097029,45.82600145892431],[-123.04892465271391,45.82613515719644],[-123.04873625533759,45.826190803056107],[-123.04855754629159,45.82624358813603],[-123.04822552806426,45.826380803820214],[-123.04828217223282,45.826704596614505],[-123.04826228892233,45.827018231158071],[-123.04829533794162,45.827397273669042],[-123.04829674560166,45.827413418582985],[-123.04821695993307,45.827710625130564],[-123.04822966480613,45.827770836433139],[-123.04816682675371,45.827914112655712],[-123.04787030096327,45.828077519961163],[-123.04766977812723,45.828189618981916],[-123.04756098855306,45.828250435692198],[-123.04753093002532,45.828379810725345],[-123.04748336512932,45.828584528305043],[-123.04745658814736,45.828768281423201],[-123.04742985518283,45.82895172283834],[-123.04742262194817,45.829001357407797],[-123.04741309261964,45.829017871165696],[-123.04728771026384,45.829235122834149],[-123.04709705811614,45.829700937543429],[-123.04693698102746,45.829962949210405],[-123.04657150325075,45.830358686579771],[-123.04648081203462,45.830495969109592],[-123.04639822631729,45.83062098370408],[-123.04638452521259,45.83090752110774],[-123.04650483029036,45.831237320215457],[-123.04663087021292,45.831696263744064],[-123.0465835793031,45.831935033935267],[-123.04654454391078,45.832132112943917],[-123.04649698709964,45.832548653223952],[-123.04642508414764,45.833011889021876],[-123.04647408904302,45.833223197197121],[-123.04649325819288,45.833280833843411],[-123.04658079452572,45.833544057919497],[-123.04656208710995,45.834015374456023],[-123.04630051656383,45.834371919985927],[-123.04629022187068,45.834386086950154],[-123.04601418485521,45.834765936747701],[-123.04598974169635,45.835108106655404],[-123.04607373776867,45.83551256092651],[-123.04606721060982,45.835602940926819],[-123.04604101034624,45.835965714328893],[-123.04571958056117,45.836462058694849],[-123.04550873608248,45.836771336092006],[-123.04510443042429,45.837186373391233],[-123.04507087655179,45.837621075593972],[-123.0451466844803,45.837841037401027],[-123.0453874114169,45.838205158050251],[-123.04573536126576,45.838603890286883],[-123.04565853195277,45.838956428604313],[-123.04545750156859,45.839487095614452],[-123.04544729041878,45.839493427762818],[-123.04507179642663,45.839726292363054],[-123.04494258095954,45.840089199094727],[-123.04491403519474,45.840339121696694],[-123.04471227807352,45.84055586544163],[-123.0439492436813,45.840627798174346],[-123.04484865670669,45.840949949812519],[-123.04519794863862,45.841080881133415],[-123.04562929718016,45.841274668535384],[-123.04598063816925,45.841451721785297],[-123.04662266140785,45.841927174864139],[-123.04601963044249,45.842032585585585],[-123.04577500032599,45.842176390817556],[-123.04533638441379,45.842712207438659],[-123.04487044175065,45.843525615786888],[-123.04480014857967,45.844025746891703],[-123.04486972309842,45.844402810644333],[-123.04475190994721,45.844659868945968],[-123.04473722069569,45.844691919095901],[-123.04393535213373,45.844783159639611],[-123.04353272542676,45.844939615813523],[-123.04298449708359,45.845089989091932],[-123.04256948440549,45.84526517668391],[-123.04238507285406,45.845388601201009],[-123.04218454732309,45.845522812959601],[-123.04186355950912,45.845732896573409],[-123.04175537360284,45.845869359605508],[-123.04169471127003,45.846096654576108],[-123.04153783308205,45.846432453487161],[-123.04090413453119,45.846741634791755],[-123.04063920248926,45.847024370387956],[-123.04065227746824,45.847319556813773],[-123.0407323784455,45.847370947727072],[-123.04123702681929,45.847694709764404],[-123.04160568193717,45.847963736301665],[-123.04113024497977,45.848564962132862],[-123.0410728174803,45.84887441754065],[-123.04102358261619,45.849139742235536],[-123.04105844084248,45.849628359126037],[-123.04110895311091,45.850172037350092],[-123.04130806199869,45.850490900071875],[-123.04147285344597,45.850784334904326],[-123.0415232354587,45.850874046876619],[-123.04143631267517,45.851596132945041],[-123.04128583588192,45.852374994970681],[-123.04076491003519,45.853143402924232],[-123.04026110248451,45.853403602384837],[-123.03942521921434,45.853624809447908],[-123.03912264237212,45.853675419955614],[-123.0386644548648,45.853752055150835],[-123.03814514329065,45.854058047417837],[-123.03792712576445,45.854316364983688],[-123.03759849059249,45.854705747029435],[-123.03718922264062,45.855210192851814],[-123.03682754473755,45.855904995167606],[-123.03661108489005,45.856831015209707],[-123.036475530012,45.857141822287446],[-123.03588711373796,45.858179428038262],[-123.03547943041427,45.859120795814164],[-123.03541754098276,45.859311052007634],[-123.03511552289265,45.859718082363045],[-123.03489542307166,45.860015514261079],[-123.03452660625702,45.8602951019475],[-123.03411169329189,45.860616178156022],[-123.03400241054264,45.86068539928457],[-123.03386581092391,45.860847892712911],[-123.03378896813618,45.860939301313572],[-123.03387112535712,45.8616023282203],[-123.03403487386038,45.86182895834262],[-123.03406819776417,45.861875077239226],[-123.03450317549947,45.862447392659448],[-123.03465370259835,45.862617338357083],[-123.03492047618661,45.862918521907069],[-123.03513560113758,45.863101914549929],[-123.03521769188318,45.863187574895889],[-123.03542882831429,45.863655449973074],[-123.03549631155508,45.863805180250978],[-123.03556071177782,45.863948069683317],[-123.03546201747079,45.864107165580556],[-123.03525846910887,45.864286672132515],[-123.03511857177475,45.864410042554688],[-123.03479648172794,45.864897124065244],[-123.03474758912198,45.865285977252832],[-123.03478025096739,45.865387608617496],[-123.03490083272628,45.865762802332853],[-123.03478551239999,45.866143855359553],[-123.03466083701836,45.866544424055377],[-123.03460034356881,45.866738781424431],[-123.03455307871015,45.86716453172388],[-123.03478570553779,45.867344179778605],[-123.03499346160848,45.867456366707088],[-123.03524607415459,45.867592777064992],[-123.03556078723629,45.867835284514392],[-123.03607883937244,45.868056514858246],[-123.03630171768263,45.868151690923732],[-123.03648853312576,45.868181885417982],[-123.03700726887982,45.868265723968165],[-123.03771445590912,45.868416650303729],[-123.0380976565481,45.868713071769236],[-123.03850849745002,45.869036595098521],[-123.03893785712155,45.869479747771443],[-123.03916751681382,45.869890283349619],[-123.03884274888914,45.8699990330934],[-123.03860746753982,45.870077816853261],[-123.03827516454656,45.870334294884785],[-123.03806156673156,45.870883672053473],[-123.03778316445197,45.871462149436184],[-123.03780072112588,45.871858800042538],[-123.03801745316288,45.871944066612294],[-123.03837916789688,45.872086369705379],[-123.03874714927831,45.872336951009082],[-123.03901316738337,45.872672834787586],[-123.03907566138109,45.873188547097691],[-123.03908689122044,45.873442140593468],[-123.03910098938051,45.873760461469082],[-123.03912468424275,45.874295478480207],[-123.03881210196491,45.874699262578794],[-123.03800762289875,45.875039805293902],[-123.03767515012387,45.875591747094703],[-123.03785343965663,45.876133199536525],[-123.03793477312247,45.87638019960464],[-123.03803906034042,45.876645710773161],[-123.03794770077772,45.876970846510837],[-123.03764710472072,45.87730021496106],[-123.03756947231385,45.877385277430989],[-123.03762669050589,45.877578312943598],[-123.03767825020992,45.877752256842385],[-123.03793353075241,45.878143773715408],[-123.03803359948182,45.878612506646142],[-123.03804707690603,45.878916911826956],[-123.03761233093606,45.879249463196935],[-123.03726335610942,45.879727893282457],[-123.03719540215145,45.880283353134104],[-123.03713983596123,45.880820079004465],[-123.03713089592753,45.880830713335527],[-123.03692633336766,45.881073984125521],[-123.03662608945027,45.881459027027645],[-123.03622018119756,45.881846348550845],[-123.03579356498092,45.882363381511496],[-123.03508044547746,45.882978924048487],[-123.03496656964212,45.883692335673366],[-123.0350894358168,45.883856901106277],[-123.03516331236747,45.883955853369486],[-123.03527917797113,45.8841841832933],[-123.0354844933192,45.884641413745918],[-123.03548228795518,45.884681939599602],[-123.03545532412363,45.885177566622389],[-123.03511950602262,45.885655702415512],[-123.03470646604488,45.88618166929561],[-123.03423267839437,45.886828974036654],[-123.03393891133017,45.887361598540885],[-123.0338639828523,45.887760239126841],[-123.03400667664194,45.887997224231135],[-123.03409031069319,45.8881247776905],[-123.03412009703138,45.888170210094415],[-123.03421485042925,45.888519026471911],[-123.03457215623182,45.888825249449596],[-123.03469797427049,45.888979498302547],[-123.03486530615343,45.889474479847571],[-123.03493079064269,45.889759295387009],[-123.03492898502898,45.889776059973386],[-123.03504556479328,45.889934852469132],[-123.03534358268541,45.890179887893133],[-123.03559915697701,45.890325651359845],[-123.03601208286869,45.890600384676667],[-123.03616061840263,45.890774929316848],[-123.03622826873006,45.891079802448772],[-123.03632497596367,45.89137432045613],[-123.03681924340601,45.891706190150359],[-123.03713384689325,45.891839329748997],[-123.03749263491602,45.892000760482418],[-123.03764911604861,45.89211964833104],[-123.03768091910462,45.892143810641414],[-123.03830506317415,45.89261799815359],[-123.03860636620529,45.89301979592868],[-123.03865638260369,45.893086495178459],[-123.03913773317058,45.894158105678855],[-123.04030175394605,45.894782160398343],[-123.04048842296378,45.894895063442732],[-123.04148508311026,45.895497859343976],[-123.04166052408526,45.895603968776157],[-123.04154926863562,45.896356564616383],[-123.04122687495827,45.896908470961144],[-123.04108836821618,45.897145573953104],[-123.041093635937,45.897381853197615],[-123.04110926662294,45.898082861513515],[-123.04070608385884,45.899149519369367],[-123.04070241244426,45.89915923370917],[-123.04063306340261,45.899925348370751],[-123.04103199623714,45.900730884486435],[-123.0410642727053,45.900796058509819],[-123.04148207195742,45.901364095442318],[-123.04185667392248,45.901889784796573],[-123.04189510744361,45.902067371449881],[-123.04214258342292,45.90321085858541],[-123.04265788042606,45.904239869353162],[-123.04280011607489,45.904523895307506],[-123.04283465450094,45.905302188949406],[-123.04252735252037,45.905828195437415],[-123.04226837091888,45.906511848777619],[-123.04225014140683,45.906998994448159],[-123.04224946138214,45.907017191491583],[-123.04278223960077,45.907380762943312],[-123.04279950971208,45.907769910165861],[-123.04254378270691,45.908303192045594],[-123.0424779433831,45.908440489090374],[-123.04226350384667,45.908553543128448],[-123.04151584322223,45.908947705017923],[-123.04148837633407,45.908962184886128],[-123.04116532688656,45.90913249150438],[-123.0409678816787,45.909306413481524],[-123.03987248680103,45.910271275996912],[-123.03953150248884,45.910971117783291],[-123.03915560245819,45.911815978408946],[-123.03885781273814,45.912558165630394],[-123.0386290953786,45.912992616776677],[-123.03834310053821,45.913535857800959],[-123.03771896455355,45.91390999392825],[-123.03671931391548,45.914205668327313],[-123.0364384556419,45.915135843115856],[-123.03639485770623,45.915280231748412],[-123.03560270891563,45.91606192189591],[-123.0356914498893,45.916665922907278],[-123.03547555148887,45.917391903978952],[-123.03503676579507,45.918040334188063],[-123.03500993311754,45.918079988244351],[-123.03499448748454,45.918159784353719],[-123.0348580819019,45.918864558032404],[-123.03482487298248,45.919036127255055],[-123.03500347423063,45.919136159218191],[-123.0359906284048,45.919689039602176],[-123.03609620470519,45.919766211206031],[-123.03673828902922,45.920235547780038],[-123.03795177733247,45.921031676088177],[-123.03887900489401,45.921807161161773],[-123.03896070397414,45.921875488071166],[-123.03978975016673,45.922391367268894],[-123.04120811633851,45.922678111114507],[-123.04263307524613,45.92264731259425],[-123.04398967775056,45.922473710503183],[-123.04473633136355,45.922529688660198],[-123.04390481300733,45.92335556362876],[-123.04344564723469,45.92418780442005],[-123.04289554051428,45.9248344649383],[-123.04218851608002,45.925672059839506],[-123.04149381114158,45.926321837942233],[-123.04095155839167,45.926923076673987],[-123.0408435925726,45.927042782023101],[-123.04092468439163,45.927184579065795],[-123.04120218027109,45.927669799990014],[-123.04225787859635,45.928166338000032],[-123.04307744396941,45.928466002818958],[-123.04408371249617,45.928314402342316],[-123.04532677064361,45.928374067973571],[-123.04584616037121,45.928896606721011],[-123.04714257575159,45.929690846892107],[-123.04817578475374,45.930144541751275],[-123.04943428314425,45.93055006482502],[-123.05031845175928,45.930905985750698],[-123.05090501031734,45.931542457540509],[-123.05143695669594,45.932632740857876],[-123.05158757811799,45.932941447077582],[-123.05179263295462,45.933831437595686],[-123.05196775862096,45.934023988284046],[-123.05242311913003,45.934524654055757],[-123.05333883657784,45.934829659305883],[-123.05437495971474,45.935174755788445],[-123.05442570913843,45.935183318651646],[-123.05596427977667,45.935442893481287],[-123.05604159058666,45.935455935134407],[-123.05735778507294,45.935297491492356],[-123.05799368808952,45.934086229303283],[-123.05810092267996,45.933881965066206],[-123.05899589802783,45.93374881070627],[-123.06003158548185,45.933594712465613],[-123.06026431920903,45.933497199411555],[-123.06072162367241,45.933305588428617],[-123.0620880950685,45.93334796683299],[-123.06286201434702,45.933547505392802],[-123.06368499152153,45.933919087489663],[-123.06418394277979,45.934441992587743],[-123.06518509899425,45.93509821038009],[-123.06668977529854,45.93591655248543],[-123.06695278314911,45.936146934070543],[-123.0678949892197,45.93697223833982],[-123.06907891037368,45.937552301486583],[-123.06989232408364,45.938169300723388],[-123.07040239648514,45.938559105397232],[-123.07079161942977,45.938856549440011],[-123.07138102295227,45.939088919128395],[-123.0726288754084,45.939249181704319],[-123.07407366462593,45.939650372737063],[-123.0749756252735,45.940395238656443],[-123.07511089718221,45.940704509489102],[-123.07534439178244,45.941238331311752],[-123.07623610983913,45.942214235660813],[-123.07690191058498,45.9432239351856],[-123.07763999067694,45.944001222594615],[-123.07878413443014,45.94461091666259],[-123.07899671086064,45.944835759010232],[-123.07901375908811,45.944853791233051],[-123.07930527497422,45.945162124595448],[-123.08012150580093,45.945836699661996],[-123.08041047855647,45.945950883048077],[-123.08109003969588,45.946219396501803],[-123.08200566551551,45.946312531032262],[-123.08237959643905,45.946428404925889],[-123.08267227115189,45.94665683273692],[-123.08297208208134,45.946870985141096],[-123.08323620294452,45.947049444117162],[-123.08367164421053,45.947242180640075],[-123.08409994746327,45.94727787249213],[-123.08457108059211,45.94727787249213],[-123.08503507570772,45.947235041892156],[-123.0854341181367,45.94716272618011],[-123.08696166015824,45.947100296837476],[-123.0874736019538,45.947350956331313],[-123.08784197320405,45.947531316960216],[-123.08806138850882,45.947638746044099],[-123.08826103728408,45.947892774121449],[-123.08835832393105,45.948016556625142],[-123.08857706460103,45.948294871995685],[-123.08876356832876,45.948532168965997],[-123.08880185452618,45.948564846907047],[-123.08953798527394,45.94919317179825],[-123.08962873847383,45.949341894537852],[-123.09000706754901,45.949961878014953],[-123.09047225023743,45.950644109468769],[-123.0910116095138,45.951137160276708],[-123.09107020212818,45.951158834207845],[-123.0921895326166,45.951572865748211],[-123.09315106324557,45.951796929129848],[-123.09450517472172,45.952012330788016],[-123.09510656805836,45.952503995397549],[-123.09548020702942,45.952812632210296],[-123.09554556395791,45.952866617400694],[-123.09592308904091,45.953178456760661],[-123.0967189658399,45.953853368329966],[-123.09675272452827,45.953886126822475],[-123.09764930067401,45.954756129637985],[-123.09877770684176,45.955378377659315],[-123.09941011361525,45.955727100244964],[-123.10009256373658,45.956363228434675],[-123.10016604952008,45.956431724484752],[-123.10113453310939,45.957261484901714],[-123.10224245229873,45.957972741138889],[-123.10314607033796,45.95828456488109],[-123.10424288724873,45.958750797810232],[-123.10549978843471,45.959098065359427],[-123.10568273573222,45.95909401558459],[-123.10651233349037,45.959075643279398],[-123.10758524623141,45.959470243710129],[-123.10843808789754,45.960028402886394],[-123.1092401208512,45.960832932943283],[-123.11002114670194,45.961176277699316],[-123.11103672985988,45.961673103926174],[-123.11232793950317,45.962075242326172],[-123.11246366236618,45.962117510693787],[-123.11357363869755,45.962529718786485],[-123.1135999853865,45.962539503209548],[-123.1135737411055,45.962580526081396],[-123.11329105206538,45.96302243655596],[-123.11293722184462,45.963881456462005],[-123.11284453457193,45.965023205846464],[-123.11279147288474,45.965673574368381],[-123.1126922018593,45.966671204041091],[-123.11236849125173,45.967284299556781],[-123.11213533711299,45.968068501759497],[-123.11218230822257,45.968226818651537],[-123.11215856035973,45.968695637121684],[-123.11219425222259,45.969659318760861],[-123.11219425222259,45.970313670568856],[-123.11228943142189,45.9705873080649],[-123.11252737717436,45.970837152068455],[-123.11257496722317,45.971051302817735],[-123.11245779457074,45.971204162508982],[-123.11225938277563,45.971239560470551],[-123.11105732014448,45.971194098660121],[-123.11006128612378,45.971129631669839],[-123.10906919570715,45.971151624939615],[-123.10880109710385,45.971651407247592],[-123.10863060764271,45.971969223197561],[-123.10883406168153,45.972801444281977],[-123.1091087296645,45.973834054697456],[-123.1089309431883,45.974472753804363],[-123.10838437762669,45.975191757681095],[-123.108075023894,45.976121896119452],[-123.10798397694502,45.976387633890177],[-123.10769151603121,45.977241220700755],[-123.10755561260682,45.978012837106029],[-123.10754356799552,45.978081223362892],[-123.10833401627525,45.978626338329747],[-123.10948371341354,45.979203329979512],[-123.10971050927667,45.979317147472578],[-123.11026731563251,45.97969876850005],[-123.11060764058125,45.979932013834159],[-123.11141815812276,45.980462238003781],[-123.1130982331812,45.981002011659882],[-123.11442914566511,45.981145578368825],[-123.11488357911284,45.980802081469619],[-123.11510923321727,45.980631511723551],[-123.11555012276546,45.980298240504602],[-123.11558925876912,45.980268657554873],[-123.1156145831753,45.980261470624804],[-123.11669235400541,45.979955617290059],[-123.11721891049234,45.979781473600909],[-123.11730168665251,45.979797541175017],[-123.11751082253551,45.97986107668342],[-123.11790718618832,45.980028850926018],[-123.11831482908784,45.980165334343681],[-123.11882472362288,45.980374266553085],[-123.11907308803599,45.980455973729484],[-123.11932134644793,45.980483035888774],[-123.12037941632555,45.980472823283613],[-123.12265239923444,45.980488627226883],[-123.1233576737505,45.98043322819656],[-123.12407598821127,45.980368704542855],[-123.1247289448452,45.980286032155661],[-123.12480688178094,45.98027065950766],[-123.12561221424662,45.980435059100891],[-123.12628627769649,45.980694124896822],[-123.12719898848303,45.981193111334697],[-123.12794699855213,45.981710192783126],[-123.12862623629802,45.982531759377984],[-123.12917946915564,45.983312856222909],[-123.12977406494051,45.98409302696809],[-123.13060747874198,45.984665890649119],[-123.13185106599714,45.985157447765445],[-123.13267294902363,45.985229173346809],[-123.132768638466,45.985237524368102],[-123.13343020365529,45.985295254927166],[-123.13407251255819,45.984862521135184],[-123.13430925007657,45.984797744227286],[-123.13465673280152,45.984702662597385],[-123.13527829601122,45.984532583627107],[-123.13659066636936,45.984719598246393],[-123.13781429485552,45.985225966888848],[-123.13911931070645,45.985701646048618],[-123.14083848673425,45.986182448743875],[-123.14246434756697,45.986434498757006],[-123.14353868683268,45.986843175342038],[-123.14449501531787,45.986937111065188],[-123.14570276787801,45.987097522404873],[-123.14676980923038,45.987347642078554],[-123.14715312395536,45.987574167914126],[-123.14766346225817,45.98787575422979],[-123.14812430428714,45.988442447091792],[-123.14851781219566,45.988908885574745],[-123.14891262355965,45.989376859261391],[-123.14917674981274,45.990164369859507],[-123.14937885637863,45.990953276029025],[-123.15078149125314,45.991744013342398],[-123.15096664840625,45.991710266791685],[-123.15213606087009,45.991497115260586],[-123.15294307408367,45.991493363686388],[-123.15341308072516,45.991527114114078],[-123.15359202243479,45.991539963449497],[-123.15388321313078,45.991638595792672],[-123.15420682043208,45.991857506103749],[-123.15498728393744,45.992143040045136],[-123.15571063974359,45.99248568269978],[-123.15659580009867,45.992875914195274],[-123.15724301290469,45.993018681843566],[-123.15761421025482,45.993056753861552],[-123.15809742213098,45.992965672554604],[-123.15886637013274,45.993071862709286],[-123.15931014776454,45.993109766807848],[-123.16022458511307,45.993190097148748],[-123.1607198793298,45.993213668115907],[-123.16094940607142,45.993409390759325],[-123.16146660660466,45.993592701344802],[-123.16147017740794,45.993594931234362],[-123.16206909498763,45.993969081466602],[-123.16256831394385,45.994312339398661],[-123.16321970930584,45.99464624394863],[-123.16352694840435,45.995236111205756],[-123.16395708422027,45.995629036146582],[-123.16416449803285,45.995818505185767],[-123.16460306902928,45.996088425771703],[-123.16492387628186,45.996285867529842],[-123.16555353241398,45.996880251087369],[-123.16606282058621,45.99780235501018],[-123.16608684782511,45.99789404553831],[-123.1661659507741,45.998195926958815],[-123.16644364248627,45.99851463956248],[-123.16679701636286,45.99881981749725],[-123.16737990350632,45.999137523688013],[-123.16749071698483,45.999188850916802],[-123.16800743781774,45.999312412112211],[-123.16833438056369,45.999357681725002],[-123.16840766961613,45.999383694387568],[-123.16857890557729,45.999444472300397],[-123.16859318250209,45.999577722816973],[-123.16857890557729,45.999858498682308],[-123.16849324582506,46.000105963513931],[-123.16845517342668,46.000348667227421],[-123.16838379059926,46.000500953691606],[-123.16826481772303,46.000572337398353],[-123.16815060232454,46.000743658168517],[-123.16806018329794,46.000905462225674],[-123.16793645204565,46.001076783212291],[-123.1677556121958,46.001229068296432],[-123.16742186650821,46.001358357063467],[-123.16690480970537,46.001677361581038],[-123.1663581623971,46.001955645766927],[-123.16609637266205,46.002706111335371],[-123.16587277030975,46.003133648211808],[-123.16573045471085,46.00340575449701],[-123.16566017321797,46.004080973875254],[-123.16577954314955,46.004822811714071],[-123.1656674343004,46.005069393270063],[-123.16554880727557,46.005330302394697],[-123.1650343510955,46.005572396044805],[-123.16477731793991,46.005632821486223],[-123.16421120773269,46.005496236134199],[-123.1641080946128,46.005817106757448],[-123.16378649055456,46.006817884192593],[-123.16379731705035,46.007414451331599],[-123.16424501313347,46.007741139004736],[-123.16445420561031,46.007875533799236],[-123.16478699459213,46.008089328534318],[-123.16523662834129,46.008457333663941],[-123.16561800450191,46.00899824189829],[-123.16524318065298,46.00932580992329],[-123.16476889803076,46.009702900356203],[-123.16440176645558,46.010195744343704],[-123.16428440336036,46.010479378706982],[-123.16414261058097,46.010822051944018],[-123.16421348855519,46.011048940261134],[-123.16430207951019,46.011332529072106],[-123.16460188684637,46.011396654773932],[-123.16495994903043,46.011619005669104],[-123.16521041729794,46.012080150414519],[-123.16562041827508,46.012324960233784],[-123.16602938079977,46.012729334899113],[-123.16599429350308,46.013250121390556],[-123.16571295912239,46.013551479818908],[-123.16550964342413,46.013769264079507],[-123.16581667591015,46.014170037232681],[-123.16609527132752,46.014506454008426],[-123.16684026036233,46.0144777714778],[-123.1675638650018,46.014489069561819],[-123.16761259411437,46.014489830669554],[-123.16769236271496,46.014506596248182],[-123.16829779577542,46.014633854522771],[-123.16871822888794,46.014919780624382],[-123.16900696718321,46.015291414783484],[-123.16973144857839,46.015913169893224],[-123.17040255657095,46.016299771370967],[-123.17125916307644,46.016481256261393],[-123.17233081368451,46.016545586849801],[-123.17299193330943,46.01653649569284],[-123.17365012352822,46.016102021115081],[-123.17392568443658,46.015875967642991],[-123.17428722040583,46.015579384325711],[-123.17486287880619,46.015194046724304],[-123.17570871630804,46.014601663483539],[-123.17651272914857,46.014022040029168],[-123.17723882122307,46.013408728963064],[-123.17749407212115,46.012882932986059],[-123.17806176246495,46.012509577574548],[-123.1788542328524,46.012408830662238],[-123.17961512925423,46.012539249977046],[-123.18060421211131,46.012652654544731],[-123.18142248031708,46.012740392523227],[-123.18194257971376,46.012799461310649],[-123.1822716352973,46.013058972056179],[-123.18232126092852,46.013098109588519],[-123.18268106584424,46.013355822806368],[-123.18309752031834,46.013736334502013],[-123.18343286321056,46.01419550952857],[-123.18398931473183,46.014667373734326],[-123.18498382880308,46.015076069540783],[-123.18588460906435,46.015475077092418],[-123.1865698682176,46.015618994197382],[-123.1870701274229,46.015796674625832],[-123.18752538372743,46.016099468359279],[-123.18784370264667,46.016375839050745],[-123.18847007902966,46.016710180013575],[-123.18909188837776,46.016766895205464],[-123.18968161888706,46.016682524209116],[-123.19016688790521,46.016662032504243],[-123.1902910701118,46.016656789176821],[-123.19051731890094,46.016958893234261],[-123.19051716708563,46.016960927546954],[-123.19047564605489,46.017515293982342],[-123.19055759127342,46.017814783905187],[-123.19088801588943,46.01816768908342],[-123.19106121736442,46.018423729311259],[-123.19116802884835,46.018710832911104],[-123.19153941304805,46.018806323347818],[-123.19167457985392,46.018841077668782],[-123.19187778775432,46.019013704258711],[-123.1918767052844,46.019225309425721],[-123.19187612497272,46.019338740830079],[-123.1918272404516,46.019741671266068],[-123.1919322535083,46.020170631596237],[-123.19215408707785,46.020738739099862],[-123.19226785691194,46.021173406798319],[-123.19230272412138,46.021373518019274],[-123.19236786365758,46.021637274509246],[-123.19238148301559,46.021692422084854],[-123.19239704812452,46.021755448531039],[-123.19243405691761,46.021832713217137],[-123.19263222437095,46.022246431693219],[-123.1928568400229,46.022513113858601],[-123.192748535539,46.022671862656793],[-123.19272988831034,46.022699194226099],[-123.1926779468223,46.023037196489561],[-123.19280589117326,46.023412449405861],[-123.19326277522508,46.023927910116562],[-123.19337391030047,46.024126275471254],[-123.19372634184428,46.024585031767856],[-123.1938829747922,46.024734140279804],[-123.19410822465471,46.024948567188154],[-123.19448274936467,46.02533590637119],[-123.19479796640124,46.025724602576098],[-123.19508040391307,46.026137681922748],[-123.19548654123619,46.026533268994804],[-123.19564943723825,46.026691929531516],[-123.19599104677786,46.026920474201674],[-123.19617802751098,46.027000616987181],[-123.19655381615051,46.027161684349323],[-123.19703809612358,46.027357416008464],[-123.197688954293,46.027667511827659],[-123.19808376835194,46.02776483359775],[-123.19857318938332,46.027889533472681],[-123.19908011857964,46.028025646888715],[-123.19967429754624,46.028212940516831],[-123.20011455378214,46.028374215781568],[-123.20057650343385,46.028635443451947],[-123.20091301683085,46.028934999127515],[-123.20104353934667,46.029363364228544],[-123.2010469304869,46.029399580080998],[-123.20107777773542,46.029728939489431],[-123.20125524351306,46.030073502328143],[-123.2016823708711,46.030495068621519],[-123.20214033200294,46.030850925790823],[-123.20234559255378,46.031009031339551],[-123.2024308678271,46.031074714608117],[-123.20275326150443,46.031456663541306],[-123.20287123096249,46.03159642472589],[-123.20310346702303,46.032022456042192],[-123.20335861820809,46.032394779144575],[-123.20366908675008,46.032860375633746],[-123.20386488624436,46.033048204185533],[-123.20388776004643,46.033101863577748],[-123.20391718616021,46.033214814366971],[-123.20444892412971,46.033630594864604],[-123.20485796031623,46.033870492278972],[-123.20559543135039,46.034047452998998],[-123.2060830539546,46.034267076707188],[-123.20653546439634,46.034302850930956],[-123.20717369943938,46.034343586770113],[-123.20798045034489,46.034583569021592],[-123.20841641712533,46.034787974658563],[-123.20876898341648,46.034946103867739],[-123.20924340887085,46.035158886574116],[-123.21001673436295,46.035396832898144],[-123.21079005985507,46.035706162710206],[-123.21114489529063,46.035876668100542],[-123.21170615100205,46.036146362672312],[-123.2119322003652,46.036443794779466],[-123.21198448770463,46.036639870852341],[-123.21202737956449,46.03680071493649],[-123.21211066147617,46.037110043749735],[-123.21227722260457,46.037252811365626],[-123.21270243295778,46.037575942869154],[-123.21285233842249,46.037754402073929],[-123.2128952374689,46.037904038790778],[-123.21289612051281,46.037974264852608],[-123.21326969660183,46.03786243004869],[-123.21354492243854,46.037810535689388],[-123.21355017488806,46.037809552279008],[-123.21437536640971,46.037855546805837],[-123.21487058247303,46.037920957533423],[-123.21555001245839,46.037934848097244],[-123.21638913325685,46.037738238455631],[-123.21704970670608,46.037533922928432],[-123.21778963912415,46.037392770540237],[-123.21870754846125,46.037247508877954],[-123.21935977386654,46.037115928696274],[-123.2197523852564,46.037026699693932],[-123.22006171473461,46.037026699070324],[-123.22020448218609,46.037044545381193],[-123.22040673607566,46.037068340245547],[-123.22066847730169,46.037127826426143],[-123.22094806445914,46.037187312542706],[-123.22124549664973,46.037217055265188],[-123.22149534058812,46.037252748381839],[-123.22178682413488,46.037294388763101],[-123.22236979212671,46.037383617956749],[-123.22256924057766,46.037438784745525],[-123.22284807943848,46.03748441165731],[-123.22309792247856,46.037470134348574],[-123.22346198091712,46.037477273315211],[-123.22371182305889,46.037605764579389],[-123.22391883712116,46.037712839365327],[-123.2242543408118,46.037869884503706],[-123.22479685766639,46.037891299998748],[-123.22543931209633,46.037862745587795],[-123.22579623162335,46.037926991432663],[-123.22603893754849,46.037969821746522],[-123.22648865484096,46.037976960025006],[-123.22690268116889,46.03798409892616],[-123.22717630441119,46.038014174842196],[-123.2275320956542,46.037971316500979],[-123.22815898767016,46.037950896293133],[-123.22876892937504,46.037930866447788],[-123.22955375060783,46.037841781564715],[-123.22988060262396,46.037831397454667],[-123.23023996826349,46.037819976303311],[-123.23079481090211,46.037889848270112],[-123.23130160804605,46.038197191707809],[-123.23147222955951,46.038394146431955],[-123.23172394019709,46.038512401243075],[-123.23229149848855,46.038670606473275],[-123.23276018640318,46.038712919881974],[-123.23286667629023,46.03867504827582],[-123.23316899082438,46.038567531360414],[-123.23391426642173,46.038361155442146],[-123.23465784060997,46.038119358105291],[-123.23524405241828,46.037958028338146],[-123.23577121616636,46.03780397359187],[-123.23580432896603,46.037797836162305],[-123.2362085411995,46.037722912322913],[-123.2366334335491,46.037736681958798],[-123.23697159894793,46.037888373468505],[-123.23721738789112,46.03805993722213],[-123.23740893835411,46.038339122775461],[-123.23759766092057,46.038559283173036],[-123.2378030562187,46.038773147605212],[-123.23819433091545,46.03879967801403],[-123.23832231838553,46.038808355815199],[-123.23864036781019,46.038816766097369],[-123.23879807334652,46.038820936005465],[-123.23922580437244,46.038893722582792],[-123.2395936429217,46.038956079644066],[-123.23996657312202,46.039124683062411],[-123.24043132372078,46.039261603782656],[-123.24106220425661,46.03950102154149],[-123.24138797200619,46.039747533909662],[-123.24180753914281,46.040003681843693],[-123.2421948873034,46.040118758617361],[-123.24272745351961,46.040254094258486],[-123.24304785114043,46.040388454310019],[-123.2433521473581,46.040540916125238],[-123.2436714122033,46.040651666119473],[-123.2437275236709,46.040646367075787],[-123.24416977686168,46.040604607625504],[-123.24466136462958,46.040593159610495],[-123.24505322951946,46.040625397249592],[-123.24554371415616,46.040767607047975],[-123.24590252823008,46.040818338805266],[-123.24656196261554,46.0409447894937],[-123.24693773059381,46.040995122633682],[-123.2474934760393,46.041082621711404],[-123.24780961384901,46.041181769331608],[-123.24798453739439,46.041236628032564],[-123.2484340741255,46.041409326860709],[-123.24893621350472,46.041793523977603],[-123.24914701486423,46.04194224249224],[-123.24940814613416,46.042255240147767],[-123.2498158833568,46.042440727786428],[-123.2500417117344,46.042553521684837],[-123.25026799286289,46.042666542321889],[-123.25074837324925,46.042950785184075],[-123.25126915087398,46.043192719132421],[-123.25133054623208,46.043243867054493],[-123.25155203395023,46.043428386769541],[-123.25178122023034,46.043606218506731],[-123.25201206390216,46.043642191202267],[-123.25246215130055,46.043649407936201],[-123.25283003207063,46.043711725336166],[-123.25314228017518,46.043852158866635],[-123.25348792135381,46.044157264982189],[-123.25411464358817,46.044308075286693],[-123.2544825908336,46.044547658857446],[-123.25466747759381,46.044862428749433],[-123.25486368761817,46.045236022105236],[-123.25512435715405,46.045714474349694],[-123.25540419853473,46.046062477146485],[-123.25557100490323,46.046354030523467],[-123.25576887142097,46.046585767869189],[-123.2559488704477,46.04662292202034],[-123.2564264022763,46.046670845788114],[-123.25696077320791,46.046841530579037],[-123.25778683609542,46.047253567994005],[-123.25816443394194,46.047516548828575],[-123.25850933940035,46.047981203019042],[-123.25902741668931,46.048341348711503],[-123.25927481271856,46.048719648202507],[-123.2595866071739,46.049025529216166],[-123.26008917325284,46.04941557944916],[-123.2605640334918,46.049759003301631],[-123.26080182922564,46.050113886649783],[-123.26083809601027,46.050337582495807],[-123.26116001717379,46.050501404214835],[-123.26184225708937,46.050745420460586],[-123.26222266756108,46.050890142266148],[-123.26276166122311,46.051155236098808],[-123.26325464766786,46.051521862338177],[-123.26380050356038,46.051928608025783],[-123.26407357613539,46.052134932018006],[-123.26456858109461,46.052542868304769],[-123.2650811166766,46.052962207756892],[-123.26525869204869,46.05313807245237],[-123.26538420196525,46.053262369699155],[-123.26557137044625,46.053447069159454],[-123.26563089820689,46.053800216289076],[-123.26572004971064,46.054064033120873],[-123.26581339814338,46.054239115044922],[-123.26570993557885,46.054446027630242],[-123.26568184795487,46.054502201016959],[-123.26557935107925,46.05466414951799],[-123.26546189905081,46.054867811957166],[-123.2654639903288,46.055086398482629],[-123.26552714099495,46.055339007335967],[-123.26559705417854,46.055556001714848],[-123.26572640798622,46.055948873427795],[-123.26583718463378,46.056483998960793],[-123.26593034442031,46.056830447766799],[-123.26610247061194,46.05740549564743],[-123.26644092706488,46.057734370839647],[-123.26668288738834,46.057823236012226],[-123.26714728135595,46.057948244574497],[-123.26757604903769,46.058038634159445],[-123.26823963363975,46.0580703255225],[-123.2687734718704,46.058051880713819],[-123.26945143760182,46.058030046650323],[-123.27004691193903,46.058057419954388],[-123.27052655480861,46.058146602523777],[-123.27074051284802,46.058189890920332],[-123.2714754155988,46.058424467272872],[-123.27243034540707,46.058723412649634],[-123.27320468240219,46.058824237857515],[-123.27431887632382,46.058881349307676],[-123.27530741210687,46.059167577025335],[-123.27624092787539,46.059728878803632],[-123.2774103690853,46.060570302777769],[-123.27832858295129,46.06116765941502],[-123.27908788933509,46.06166162289324],[-123.27957334520283,46.062150132257564],[-123.28007647093222,46.06265012749445],[-123.28060304987703,46.063280508814508],[-123.28097649301537,46.063926402507221],[-123.28120373983278,46.064730492168614],[-123.2812152885741,46.064759435338559],[-123.2815880534844,46.065693728868652],[-123.28166092661687,46.065876374805413],[-123.28187537783137,46.066020596357006],[-123.28193437378935,46.066060271677649],[-123.28235194666601,46.066165876477051],[-123.28237268337604,46.066172700720962],[-123.28296244712301,46.066366781516209],[-123.28331732298274,46.066546324451537],[-123.2833554250255,46.066565601605816],[-123.28351532065449,46.066666062215177],[-123.28378175108628,46.066833453567888],[-123.28433710666295,46.067161641860714],[-123.28467853025127,46.067411994112973],[-123.28506573827472,46.067739274619029],[-123.28548948527234,46.068241218006321],[-123.28577021508683,46.068683153741482],[-123.28584791217237,46.068983612900666],[-123.28604611196509,46.069456752611359],[-123.28607528924553,46.069527662764116],[-123.28625273526022,46.06995894712437],[-123.28649754503978,46.070382226491319],[-123.28664664381738,46.070710252212827],[-123.2869110242937,46.071103813820827],[-123.28719640109315,46.071496878412638],[-123.28743355812479,46.07149592302347],[-123.28769367609512,46.071494875398329],[-123.28824859329389,46.071525637925724],[-123.28905517172285,46.071545567716633],[-123.28978063856989,46.071625921240198],[-123.29020641576005,46.071737740663416],[-123.29039252692401,46.071962496869162],[-123.29052313927134,46.072198316586181],[-123.29077165460144,46.072553239576635],[-123.29086399422614,46.073009372768496],[-123.29105049256394,46.073385266636151],[-123.29135442586222,46.073870520793584],[-123.29146419460005,46.074253105534375],[-123.29146019440211,46.074457981343642],[-123.29148823261875,46.074744984552538],[-123.29168135603179,46.074969572094332],[-123.2920846483904,46.075194059637504],[-123.29255673014019,46.075392537592151],[-123.29297187936223,46.075572859419744],[-123.29341874450367,46.075971836553009],[-123.29374078783808,46.076110479342475],[-123.29408573102572,46.07628758455823],[-123.29441382271693,46.076406578947967],[-123.2946648515332,46.076668795929663],[-123.29486975814783,46.076990613199854],[-123.29486894157924,46.077005515287112],[-123.29484754999736,46.077395824656975],[-123.29505874392066,46.077702865406444],[-123.29528608056961,46.078053405339148],[-123.29561234508755,46.07842110175342],[-123.29598116280049,46.078656144864873],[-123.29616922780016,46.078919849788264],[-123.29631435063432,46.079165070831209],[-123.29665693754096,46.079293468862694],[-123.29704135449879,46.079274599940327],[-123.29764001156708,46.079338411904182],[-123.29815175034341,46.079487170773717],[-123.2986957781643,46.079722923442354],[-123.29897316355098,46.07995037452379],[-123.29931711499856,46.080249382172347],[-123.29977137237648,46.080511638842673],[-123.30010332053521,46.080708539269686],[-123.30033397556083,46.080803151795038],[-123.30050823075963,46.080938692449507],[-123.30073428012278,46.0810041275546],[-123.3009930461286,46.081102280689827],[-123.30113283925814,46.081120126469074],[-123.30126371032031,46.081155818010231],[-123.30139457958586,46.081149870460131],[-123.30156762385568,46.081061936994558],[-123.30181680034579,46.080931133516557],[-123.30194742347297,46.08088173778652],[-123.30235334879364,46.08072823394707],[-123.30268950376288,46.080725120260595],[-123.30316627561676,46.080874688549315],[-123.30343794771824,46.080985248001284],[-123.3036038638563,46.08122509181112],[-123.30357991297417,46.08144251034939],[-123.30345995284945,46.081660263882185],[-123.30330766684922,46.0817602010302],[-123.30297454279579,46.081888692095177],[-123.30284862414577,46.082028602350846],[-123.30284605226913,46.082031459871168],[-123.3027984622203,46.082155191727878],[-123.30277942691943,46.082378861826918],[-123.30281274004344,46.082583494994061],[-123.30293171291967,46.082678673184539],[-123.3030014158975,46.082713525663173],[-123.30309351567202,46.082759575638967],[-123.3032044818641,46.082794834942803],[-123.30330166430649,46.082919275406006],[-123.30366282657656,46.08313984941892],[-123.30374121087334,46.083270227702933],[-123.30385357035242,46.083457111616099],[-123.30412471424452,46.083699327329043],[-123.3043635601089,46.083854548199199],[-123.3046883046774,46.084046730620877],[-123.30497949447503,46.084268964972189],[-123.30523760560899,46.084530990692883],[-123.30523963669984,46.084857615780834],[-123.30526051085209,46.085139910632307],[-123.30537260712482,46.085424911849813],[-123.30579738359177,46.085370926331436],[-123.30628673904616,46.085340038810401],[-123.30629334346014,46.085339623853102],[-123.30630054884703,46.085340491774346],[-123.30693478279382,46.085417000257515],[-123.30739257953397,46.08546461247446],[-123.30791067838251,46.085598551014797],[-123.30859627260733,46.085718747758492],[-123.30909798349016,46.08580431429715],[-123.30942669681555,46.085796485002383],[-123.30962989663114,46.085791645742532],[-123.31014345090264,46.08583304330098],[-123.31054377612587,46.085994155975079],[-123.31070201885473,46.086219543209623],[-123.31067057063328,46.086434824953031],[-123.31079344938435,46.086655127592735],[-123.3108396488411,46.086737966241706],[-123.31097641824142,46.086954114480797],[-123.31146951338236,46.087162196640449],[-123.3115560453987,46.087198713536495],[-123.31211899623106,46.087531469686112],[-123.31321604670383,46.087895367247569],[-123.31347529061335,46.087968021242858],[-123.31384132714217,46.088070606049129],[-123.31450160863893,46.088245005700621],[-123.31518885935714,46.088282592861219],[-123.31524639914605,46.088285739764586],[-123.31606622682716,46.088427069244865],[-123.31644171093782,46.088642398444904],[-123.3168090015148,46.088853025500299],[-123.31734887013593,46.089001030408276],[-123.31802109742932,46.088707056228003],[-123.3186404489868,46.088477724826333],[-123.31912438041351,46.088344266775849],[-123.31985789886046,46.088014685500227],[-123.32023207592235,46.087503539674174],[-123.32036919386903,46.087300355249518],[-123.32067503159571,46.086966367200333],[-123.32099318163168,46.086597952665727],[-123.32140786642469,46.086197974490908],[-123.32198708934013,46.086149987830836],[-123.32252768739326,46.086171182738546],[-123.32307528422081,46.086192207545665],[-123.32365810309228,46.086358658688518],[-123.3241557041827,46.086412179693333],[-123.32432409607762,46.086430294157289],[-123.32484684999598,46.086594104740598],[-123.32486350655796,46.086684523433476],[-123.32485007674447,46.086712552300988],[-123.32480877849591,46.086798737848561],[-123.32472073910651,46.086891536847766],[-123.32466839068162,46.087136621528096],[-123.32475762033881,46.08726868191274],[-123.32492894253821,46.087315080725041],[-123.32508955592112,46.087343634491845],[-123.32534296796781,46.087422156339862],[-123.32566020711209,46.087469628512373],[-123.32578792778257,46.087511386794638],[-123.3259485411655,46.087666051162167],[-123.32616566666461,46.087737434474306],[-123.32640063809514,46.087832613741526],[-123.32661181584878,46.087892100077148],[-123.32678135309573,46.087957535657502],[-123.32704257509548,46.088057237731086],[-123.3272647895507,46.088101614777734],[-123.32771402354955,46.088149261436158],[-123.32807570235093,46.088196851358056],[-123.32834220195301,46.088344377051264],[-123.32839930965223,46.088601359363466],[-123.32857539022773,46.088815510375689],[-123.32876098755533,46.088872617587242],[-123.32896857653938,46.088901162448551],[-123.32954027606428,46.088684828079323],[-123.32973915049179,46.088597169538879],[-123.3299293346172,46.088334191835635],[-123.32995588073217,46.088319317729081],[-123.33028387540531,46.088135529912186],[-123.33090969034127,46.088037624794602],[-123.33138683409771,46.088050550767193],[-123.33175561587804,46.088139213250543],[-123.3322433840093,46.088225017145987],[-123.33263943415011,46.088156997565953],[-123.33282520664915,46.088103695690762],[-123.33289839329368,46.08800938165539],[-123.33322975036097,46.08776738610554],[-123.33365137553785,46.087649991243751],[-123.33428782383181,46.087907741871888],[-123.33462259719214,46.088004064726448],[-123.33467881645755,46.088020239802148],[-123.33498003055547,46.088159273484408],[-123.33539200962286,46.088129867838134],[-123.33567485946142,46.08804018045781],[-123.33592020823016,46.087972879625731],[-123.33610348071778,46.087922608613084],[-123.33647733348791,46.087972127629335],[-123.33678385662914,46.088076898010698],[-123.33708602743283,46.088094010722109],[-123.33731170848671,46.088264109551112],[-123.33741407061504,46.088490808320756],[-123.33746188973421,46.088748074048112],[-123.33745962238645,46.088795692735246],[-123.3374481715615,46.089036073897084],[-123.33761715724289,46.089334306493292],[-123.33791283861697,46.089502721234062],[-123.33815928333033,46.089667442879382],[-123.33856237805958,46.089882029596041],[-123.33890609055526,46.090029782540427],[-123.33938448835981,46.090208421770377],[-123.33982258774076,46.090422160346144],[-123.34009488506965,46.090683773072435],[-123.34047341267249,46.091108601102469],[-123.34070202492914,46.091337132235672],[-123.34107883854645,46.091586473979802],[-123.34157561678003,46.09185242588449],[-123.34182089997172,46.092134187177251],[-123.34185017157525,46.092178952176383],[-123.34209397164842,46.092551799922859],[-123.34228929413729,46.092815261504022],[-123.34241810626081,46.093022814453668],[-123.3424264390334,46.093036241373596],[-123.34293820925075,46.093023909015962],[-123.34295841415812,46.093023421851662],[-123.34339506006491,46.093066532138963],[-123.34390291632258,46.093132300477031],[-123.34441850078663,46.093212509809227],[-123.34479773266865,46.093369141099103],[-123.3449730415913,46.093652582878839],[-123.34497549848359,46.093746215086533],[-123.34498084345955,46.093949817446834],[-123.34497415999381,46.094237648723109],[-123.3451018923424,46.094410095217874],[-123.34556925793694,46.094647487273257],[-123.34589800719495,46.094634679962006],[-123.34593370804097,46.094629349343755],[-123.34648235320245,46.094547444519712],[-123.34740620399684,46.094505036837973],[-123.34786070212324,46.09461595956607],[-123.34813695563268,46.094677172265776],[-123.34832576084418,46.094719007944207],[-123.34892130884323,46.094803665962083],[-123.34943528622124,46.094570318178739],[-123.34975352788537,46.094364552087391],[-123.35038932669738,46.094158731653856],[-123.35093914146533,46.093985457080301],[-123.35153878308718,46.093932871637136],[-123.35167772641047,46.093802061298611],[-123.35182116220852,46.093667019471631],[-123.35209944411389,46.0935383976067],[-123.3524652219279,46.093407659219743],[-123.35256069218134,46.09340372704601],[-123.35291325847246,46.093389206283561],[-123.35314264328028,46.09359697261943],[-123.35335167765362,46.093835706922725],[-123.35362215319915,46.093989150618299],[-123.35398878351438,46.094094556826093],[-123.35441238139165,46.094244294444572],[-123.35485595420759,46.094355455043797],[-123.35509400596125,46.094517299716294],[-123.35522687128335,46.094765491440356],[-123.35545741312124,46.094996081844251],[-123.35578743349537,46.09502618527123],[-123.3562671518234,46.09498409628516],[-123.35649734780991,46.094954518605334],[-123.35677853935846,46.094918386221039],[-123.35714545623624,46.094810459877934],[-123.35799475315025,46.094713702252243],[-123.35866943014948,46.094628788685057],[-123.35927250064071,46.094644647226239],[-123.3596228714493,46.094643771975917],[-123.36001927911956,46.094687490868054],[-123.36046210453718,46.094783411914726],[-123.36088789250711,46.094887581292113],[-123.36097207812398,46.094908177301335],[-123.36144924433826,46.095033735420486],[-123.36192069008085,46.095045154084772],[-123.36222783934785,46.09502976785457],[-123.36251054006608,46.095015605093401],[-123.36278702264592,46.095069844680062],[-123.36321930004547,46.095173629157529],[-123.36368286307142,46.095246178877765],[-123.36381634643445,46.095342956126402],[-123.36387604846821,46.095386240271218],[-123.3640983617381,46.095670343838705],[-123.36424919606083,46.095620971896004],[-123.36483523090104,46.095515319428067],[-123.36551817329917,46.095376836906887],[-123.36598313140877,46.09525888388368],[-123.36655936922247,46.0951763159321],[-123.36720375862356,46.094924484909697],[-123.36779475036752,46.094917737106243],[-123.36818772647338,46.094892944901815],[-123.36829155375392,46.094852117291083],[-123.36872464592544,46.094681809532076],[-123.36922660743824,46.094646747203988],[-123.36971834971632,46.094803107796913]]]},"properties":{"huc8":"17100202","name":"Nehalem","areasqkm":2213.8800000000001,"areaacres":547061.33999999997,"states":"OR"}}]}